"","possession_team_name","player_name","position_name","player_name_gk","period","minute","second","duration","under_pressure","play_pattern_name","shot_technique_name","shot_body_part_name","shot_outcome_name","location_x","location_y","location_x_gk","location_y_gk","dist_to_goal","dist_to_keeper","angle_to_goal","angle_to_keeper","angle_deviation","avevelocity","dist_sgk","density_incone","attackers_behind_ball","defenders_behind_ball","defenders_in_cone","in_cone_gk","time_in_poss","time_to_poss_end","goal","xg_glm"
"1","Tunisia","Youssef Msakni","Left Wing","Kasper Schmeichel",1,2,2,0.338598,FALSE,"From Goal Kick","Normal","Right Foot","Blocked",92.6,52,117.3,39.6,29.9125391767399,2.72946881279124,113.651313326642,81.5730309785194,32.0782823481228,28.4044561126636,27.6378363842035,0.103511682340756,3,5,1,1,22.754,0.457999999999998,"0",0.023761745406906
"2","Tunisia","Issam Jebali","Center Forward","Kasper Schmeichel",1,4,10,0.105592,FALSE,"Regular Play","Normal","Left Foot","Blocked",114,54.8,118.9,43.8,15.9699718221417,3.95600808897049,157.93210043759,163.855661219717,5.92356078212683,15.2999227416883,12.0420097990327,0.451753951452627,1,2,1,1,17.839,99.625,"0",0.205137780607759
"3","Tunisia","Mohamed Dräger","Right Wing Back","Kasper Schmeichel",1,10,46,0.136106,FALSE,"From Throw In","Normal","Right Foot","Blocked",93.4,44.5,115.7,39.8,26.9779539624487,4.30464865000617,99.6019825761851,87.3369992339327,12.2649833422524,34.8121544692581,22.7899100480893,0.184396421121473,4,7,1,1,7.74000000000001,1.19000000000005,"0",0.0180572620487609
"4","Tunisia","Youssef Msakni","Left Wing","Kasper Schmeichel",1,11,47,0.970357,FALSE,"From Corner","Normal","Head","Off T",114.7,29.6,118.6,39,11.6726175299288,1.72046505340853,27.0040907027596,54.4623222080257,27.4582315052661,15.2343521295795,10.1769347054995,0,0,4,0,1,0.949000000000069,0.969999999999914,"0",0.173099419420206
"5","Denmark","Kasper Dolberg","Left Center Forward","Aymen Dahmen",1,22,5,0.013816,FALSE,"From Corner","Volley","Right Foot","Blocked",115.3,32.5,118.2,36.9,8.85098864534353,3.58468966578698,32.0740008752941,30.1413855520753,1.93261532321877,106.86756702543,5.26972485050216,0,0,1,0,1,8.8710000000001,3.44000000000005,"0",0.210733944914987
"6","Denmark","Joachim Andersen","Right Center Back","Aymen Dahmen",1,22,9,0.956656,FALSE,"From Corner","Half Volley","Left Foot","Saved",99.7,30.3,118.7,37.7,22.4984443906684,2.64196896272458,64.4600124352861,29.4758890032457,34.9841234320404,21.4886408159802,20.3901937214927,0.457821421745995,5,9,4,1,12.3110000000001,0,"0",0.0231784422721419
"7","Denmark","Pierre-Emile Højbjerg","Right Center Midfield","Aymen Dahmen",1,32,58,1.098524,FALSE,"From Corner","Normal","Right Foot","Saved",95.4,19,118.8,39.5,32.3443967326645,1.3,49.5139884580013,67.3801350519596,17.8661465939584,27.2755172231843,31.1096448067155,0,7,10,0,1,7.10199999999986,0,"0",0.0242864415419839
"8","Tunisia","Yassine Meriah","Center Back","Kasper Schmeichel",1,38,12,0.308007,FALSE,"From Corner","Half Volley","Right Foot","Blocked",111.4,49.3,118.8,42.9,12.666885963014,3.13847096529504,137.239475937952,157.520565602897,20.2810896649449,3.67319849840579,9.783659846908,1.06260357781512,3,6,3,1,1.42700000000013,2.0590000000002,"0",0.0563507282662762
"9","Tunisia","Aïssa Bilal Laïdouni","Left Defensive Midfield","Kasper Schmeichel",1,38,14,0.457712,FALSE,"From Corner","Normal","Right Foot","Off T",115,52.2,118.6,42.9,13.1848397790796,3.22024843762093,157.714412353167,154.230672375661,3.48373997750602,19.6933403289841,9.9724620831568,0,1,3,0,1,3.02800000000025,0.458000000000084,"0",0.190164653072614
"10","Tunisia","Issam Jebali","Center Forward","Kasper Schmeichel",1,42,0,0.240168,FALSE,"From Throw In","Lob","Right Foot","Saved",112,44.9,115.1,43.2,9.38136450629651,5.85234995535982,121.487469364214,123.146995832256,1.659526468042,12.4981937808564,3.53553390593273,0,0,0,0,1,4.49099999999999,0.239999999999782,"0",0.214460622889993
"11","Tunisia","Ellyes Joris Skhiri","Right Defensive Midfield","Kasper Schmeichel",1,42,47,1.034336,FALSE,"From Corner","Half Volley","Left Foot","Off T",99.8,40.9,112.8,38.2,20.2200395647486,7.42159012611179,92.5510950890011,75.9637565320736,16.5873385569275,19.5533533864541,13.2774244490413,0.30222974213757,6,10,4,1,3.7470000000003,1.03399999999965,"0",0.0276264241288423
"12","Tunisia","Issam Jebali","Center Forward","Kasper Schmeichel",2,45,11,0.033796,TRUE,"From Kick Off","Normal","Head","Wayward",112.1,47.5,119,42.2,10.893117092917,2.41660919471892,133.512132471172,155.556045219583,22.0439127484113,87.0750323681036,8.70057469366249,1.64398987305355,0,2,1,1,10.5639999999999,0.19399999999996,"0",0.106525517663942
"13","Tunisia","Youssef Msakni","Left Wing","Kasper Schmeichel",2,45,45,0.582704,FALSE,"From Corner","Volley","Right Foot","Off T",114.7,48.7,119,41.6,10.187246929372,1.88679622641132,148.650419134757,147.994616791917,0.655802342840474,10.3680822283652,8.30060238777885,0,1,1,0,1,1.12000000000035,0.582999999999629,"0",0.181992544638586
"14","Tunisia","Mohamed Dräger","Right Wing Back","Kasper Schmeichel",2,50,57,0.32378,FALSE,"From Corner","Normal","Right Foot","Blocked",92.2,49.3,116,41.9,29.3143309662697,4.42831796509691,108.496756543837,115.407718108948,6.91096156511159,25.297574130243,24.923884127479,0.329432121383359,5,10,4,1,8.29300000000012,1.16999999999962,"0",0.0082255150976682
"15","Tunisia","Ellyes Joris Skhiri","Right Defensive Midfield","Kasper Schmeichel",2,52,1,0.428801,FALSE,"From Corner","Volley","Right Foot","Blocked",99.5,39.6,118.7,39.7,20.5039020676553,1.33416640641263,88.8821754176137,77.0053832080836,11.8767922095301,27.5195806940887,19.2002604149006,0.15986554635357,5,9,2,1,3.90199999999959,1.85800000000017,"0",0.0249722603099103
"16","Tunisia","Dylan Daniel Mahmoud Bronn","Right Center Back","Kasper Schmeichel",2,52,2,0.05422,FALSE,"From Corner","Half Volley","Right Foot","Blocked",103.9,36.4,118,40.3,16.4975755794601,2.02237484161567,77.3958527162382,98.530765609948,21.1349128937099,45.6263993982034,14.6294224082839,0.524313596970903,3,7,2,1,5.60499999999956,0.1550000000002,"0",0.0366546853738125
"17","Denmark","Kasper Dolberg","Center Forward","Aymen Dahmen",2,56,32,1.075971,FALSE,"From Throw In","Normal","Head","Wayward",117,35,118.5,37.8,5.8309518948453,2.66270539113887,30.9637565320735,34.2868769772089,3.32312044513542,16.370250642265,3.17647603485372,0,0,1,0,1,65.3819999999996,31.0420000000004,"0",0.282729292280279
"18","Denmark","Christian Dannemann Eriksen","Center Attacking Midfield","Aymen Dahmen",2,68,26,0.451749,FALSE,"From Keeper","Normal","Left Foot","Saved",99.2,36.8,115.3,38.9,21.0447143007454,4.82700735445887,81.2538377374448,76.8274465766731,4.42639116077167,38.4431059656445,16.2363789066405,0.243612768567048,2,5,1,1,33.0749999999998,0.452000000000226,"0",0.0510059089255925
"19","Denmark","Andreas Christensen","Left Center Back","Aymen Dahmen",2,69,15,0.721076,TRUE,"From Corner","Normal","Head","Wayward",117.4,37,119.6,38.3,3.96988664825584,1.7464249196573,40.9143832200251,13.2405199151874,27.6738633048377,9.75514669470012,2.55538646783612,1.37360563948689,1,2,1,1,2.53899999999976,37.2920000000004,"0",0.0747871444653044
"20","Denmark","Andreas Evald Cornelius","Center Forward","Aymen Dahmen",2,69,16,0.058813,FALSE,"From Corner","Normal","Head","Post",118.2,43.9,119.5,40.4,4.2953463189829,0.640312423743284,155.224859431168,128.65980825409,26.5650511770781,30.7938215637271,3.73363094051889,0.672672793996312,1,1,1,1,3.44499999999971,36.3860000000004,"0",0.188033331809563
"21","Denmark","Mathias Jensen","Left Defensive Midfield","Aymen Dahmen",2,75,27,0.995427,FALSE,"Regular Play","Normal","Right Foot","Off T",102.5,24.2,118.6,39.1,23.5773196101677,1.66433169770933,47.9224726680249,57.2647737278925,9.34230105986764,20.003785060823,21.9367271943652,0.798086884467625,3,6,1,1,31.7970000000005,0.996000000000095,"0",0.050405416682851
"22","Denmark","Andreas Evald Cornelius","Center Forward","Aymen Dahmen",2,91,9,1.23914,TRUE,"From Throw In","Normal","Head","Saved",114.4,36.8,118.7,38.2,6.44980619863884,2.22036033111745,60.2551187030577,35.8376529542783,24.4174657487794,4.40542442789553,4.522167621838,1.16247638743819,1,3,1,1,2.39999999999964,0,"0",0.101202645535454
"23","Denmark","Joakim Mæhle","Left Back","Aymen Dahmen",2,91,41,0.164703,FALSE,"Regular Play","Normal","Right Foot","Blocked",95,30.2,116.5,38.8,26.8521879927875,3.7,68.5948205698815,71.0753555839487,2.48053501406726,9.5034552148404,23.1562086706784,0.105661972268222,3,6,1,1,9.44999999999982,2.79799999999977,"0",0.0334650367896455
"24","Denmark","Andreas Evald Cornelius","Center Forward","Aymen Dahmen",2,96,18,1.72341,TRUE,"From Corner","Normal","Head","Saved",108.8,46.4,118.6,40.9,12.8996123972777,1.66433169770933,119.744881296942,122.735226272107,2.99034497516524,5.99536563120302,11.2378823627942,1.34275133595696,3,8,2,1,2.30699999999979,1.72299999999996,"0",0.030537802894557
"25","Spain","Sergio Busquets i Burgos","Center Defensive Midfield","Shūichi Gonda",1,6,3,0.908278,FALSE,"Regular Play","Normal","Left Foot","Off T",97,46.1,118.5,40.7,23.795167576632,1.65529453572469,104.853864735632,115.0168934781,10.1630287424677,28.7683689519226,22.16776939613,0.37384899035512,6,9,3,1,197.867,0.908999999999992,"0",0.0268332027164337
"26","Japan","Junya Ito","Right Wing Back","Unai Simón Mendibil",1,7,12,0.430018,FALSE,"Regular Play","Normal","Right Foot","Off T",114,53.5,118.7,44.4,14.7732867026942,4.58802789878178,156.037511025422,163.53998518796,7.50247416253819,25.3477761396035,10.2420701032555,0,2,2,0,1,8.97399999999999,0.430000000000007,"0",0.285188474599829
"27","Spain","Álvaro Borja Morata Martín","Center Forward","Shūichi Gonda",1,8,52,0.595505,FALSE,"From Corner","Normal","Head","Saved",109.9,35.6,119.1,39.2,11.0168053445634,1.20415945787923,66.4599607304857,48.3664606634301,18.0935000670556,16.7150464068369,9.87927122818276,0.66666666666667,0,1,1,1,5.71199999999999,0.596000000000004,"0",0.0598154600586334
"28","Spain","Álvaro Borja Morata Martín","Center Forward","Shūichi Gonda",1,11,0,0.396547,TRUE,"Regular Play","Normal","Head","Goal",115.3,38.3,119.3,39.5,4.99799959983992,0.860232526704265,70.1148348861445,54.4623222080257,15.6525126781188,12.8807861757846,4.17612260356422,0,0,1,0,1,109.52,0.395999999999958,"1",0.279770916832962
"29","Spain","Álvaro Borja Morata Martín","Center Forward","Shūichi Gonda",1,22,34,0.485407,FALSE,"Regular Play","Normal","Right Foot","Saved",104.7,51.6,116.6,43,19.2002604149006,4.53431361950186,127.168310465839,131.423665625003,4.25535515916368,29.7928820257187,14.6823022717828,0,0,1,0,1,52.608,0,"0",0.0980174603166058
"30","Japan","Daichi Kamada","Left Wing","Unai Simón Mendibil",1,35,50,0.073478,FALSE,"Regular Play","Normal","Right Foot","Blocked",107,54.5,118.1,43,19.4743420941504,3.55105618091294,138.122130462116,147.652556500558,9.53042603844219,35.6195114954202,15.9831160916762,0.372161463782393,1,2,1,1,51.04,0.177999999999884,"0",0.0941713204520874
"31","Spain","Daniel Olmo Carvajal","Left Wing","Shūichi Gonda",1,41,54,0.089413,FALSE,"From Goal Kick","Normal","Right Foot","Blocked",102.8,35.2,117,38.9,17.8572114284398,3.19530906173409,74.4071890607337,69.8636965717518,4.54349248898185,10.6101271409137,14.6741268905513,0,1,4,0,1,120.584,61.6969999999997,"0",0.114879358089274
"32","Japan","Ritsu Doan","Right Wing","Unai Simón Mendibil",2,47,48,0.80211,FALSE,"Regular Play","Normal","Left Foot","Goal",100.5,55.8,118,42.1,25.0976094479136,2.9,129.016342416982,136.397181027296,7.3808386103145,29.63950782414,22.2247609660936,0.144187450182118,2,6,1,1,3.46500000000015,0.80199999999968,"1",0.0455659665994105
"33","Japan","Ao Tanaka","Right Defensive Midfield","Unai Simón Mendibil",2,50,14,0.352541,FALSE,"From Free Kick","Normal","Other","Goal",118.7,40.2,120,37.6,1.31529464379659,2.4,98.7461622625554,0,98.7461622625554,3.85812444757785,2.90688837074973,0,2,1,0,1,12.625,0.351999999999862,"1",0.388815893473851
"34","Japan","Takuma Asano","Center Forward","Unai Simón Mendibil",2,69,50,1.420805,FALSE,"From Counter","Normal","Right Foot","Off T",100.5,36.3,115.5,38.9,19.8479218055695,4.63249392876019,79.2562129290191,76.2637316943774,2.99248123464169,17.5760815354592,15.2236657871881,0,0,1,0,1,6.92299999999977,1.42000000000007,"0",0.0794904156593188
"35","Spain","Marco Asensio Willemsen","Center Forward","Shūichi Gonda",2,73,12,0.090296,FALSE,"From Throw In","Normal","Left Foot","Blocked",104.8,23.5,118.2,37.3,22.4341257908571,3.24499614791759,42.6516466869004,33.6900675259797,8.96157916092069,18.859513561981,19.2353840616713,0.520579206295353,2,4,1,1,48.2939999999999,12.335,"0",0.0709940679727268
"36","Spain","Daniel Olmo Carvajal","Right Center Midfield","Shūichi Gonda",2,79,18,0.488446,FALSE,"From Throw In","Normal","Right Foot","Blocked",86.3,46.3,117.9,40.3,34.2838154236077,2.12132034355964,100.588856616061,98.1301023541559,2.45875426190536,30.3996121467193,32.1645767887594,0.0694026200122399,7,10,1,1,64.8400000000001,97.2200000000003,"0",0.00704204658790795
"37","Japan","Ko Itakura","Right Center Back","Unai Simón Mendibil",2,82,21,0.942967,FALSE,"From Free Kick","Normal","Head","Saved",104,39,118.5,39.7,16.0312195418814,1.52970585407783,86.4236656250026,78.6900675259799,7.7335980990227,15.5981078270311,14.5168867185771,0,2,0,0,1,1.48000000000047,0,"0",0.0891521910702181
"38","Spain","Marco Asensio Willemsen","Right Wing","Shūichi Gonda",2,84,30,0.123848,FALSE,"Regular Play","Normal","Left Foot","Blocked",96.8,52.1,118.6,41.6,26.1658173959844,2.12602916254693,117.544370831417,138.81407483429,21.2697040028728,12.2985806890122,24.196900627973,0.706340705044655,6,9,2,1,51.6960000000008,42.1959999999999,"0",0.0181895253452416
"39","Spain","Jordi Alba Ramos","Left Back","Shūichi Gonda",2,88,28,0.130799,FALSE,"From Throw In","Normal","Right Foot","Blocked",97.9,27,118.4,37.7,25.6400078003108,2.80178514522437,59.5344550805401,34.8244891569567,24.7099659235834,27.3740835785719,23.1244459393085,0.274721127897379,3,9,1,1,111.157,40.1939999999995,"0",0.0357240987246906
"40","Spain","Marco Asensio Willemsen","Right Wing","Shūichi Gonda",2,88,49,0.939246,FALSE,"From Throw In","Normal","Left Foot","Saved",94.8,61.9,118.6,41.1,33.38637446624,1.78044938147649,130.992195457628,128.157226587369,2.83496887025868,34.7127740020821,31.6082267772173,0.0821329263638663,5,9,1,1,132.04,19.3109999999997,"0",0.0160311543475471
"41","Spain","Daniel Olmo Carvajal","Right Center Midfield","Shūichi Gonda",2,89,8,0.369483,FALSE,"From Throw In","Normal","Right Foot","Saved",111,52,118,44.1,15,4.56179789118282,143.130102354156,153.996654155489,10.8665518013326,28.8694495628343,10.555093557141,0,0,0,0,1,150.981,0.369999999999891,"0",0.180037081796867
"42","Spain","Daniel Olmo Carvajal","Right Center Midfield","Shūichi Gonda",2,95,29,1.611536,FALSE,"From Throw In","Normal","Right Foot","Off T",94.2,57,118,41.3,30.897249068485,2.38537208837531,123.381475647205,123.023867555797,0.357608091408764,23.218371798631,28.5119273287514,0.116302659773385,4,8,1,1,61.3499999999995,1.61099999999988,"0",0.0158352835464225
"43","Switzerland","Granit Xhaka","Left Defensive Midfield","Vanja Milinković Savić",1,0,18,0.380264,FALSE,"From Kick Off","Half Volley","Left Foot","Blocked",96,38.8,117.9,40.3,24.0299812734009,2.12132034355964,87.1375947738881,98.1301023541559,10.9925075802678,32.0926723727935,21.9513097559121,0.220798686959481,4,6,2,1,18.175,13.093,"0",0.0393721552896053
"44","Switzerland","Breel-Donald Embolo","Center Forward","Vanja Milinković Savić",1,0,22,0.175803,FALSE,"From Kick Off","Half Volley","Left Foot","Saved",113.1,40.7,115.2,40.7,6.93541635375989,4.85077313425396,95.7927964950321,98.2971449698369,2.50434847480479,9.68663012913684,2.10000000000001,0,0,0,0,1,21.608,9.66,"0",0.321764326079899
"45","Switzerland","Granit Xhaka","Left Defensive Midfield","Vanja Milinković Savić",1,0,23,0.495575,FALSE,"From Kick Off","Half Volley","Right Foot","Saved",103.8,41.9,115.6,40.2,16.3110392066232,4.40454310910905,96.6893153976341,92.6025622024998,4.08675319513428,24.2755954500701,11.921828718783,0.293069598123913,3,6,3,1,23.324,7.944,"0",0.0981153338335759
"46","Serbia","Nikola Milenković","Right Center Back","Gregor Kobel",1,4,35,0.848375,FALSE,"From Corner","Normal","Head","Off T",112.2,36.8,118.9,39,8.4308955633432,1.48660687473185,67.6937949450923,47.7263109939061,19.9674839511862,9.36251230520022,7.0519500849056,1.33633639699816,3,7,2,1,1.63100000000003,0.847999999999956,"0",0.0460626618694015
"47","Serbia","Andrija Živković","Right Wing Back","Gregor Kobel",1,10,5,0.934407,FALSE,"Regular Play","Normal","Left Foot","Post",97.8,51.5,118.1,41.7,25.0017999352047,2.5495097567964,117.384970581214,131.820169880136,14.4351992989219,28.9151431573314,22.5417390633465,0.129924925083686,4,7,1,1,36.1669999999999,1.61300000000006,"0",0.0344401899100012
"48","Serbia","Dušan Vlahović","Right Center Forward","Gregor Kobel",1,10,7,0.34191,FALSE,"Regular Play","Normal","Other","Saved",115.4,38.6,118.2,38.9,4.80832611206852,2.1095023109729,73.072486935853,58.5704343851614,14.5020525506915,8.03107848132311,2.81602556806574,0,1,0,0,1,37.78,0,"0",0.291120583602587
"49","Switzerland","Remo Freuler","Right Defensive Midfield","Vanja Milinković Savić",1,13,35,0.258584,FALSE,"From Free Kick","Half Volley","Left Foot","Blocked",107.8,35.9,118.7,37.2,12.8705089254466,3.08706980808662,71.4242755893189,24.9047688080952,46.5195067812238,22.0465192181097,10.9772492000501,0.305220255840798,3,6,2,1,26.25,20.38,"0",0.115540838410282
"50","Switzerland","Xherdan Shaqiri","Right Wing","Vanja Milinković Savić",1,19,11,0.180553,FALSE,"From Free Kick","Normal","Left Foot","Goal",107.5,50.6,119.3,41.5,16.389325794553,1.65529453572469,130.297944576684,154.9831065219,24.6851619452161,80.7373997502852,14.9013422214242,0.345459589363176,2,5,2,1,18.6679999999999,0,"1",0.111078279506604
"51","Switzerland","Granit Xhaka","Left Defensive Midfield","Vanja Milinković Savić",1,21,11,0.874012,FALSE,"Regular Play","Normal","Left Foot","Saved",97.3,33.7,117.7,38.6,23.5580134985953,2.69258240356725,74.4889078122726,58.6713071321958,15.8176006800768,23.1435080694245,20.9802287880757,0.077002854933771,5,6,1,1,16.895,0,"0",0.0419087443353952
"52","Serbia","Dušan Vlahović","Right Center Forward","Gregor Kobel",1,22,15,2.461241,FALSE,"From Free Kick","Normal","Head","Saved",109.6,35.4,119.1,38.9,11.3718951806636,1.42126704035519,66.1398248086577,39.2894068625005,26.8504179461572,3.81856312317619,10.1242283656583,0,0,0,0,1,34.6990000000001,0,"0",0.162261702646231
"53","Serbia","Aleksandar Mitrović","Left Center Forward","Gregor Kobel",1,25,56,1.029448,FALSE,"Regular Play","Normal","Head","Goal",108.3,38.6,117.5,39,11.7834629884427,2.69258240356725,83.1765376009665,68.1985905136482,14.9779470873183,12.248046658396,9.20869154657707,0.494468176434149,0,1,1,1,7.1110000000001,1.029,"1",0.105214134078945
"54","Switzerland","Xherdan Shaqiri","Right Wing","Vanja Milinković Savić",1,29,53,0.734525,TRUE,"From Free Kick","Normal","Left Foot","Off T",107.7,49.2,113,45.8,15.3600130208278,9.09065454189081,126.795293808431,129.644174957145,2.84888114871346,17.9263931747825,6.29682459657247,0,0,0,0,1,23.6889999999999,0.735000000000127,"0",0.163804910022551
"55","Serbia","Dušan Vlahović","Right Center Forward","Gregor Kobel",1,34,28,1.118632,FALSE,"From Counter","Normal","Left Foot","Goal",106.2,31.8,116.5,38.4,16.0524141486569,3.84837628097877,59.2810957359708,65.4328286793987,6.15173294342785,16.2897531626877,12.2331516789419,0.239662792016371,0,2,1,1,5.21099999999979,1.11900000000014,"1",0.129972227943428
"56","Switzerland","Ruben Vargas","Left Wing","Vanja Milinković Savić",1,37,26,0.191273,FALSE,"From Throw In","Normal","Right Foot","Blocked",101,47.3,117.6,41.4,20.354115063053,2.77848879788997,111.017300874756,120.256437163529,9.2391362887729,27.8713732419356,17.6173210222213,0.416787399419586,4,7,3,1,49.3009999999999,0.297000000000025,"0",0.0369915271284145
"57","Switzerland","Breel-Donald Embolo","Center Forward","Vanja Milinković Savić",1,43,41,0.335147,FALSE,"Regular Play","Normal","Right Foot","Goal",114.4,36.9,118.2,41.4,6.4007812023221,2.28035085019827,61.0323393539359,127.874983651098,66.8426442971623,16.9235003296908,5.88982172905089,0,0,0,0,1,21.3270000000002,0.335000000000036,"1",0.281545562781683
"58","Serbia","Aleksandar Mitrović","Left Center Forward","Gregor Kobel",1,47,38,0.345056,FALSE,"From Throw In","Volley","Right Foot","Wayward",101.7,33.7,117.4,38.8,19.3540693395472,2.86356421265527,71.0033458445115,65.224859431168,5.77848641334347,14.9609448891082,16.5075740192192,0,1,4,0,1,5.5930000000003,0.3449999999998,"0",0.0628791078218788
"59","Switzerland","Remo Freuler","Right Defensive Midfield","Vanja Milinković Savić",2,47,38,0.534031,FALSE,"From Free Kick","Half Volley","Left Foot","Goal",107.2,41.2,117.4,40.7,12.8561269439906,2.69258240356725,95.3558250428552,105.068488159492,9.71266311663707,24.132664453588,10.2122475488993,0.205066195798765,2,3,1,1,34.7620000000002,0.534000000000106,"1",0.117760788395613
"60","Switzerland","Fabian Lukas Schär","Right Center Back","Vanja Milinković Savić",2,56,32,0.286691,FALSE,"From Free Kick","Volley","Right Foot","Blocked",110.7,30.5,118.2,38.1,13.2943597062815,2.61725046566048,44.3904934233248,43.451842301022,0.93865112230278,21.6710319710198,10.677546534668,0.365059852417696,3,3,2,1,6.029,1.71399999999994,"0",0.158297120282857
"61","Switzerland","Breel-Donald Embolo","Center Forward","Vanja Milinković Savić",2,56,33,0.557633,FALSE,"From Free Kick","Half Volley","Right Foot","Off T",116.1,39.3,118,38.4,3.9623225512318,2.56124969497314,79.8244891569568,51.3401917459099,28.4842974110469,7.05109032332646,2.10237960416287,0,1,0,0,1,7.18499999999995,0.557999999999993,"0",0.313437864247691
"62","Serbia","Dušan Tadić","Center Attacking Midfield","Gregor Kobel",2,60,6,0.945234,FALSE,"Regular Play","Half Volley","Left Foot","Off T",107.4,31.7,117.9,38.2,15.0880747612146,2.76586333718786,56.6258986433086,49.3987053549955,7.22719328831308,14.5026433566239,12.3490890352285,0.651944057501193,2,6,3,1,42.116,0.945000000000164,"0",0.0895090687365615
"63","Serbia","Aleksandar Mitrović","Left Center Forward","Gregor Kobel",2,70,49,0.14238,FALSE,"Regular Play","Normal","Right Foot","Blocked",106.2,25.8,117.7,37,19.8010100752462,3.78021163428716,44.1815445383114,37.4761795613613,6.70536497695003,14.479230318927,16.0527256252638,0.438529009653516,1,3,1,1,6.57899999999972,0.261999999999716,"0",0.102346371433188
"64","Serbia","Luka Jović","Right Center Forward","Gregor Kobel",2,72,0,0.067566,TRUE,"Regular Play","Normal","Head","Blocked",102.2,43.2,116.7,40.5,18.0853531898053,3.33766385365572,100.191501850028,98.6156481841641,1.5758536658636,13.402280937361,14.7492372684149,0.98058067569092,1,3,1,1,43.9750000000004,81.4279999999999,"0",0.034471169819622
"65","Switzerland","Manuel Obafemi Akanji","Left Center Back","Vanja Milinković Savić",2,81,58,0.808534,FALSE,"From Free Kick","Normal","Right Foot","Off T",99.4,52.7,118.5,40.3,24.2002066106883,1.52970585407783,121.654033729939,101.30993247402,20.3441012559185,27.2434502984579,22.7721320916598,0.410702169824662,5,9,4,1,1.44599999999991,0.809000000000196,"0",0.0311774615669858
"66","Switzerland","Christian Fassnacht","Left Wing","Vanja Milinković Savić",2,88,48,0.070657,FALSE,"From Free Kick","Normal","Right Foot","Saved",105.3,28.9,107.1,30.3,18.4200977196105,16.140012391569,52.9434718105904,53.059103902871,0.11563209228057,29.4502342962266,2.28035085019828,0,0,1,0,1,39.8780000000006,2.50500000000011,"0",0.182702518075858
"67","Serbia","Luka Jović","Right Center Forward","Gregor Kobel",2,91,50,1.21439,TRUE,"From Throw In","Normal","Head","Off T",105,39.8,117.1,39.6,15.0013332740793,2.92745623366089,89.2361015390701,82.1466866980219,7.08941484104822,12.5503857533878,12.1016527796826,0.97128586235726,2,3,1,1,22.1760000000004,1.21399999999994,"0",0.0416460960812921
"68","Serbia","Nemanja Radonjić","Right Wing Back","Gregor Kobel",2,99,51,0.791543,FALSE,"From Free Kick","Half Volley","Left Foot","Off T",105.7,51.3,118.7,41.9,18.2258058806737,2.30217288664426,128.316135891966,145.619655276155,17.3035193841893,19.6410098133848,16.0424437041244,0.331515399204639,6,7,4,1,3.65400000000045,27.4840000000004,"0",0.080660744021725
"69","Australia","Riley McGree","Right Center Forward","Kasper Schmeichel",1,2,29,0.410769,FALSE,"From Throw In","Normal","Left Foot","Blocked",94.6,46.6,116.2,41.2,26.2434753796063,3.98497176903425,104.565764246557,107.525568373723,2.95980412716631,20.842716751268,22.2647703783354,0.123381591827993,3,5,1,1,9.96199999999999,2.02800000000002,"0",0.0209296223461822
"70","Denmark","Jesper Lindstrøm","Left Wing","Mathew Ryan",1,10,0,0.094992,FALSE,"From Goal Kick","Normal","Right Foot","Blocked",110.1,43.9,116.8,42.1,10.6404887105809,3.82753184180093,111.501434324048,123.274887984835,11.773453660787,10.9907218596414,6.93757882838098,0.644156626400831,2,3,1,1,42.9820000000001,52.8259999999999,"0",0.164766340216844
"71","Denmark","Mathias Jensen","Right Center Midfield","Mathew Ryan",1,10,52,0.427876,FALSE,"From Goal Kick","Normal","Right Foot","Saved",112.7,56.3,118.1,44.7,17.8600111982048,5.06951674225463,155.87464682645,157.988716802081,2.11406997563054,28.0270001594122,12.7953116413786,0,0,0,0,1,95.38,0.427999999999997,"0",0.30952024869398
"72","Denmark","Andreas Skov Olsen","Right Wing","Mathew Ryan",1,13,33,0.680154,FALSE,"From Throw In","Normal","Right Foot","Off T",104.7,50.7,116.6,41.8,18.6702972659784,3.84707681233427,124.966879445669,117.897271030948,7.06960841472129,23.9543344206279,14.8600134589441,0,1,4,0,1,30.5749999999999,0.680000000000064,"0",0.0798919140148151
"73","Australia","Riley McGree","Right Center Forward","Kasper Schmeichel",1,21,44,0.90947,FALSE,"From Free Kick","Half Volley","Left Foot","Saved",101.3,59,118,41.9,26.6587696640336,2.75862284482674,135.455924961672,133.531199285614,1.92472567605805,25.1131521559999,23.9018827710287,0,1,2,0,1,7.28199999999993,0,"0",0.0523040129329122
"74","Denmark","Andreas Skov Olsen","Right Wing","Mathew Ryan",1,24,7,0.665379,FALSE,"From Throw In","Normal","Right Foot","Saved",109.6,50.5,117.7,43.3,14.7787008901324,4.02243707222375,135.274140393733,145.124671655398,9.85053126166463,13.7291636094428,10.8374351209131,0,0,2,0,1,66.058,0.665000000000191,"0",0.148430564824939
"75","Denmark","Christian Dannemann Eriksen","Left Center Midfield","Mathew Ryan",1,28,36,0.755119,FALSE,"Regular Play","Normal","Right Foot","Off T",102.9,25.6,118,39.2,22.3555362270736,2.1540659228538,49.8990924537878,68.1985905136483,18.2994980598605,24.9452952074224,20.3216633177503,0,4,6,0,1,19.3430000000001,0.755000000000109,"0",0.0973448011440093
"76","Australia","Mitchell Thomas Duke","Left Center Forward","Kasper Schmeichel",1,31,33,1.151534,FALSE,"From Throw In","Normal","Head","Saved",102.5,36.7,118.8,40.3,17.8084249724674,1.2369316876853,79.3210528034649,104.036243467926,24.7151906644615,14.4742867386474,16.692812824686,0,1,4,0,1,6.42600000000016,1.15099999999984,"0",0.0649710702788681
"77","Australia","Mitchell Thomas Duke","Left Center Forward","Kasper Schmeichel",1,40,57,1.110221,FALSE,"From Throw In","Normal","Right Foot","Saved",98.3,20.9,119,38.5,28.9084762656215,1.80277563773199,48.6462712087568,33.6900675259798,14.956203682777,23.7874068968851,27.1707563383871,0,3,6,0,1,30.6910000000003,1.11000000000013,"0",0.0499312843049345
"78","Australia","Aziz Eraltay Behich","Left Back","Kasper Schmeichel",2,46,10,0.51478,FALSE,"From Corner","Half Volley","Right Foot","Blocked",100.2,34.1,118,39.5,20.6603484965767,2.06155281280883,73.4070065102531,75.9637565320735,2.55675002182045,24.4131827023159,18.6010752377383,0.203571697537892,7,10,3,1,3.50399999999991,0.71100000000024,"0",0.0291314087524062
"79","Australia","Jackson Irvine","Center Attacking Midfield","Kasper Schmeichel",2,47,47,1.096425,FALSE,"Regular Play","Half Volley","Left Foot","Off T",109.6,30.8,118.7,37.9,13.8852439661678,2.46981780704569,48.5035316447845,31.7594800848127,16.7440515599718,14.4830212673219,11.542096863222,0,2,3,0,1,9.94500000000016,1.096,"0",0.176860232948978
"80","Denmark","Andreas Skov Olsen","Right Wing","Mathew Ryan",2,51,59,0.094442,FALSE,"From Throw In","Normal","Left Foot","Blocked",107.2,52.9,116.8,43.3,18.1727818453862,4.59673797382448,135.222939651198,135.881403996582,0.658464345384573,23.318772945877,13.5764501987817,0.359675000632803,2,5,1,1,90.556,12.0650000000001,"0",0.0842879296573314
"81","Australia","Mathew Leckie","Right Wing","Kasper Schmeichel",2,59,56,1.015606,FALSE,"From Counter","Normal","Left Foot","Goal",105.7,31.5,116.1,37,16.6355042003541,4.92036584005702,59.2725133844003,52.4314079711726,6.84110541322777,18.3810324721212,11.7647779409558,0,0,2,0,1,13.127,1.01499999999987,"1",0.150145070880823
"82","Denmark","Andreas Skov Olsen","Right Wing","Mathew Ryan",2,68,4,0.244203,TRUE,"From Throw In","Normal","Left Foot","Blocked",103.1,49.3,116.7,42.2,19.2898937270271,3.96610640301039,118.823806638392,123.69006752598,4.86626088758825,20.4747689422325,15.3417730396457,0.177611208331347,3,6,1,1,18.3850000000002,0.420999999999367,"0",0.0583241468426393
"83","Denmark","Joachim Andersen","Right Center Back","Mathew Ryan",2,68,39,0.328788,TRUE,"From Corner","Normal","Head","Off T",113.9,52.3,118.3,43.2,13.729530217746,3.62353418639869,153.621579366488,152.02052561152,1.60105375496778,24.3792649699523,10.1079176886241,0.39872611141445,1,6,1,1,2.73400000000038,16.7969999999996,"0",0.128521783719926
"84","Denmark","Alexander Hartmann Bah","Right Back","Mathew Ryan",2,76,24,0.124383,FALSE,"Regular Play","Half Volley","Right Foot","Blocked",99.4,54.5,117.2,42,25.1914668092193,3.44093010681705,125.141082052856,125.537677791974,0.396595739118283,15.8567351835186,21.7506321747208,0.429933580392349,2,5,1,1,32.7759999999998,0.934000000000196,"0",0.0317920002683416
"85","Denmark","Kasper Dolberg","Left Center Forward","Mathew Ryan",2,76,25,1.349463,FALSE,"Regular Play","Backheel","Left Foot","Saved",105.2,39.6,117,40.6,14.8054044186574,3.05941170815567,88.451842301022,101.30993247402,12.8580901729982,8.64188480135476,11.84229707447,0.827605888602371,0,3,1,1,33.71,0,"0",0.0581379202288532
"86","Denmark","Jesper Lindstrøm","Left Midfield","Mathew Ryan",2,81,19,0.178419,FALSE,"Regular Play","Normal","Right Foot","Blocked",97.5,38.2,117.9,40,22.571885167172,2.09999999999999,85.4260787400992,90,4.5739212599008,33.7452697829051,20.4792577990512,0.287729432494335,4,7,2,1,39.9809999999998,14.0230000000001,"0",0.0348290316512202
"87","Australia","Keanu Baccus","Right Wing","Kasper Schmeichel",2,84,55,0.163072,FALSE,"From Counter","Normal","Right Foot","Blocked",97.7,47.5,117.1,41.6,23.5274307989632,3.31209903233584,108.588969364594,118.886581766911,10.2976124023163,16.5116169763494,20.2773272400482,0.31927542840705,1,5,1,1,5.0560000000005,0.282999999999447,"0",0.0368555037123075
"88","Denmark","Alexander Hartmann Bah","Right Back","Mathew Ryan",2,87,30,0.528103,FALSE,"Regular Play","Normal","Right Foot","Off T",108.6,57,117.8,42.5,20.4685124032012,3.33016516106934,146.154659738928,138.652222780306,7.50243695862196,29.3478916493703,17.172361514946,0,2,5,0,1,110.983,37.5160000000005,"0",0.140073640081026
"89","Denmark","Kasper Dolberg","Left Center Forward","Mathew Ryan",2,94,11,0.320118,FALSE,"From Counter","Backheel","Right Foot","Saved",117.6,33.5,118.5,35.9,6.928924880528,4.36577599058862,20.2656974709476,20.0952311919048,0.170466279042738,5.86917768699542,2.56320112359526,0,0,1,0,1,7.84200000000055,1.80299999999988,"0",0.386600351789457
"90","Denmark","Andreas Evald Cornelius","Right Center Forward","Mathew Ryan",2,94,59,0.702278,FALSE,"From Corner","Normal","Head","Off T",116.6,51.6,118.6,43,12.0880105890093,3.31058907144937,163.663957110282,154.9831065219,8.68085058838162,15.8511814980116,8.82949602185765,0,1,4,0,1,2.41899999999987,0.701999999999316,"0",0.230715055779601
"91","Brazil","Neymar da Silva Santos Junior","Center Attacking Midfield","Vanja Milinković Savić",1,20,6,0.495812,FALSE,"Regular Play","Normal","Right Foot","Blocked",91.6,29.2,115.6,39.5,30.3842064237327,4.42831796509691,69.1791071466892,83.5169263071028,14.3378191604136,28.876111542167,26.1168527966139,0.067481360848243,5,9,1,1,16.0710000000001,45.29,"0",0.0247853247998247
"92","Brazil","Carlos Henrique Casimiro","Left Defensive Midfield","Vanja Milinković Savić",1,20,51,1.134041,FALSE,"Regular Play","Normal","Right Foot","Saved",84.3,34.2,117.8,39.5,36.1680798495027,2.2561028345357,80.7720683097106,77.1957339347133,3.57633437499734,29.9649356031901,33.9166625716623,0.133620998520597,7,9,2,1,61.3610000000001,0,"0",0.00780282044358188
"93","Brazil","Raphael Dias Belloli","Right Wing","Vanja Milinković Savić",1,34,7,0.634475,TRUE,"Regular Play","Half Volley","Left Foot","Saved",105.3,49.2,117.8,41.9,17.3415685565061,2.90688837074973,122.04040507384,130.815083874882,8.77467880104166,22.6789583279707,14.4754965372522,0,1,1,0,1,48.52,0.634000000000015,"0",0.102440412803391
"94","Serbia","Filip Mladenović","Left Wing Back","Alisson Ramsés Becker",1,36,12,1.12423,TRUE,"Regular Play","Normal","Head","Off T",113.6,28.9,119.1,38.6,12.8128841405829,1.66433169770933,29.9667418706117,32.7352262721078,2.76848440149606,7.06297022178925,11.1507847257491,1.24034734589208,2,6,1,1,32.0880000000002,1.1239999999998,"0",0.110105275634725
"95","Brazil","Vinícius José Paixão de Oliveira Júnior","Left Wing","Vanja Milinković Savić",1,40,38,0.6,FALSE,"Regular Play","Half Volley","Right Foot","Off T",113.2,27,115,31.4,14.6710599480746,9.94786409235671,27.6130278230845,30.1735200296443,2.56049220655986,16.627453870699,4.75394572960188,0,0,0,0,1,11.931,0.599999999999909,"0",0.313853216735284
"96","Brazil","Raphael Dias Belloli","Right Wing","Vanja Milinković Savić",2,45,35,0.087213,FALSE,"Regular Play","Normal","Left Foot","Saved",105.9,47.3,109.2,45.2,15.8776572579206,11.9866592510174,117.37198063218,115.709953780811,1.66202685136903,37.9771253406697,3.91152144312158,0,1,1,0,1,1.8739999999998,6.63400000000001,"0",0.151620658319868
"97","Brazil","Thiago Emiliano da Silva","Left Center Back","Vanja Milinković Savić",2,50,21,0.052504,FALSE,"From Corner","Normal","Head","Blocked",113.1,34.1,118.1,40.2,9.07854613911281,1.91049731745429,49.4671590613893,96.0090059574945,46.5418468961052,16.1612093825968,7.8873316146844,1.03340694558108,5,8,2,1,1.18499999999995,22.5809999999997,"0",0.0694151520557697
"98","Brazil","Richarlison de Andrade","Center Forward","Vanja Milinković Savić",2,50,23,0.248267,FALSE,"From Corner","Half Volley","Right Foot","Blocked",115.8,29.3,118.5,35.5,11.4947814246292,4.74341649025257,21.4311672762332,18.434948822922,2.9962184533112,7.93408532088123,6.76239602507869,0.50767308256681,2,2,1,1,2.66999999999962,21.096,"0",0.143472838565213
"99","Brazil","Danilo Luiz da Silva","Right Back","Vanja Milinković Savić",2,53,16,1.208916,FALSE,"Regular Play","Volley","Right Foot","Wayward",95.9,54.2,118,42.3,27.972307734615,3.04795013082563,120.507086169758,138.99091309843,18.4838269286719,15.495141930886,25.1001992023968,0.16910376121183,4,9,2,1,14.0550000000003,37.54,"0",0.0247527116782666
"100","Brazil","Neymar da Silva Santos Junior","Center Attacking Midfield","Vanja Milinković Savić",2,54,39,0.777709,FALSE,"From Throw In","Half Volley","Left Foot","Off T",107.5,38.9,118.5,39.7,12.5483066586691,1.52970585407783,84.9709264182145,78.6900675259799,6.28085889223459,17.1266303031101,11.0290525431698,0.316227766016838,3,4,1,1,38.4580000000001,0.777999999999793,"0",0.089931368054928
"101","Brazil","Alex Sandro Lobo Silva","Left Back","Vanja Milinković Savić",2,59,25,1.02301,FALSE,"From Free Kick","Normal","Left Foot","Post",88,32,118.2,38.5,32.9848450049413,2.34307490277199,75.9637565320735,50.1944289077348,25.7693276243388,31.5359449719309,30.891584614584,0.0704837334384165,5,9,1,1,18.491,12.922,"0",0.0134891196600355
"102","Brazil","Vinícius José Paixão de Oliveira Júnior","Left Wing","Vanja Milinković Savić",2,59,36,1.600118,FALSE,"From Free Kick","Normal","Right Foot","Off T",105,20.1,118.4,38.5,24.920072231035,2.19317121994613,37.0078486943146,46.8476102659945,9.83976157167986,20.3490405594134,22.7622494494723,0.166068055348313,2,6,1,1,29.8119999999999,1.60100000000011,"0",0.116853520219612
"103","Brazil","Vinícius José Paixão de Oliveira Júnior","Left Wing","Vanja Milinković Savić",2,61,57,0.451433,FALSE,"Regular Play","Normal","Right Foot","Saved",110,26.9,118.8,38,16.4805946494658,2.33238075793812,37.3566219285204,30.9637565320736,6.39286539644684,33.6822125254436,14.1650979523616,0,2,4,0,1,57.1030000000001,1.66699999999992,"0",0.198542343652185
"104","Brazil","Richarlison de Andrade","Center Forward","Vanja Milinković Savić",2,61,58,0.575926,FALSE,"Regular Play","Volley","Right Foot","Goal",114.5,41.8,118.1,38,5.78705451849211,2.75862284482675,108.121860247901,43.5311992856143,64.5906609622871,9.55141635520887,5.23450093132095,0,1,0,0,1,58.194,0.576000000000022,"1",0.280814598998702
"105","Brazil","Vinícius José Paixão de Oliveira Júnior","Left Wing","Vanja Milinković Savić",2,66,46,0.502477,FALSE,"Regular Play","Normal","Left Foot","Off T",109.1,28.2,116.9,36.5,16.0639347608237,4.67546789102438,42.7295503293349,41.5317707410828,1.19777958825212,21.7663551755896,11.3899078134988,0,0,1,0,1,12.1669999999999,3.404,"0",0.18908943215456
"106","Serbia","Strahinja Pavlović","Left Center Back","Alisson Ramsés Becker",2,68,34,0.697565,TRUE,"From Corner","Normal","Head","Off T",111.8,38.5,119.3,39.2,8.33606621854697,1.06301458127346,79.6336773965495,41.1859251657099,38.4477522308396,13.2074204483092,7.53259583410659,0,4,6,0,1,2.14899999999943,0.69800000000032,"0",0.118416824029553
"107","Serbia","Darko Lazović","Right Wing Back","Alisson Ramsés Becker",2,69,54,0.950129,FALSE,"From Corner","Half Volley","Right Foot","Off T",95.6,50.9,118.1,41.7,26.7239592875008,2.5495097567964,114.071333409588,131.820169880136,17.7488364705474,25.7668484984239,24.3082290593124,0.414650095692357,7,9,4,1,7.65299999999934,0.950000000000728,"0",0.0111088144610699
"108","Brazil","Richarlison de Andrade","Center Forward","Vanja Milinković Savić",2,72,54,0.72754,FALSE,"From Throw In","Volley","Right Foot","Goal",107.1,39.6,118.4,39.5,12.9062000604361,1.67630546142402,88.2239557466414,72.6459753637386,15.5779803829027,18.087537841885,11.3004424692133,0.305281255436331,2,5,1,1,20.8869999999997,137.349,"1",0.0861349206955138
"109","Brazil","Carlos Henrique Casimiro","Left Defensive Midfield","Vanja Milinković Savić",2,76,48,0.11998,TRUE,"Regular Play","Normal","Right Foot","Blocked",86.3,31.2,118.2,38.7,34.8300157909812,2.22036033111745,75.3652847797224,54.1623470457217,21.2029377340006,7.68423442014748,32.7698031730433,0.86909047645778,5,7,3,1,14.7979999999998,0.194999999999709,"0",0.00554053354312095
"110","Brazil","Carlos Henrique Casimiro","Left Defensive Midfield","Vanja Milinković Savić",2,80,52,1.048684,FALSE,"Regular Play","Normal","Right Foot","Post",98.1,35.2,118.4,40.1,22.4198572698401,1.60312195418813,77.6375075842857,93.5763343749974,15.9388267907117,22.2005132017488,20.8830074462468,0.101908264743822,5,6,1,1,10.8059999999996,69.4679999999998,"0",0.0438959969135663
"111","Brazil","Rodrygo Silva de Goes","Center Attacking Midfield","Vanja Milinković Savić",2,81,32,0.763501,FALSE,"Regular Play","Normal","Right Foot","Saved",98.8,27.3,117.5,38.4,24.7129520697144,2.96816441593117,59.0760045854251,57.3807569288072,1.69524765661794,29.5726542239429,21.7462640469576,0,3,7,0,1,51.201,29.0729999999994,"0",0.060513337574392
"112","Brazil","Frederico Rodrigues Santos","Right Defensive Midfield","Vanja Milinković Savić",2,82,32,0.584935,FALSE,"Regular Play","Normal","Left Foot","Saved",95.6,43.5,113.9,40.4,24.6497464490002,6.11310068623116,98.162974283718,93.7517290705259,4.41124521319207,31.0609799815595,18.5607111932706,0,4,3,0,1,7.32200000000012,25.6019999999999,"0",0.0361175184264978
"113","Brazil","Rodrygo Silva de Goes","Center Attacking Midfield","Vanja Milinković Savić",2,86,7,0.91746,FALSE,"Regular Play","Normal","Right Foot","Off T",101.5,30.6,118.3,39,20.7511445467473,1.9723082923316,63.0645071344116,59.5344550805402,3.53005205387146,24.3969793429801,18.7829710109982,0.145003697641435,2,7,1,1,70.1330000000007,51.8130000000001,"0",0.0676935774367104
"114","Brazil","Antony Matheus dos Santos","Right Wing","Vanja Milinković Savić",2,87,49,1.208378,FALSE,"Regular Play","Normal","Left Foot","Off T",99.4,59.1,118.9,40.2,28.0921697275237,1.11803398874989,132.836201334731,100.304846468766,32.5313548659646,25.7995689339274,27.1562147583201,0,4,5,0,1,12.107,1.20799999999963,"0",0.0375478156171839
"115","Serbia","Nemanja Radonjić","Left Wing Back","Alisson Ramsés Becker",2,97,3,0.246862,TRUE,"From Free Kick","Normal","Right Foot","Blocked",93.8,21.5,116.5,39.9,32.0731975331428,3.50142828000232,54.7738221083604,88.3634229583833,33.5896008500229,28.8748910519995,29.2207118325341,0.207860393421667,4,8,2,1,38.7129999999997,4.96500000000015,"0",0.0328154340908831
"116","Serbia","Aleksandar Mitrović","Center Forward","Devis Rogers Epassy Mboka",1,5,38,1.094513,FALSE,"Regular Play","Normal","Head","Off T",110.4,33,118,37.8,11.8810773922233,2.9732137494637,53.901716032892,42.2736890060937,11.6280270267983,9.50194287322306,8.98888202169769,0,0,2,0,1,33.643,1.09399999999999,"0",0.189677186284107
"117","Serbia","Aleksandar Mitrović","Center Forward","Devis Rogers Epassy Mboka",1,10,2,0.738866,FALSE,"Regular Play","Normal","Left Foot","Post",114.4,54.2,118.6,43.7,15.2643375224737,3.9560080889705,158.477399892093,159.274441134439,0.797041242346467,25.6426789637576,11.3088460949825,0,0,2,0,1,14.043,12.78,"0",0.288794970607061
"118","Serbia","Filip Kostić","Left Wing Back","Devis Rogers Epassy Mboka",1,10,14,0.570053,FALSE,"Regular Play","Normal","Left Foot","Off T",108.2,21.4,117.9,36.8,22.0272558436134,3.82753184180093,32.3913932066338,33.2748879848348,0.883494778201062,31.0591583907515,18.2002747232013,0,1,4,0,1,26.253,0.569999999999936,"0",0.189263693575716
"119","Cameroon","Nicolas Alexis Julio N'Koulou Ndoubena","Left Center Back","Vanja Milinković Savić",1,15,11,1.55122,FALSE,"From Free Kick","Normal","Left Foot","Off T",95.9,33.9,116.9,40.5,24.860008045051,3.14006369362151,75.796062046486,99.1623470457217,23.3662849992357,17.9350542970968,22.012723593413,0.139726960836259,3,6,1,1,8.45699999999999,1.55100000000004,"0",0.0348316301615159
"120","Serbia","Aleksandar Mitrović","Center Forward","Devis Rogers Epassy Mboka",1,16,22,0.43822,TRUE,"From Throw In","Half Volley","Right Foot","Off T",108.9,38.6,116.4,39.1,11.1879399354841,3.71079506305589,82.8114628572634,75.9637565320735,6.84770632518986,26.4913700772799,7.51664818918645,0.686802819743449,1,5,1,1,6.61000000000001,0.439000000000078,"0",0.0878214235186398
"121","Cameroon","Pierre Kunde Malong","Left Center Midfield","Vanja Milinković Savić",1,18,37,0.527488,FALSE,"Regular Play","Half Volley","Right Foot","Saved",108.1,60.1,118,44.2,23.3585102264678,4.65188133984521,149.372778684462,154.536654938128,5.16387625366656,35.0724002599037,18.7301895345456,0,0,0,0,1,21.0600000000002,0.527999999999793,"0",0.132812101639505
"122","Cameroon","Pierre Kunde Malong","Left Center Midfield","Vanja Milinković Savić",1,19,31,0.484119,FALSE,"From Corner","Normal","Right Foot","Blocked",96.8,50.1,118.2,42,25.30316185776,2.69072480941474,113.525651608151,138.012787504183,24.4871358960323,25.7837176234016,22.8816520382598,0.417043344095191,8,10,4,1,4.30999999999995,0.547000000000025,"0",0.0133266497822805
"123","Cameroon","Nicolas Alexis Julio N'Koulou Ndoubena","Left Center Back","Vanja Milinković Savić",1,28,6,0.195383,FALSE,"From Corner","Normal","Head","Blocked",115.2,33.5,118.5,38.2,8.0802227692063,2.34307490277199,36.4444417565871,39.8055710922652,3.36112933567815,8.09250973771609,5.74282160614449,0.836688618369778,3,5,2,1,1.09399999999982,92.142,"0",0.0954204337816445
"124","Cameroon","Jean-Charles Castelletto","Right Center Back","Vanja Milinković Savić",1,28,7,0.1315,FALSE,"From Corner","Volley","Right Foot","Goal",118.5,43.2,119,37.9,3.53411940941446,2.3259406699226,154.885165113855,25.4633450618716,129.421820051984,11.632744137474,5.32353266168247,0,0,0,0,1,1.81999999999994,91.4159999999999,"1",0.282691079675622
"125","Serbia","Strahinja Pavlović","Left Center Back","Devis Rogers Epassy Mboka",1,45,22,0.83453,FALSE,"From Free Kick","Normal","Head","Goal",110.7,42.8,118,41,9.71236325515062,2.23606797749979,106.755748929199,116.565051177078,9.80930224787899,13.5961140482718,7.51864349467375,0,2,4,0,1,1.85400000000027,0.833999999999833,"1",0.195684612383454
"126","Serbia","Sergej Milinković-Savić","Left Attacking Midfield","Devis Rogers Epassy Mboka",1,47,52,0.845537,FALSE,"From Throw In","Normal","Left Foot","Goal",99.6,46.7,116.3,41.4,21.4720748880959,3.9560080889705,108.181802696149,110.725558865561,2.54375616941189,24.499474064362,17.5208447284941,0.210351580955835,4,7,1,1,14.1200000000003,42.7979999999998,"1",0.0375779669890632
"127","Serbia","Aleksandar Mitrović","Center Forward","Devis Rogers Epassy Mboka",1,50,0,0.108248,FALSE,"From Throw In","Normal","Right Foot","Blocked",98.4,45.9,113.8,42.3,22.3912929506092,6.61286624694618,105.277561232076,110.353229148069,5.07566791599302,32.8048202360592,15.8151825787754,0.273998312175596,1,2,1,1,15.3329999999996,0.156000000000404,"0",0.0345027033263386
"128","Serbia","Saša Lukić","Left Defensive Midfield","Devis Rogers Epassy Mboka",1,51,13,0.430855,FALSE,"From Corner","Half Volley","Right Foot","Blocked",103,49.6,117.1,41.6,19.5233193898988,3.31209903233584,119.453672726921,118.886581766911,0.56709096001029,30.7779754642532,16.2114157308978,0.42403469963822,5,8,4,1,3.18599999999969,13.2440000000001,"0",0.0307610436755657
"129","Serbia","Aleksandar Mitrović","Center Forward","Devis Rogers Epassy Mboka",2,52,26,0.441784,FALSE,"Regular Play","Normal","Right Foot","Goal",113.6,40.2,113.1,46.5,6.40312423743285,9.47945146092326,91.7899106082459,133.290185955858,41.5002753476126,14.5502405519333,6.31981012372998,0,1,2,0,0,10.346,0.442000000000007,"1",0.320841465576446
"130","Cameroon","Vincent Paté Aboubakar","Center Attacking Midfield","Vanja Milinković Savić",2,59,40,0.160853,FALSE,"From Counter","Normal","Left Foot","Blocked",106.5,47.6,116.6,42.2,15.49225613008,4.04969134626332,119.377899737289,122.905242922988,3.52734318569875,7.96146075911903,11.4529472189476,0.857492925712544,2,4,1,1,13.0770000000002,10.2930000000001,"0",0.0759322619757102
"131","Cameroon","Karl Brillant Toko Ekambi","Left Wing","Vanja Milinković Savić",2,61,53,0.711851,FALSE,"From Counter","Normal","Right Foot","Saved",106.4,24.5,117.4,36.7,20.6206207472035,4.20119030752,41.2643408733823,38.2338251774469,3.03051569593543,22.7840042832073,16.4268073587049,0.561655956301732,1,3,1,1,13.3900000000003,0,"0",0.117575354551981
"132","Serbia","Sergej Milinković-Savić","Left Attacking Midfield","Devis Rogers Epassy Mboka",2,62,22,1.368931,TRUE,"From Keeper","Lob","Right Foot","Off T",96.4,47.8,109.1,42.8,24.8555828738736,11.2538882169675,108.289158350003,104.406685156437,3.88247319356589,18.0456419308725,13.6488094718917,0,0,2,0,1,7.45300000000043,1.36899999999969,"0",0.0448148114249293
"133","Cameroon","Vincent Paté Aboubakar","Center Attacking Midfield","Vanja Milinković Savić",2,62,52,2.489471,FALSE,"From Goal Kick","Lob","Right Foot","Goal",104.4,49,107.6,47.3,18.0099972237644,14.3892320851392,119.981639368849,120.485733706332,0.504094337482186,7.4870000415393,3.62353418639868,0,0,1,0,1,20.1350000000002,2.48899999999958,"1",0.171079819738445
"134","Cameroon","Jean-Eric Maxim Choupo-Moting","Center Forward","Vanja Milinković Savić",2,65,25,0.375912,FALSE,"From Counter","Normal","Left Foot","Goal",111,37,116.8,39.8,9.48683298050514,3.20624390837628,71.565051177078,86.4236656250026,14.8586144479246,23.9654081371283,6.44049687524184,0,0,0,0,1,9.39400000000023,98.8739999999998,"1",0.239171328252004
"135","Serbia","Nikola Milenković","Right Center Back","Devis Rogers Epassy Mboka",2,69,58,1.593264,TRUE,"From Corner","Normal","Head","Wayward",110.5,45.7,117.9,41.7,11.0788086002061,2.70185121722126,120.963756532074,128.990994042506,8.02723751043203,10.8393311084482,8.41189633792524,1.93163922054908,3,7,4,1,2.01699999999983,47.0470000000005,"0",0.025595583188971
"136","Serbia","Aleksandar Mitrović","Center Forward","Devis Rogers Epassy Mboka",2,75,52,0.239098,FALSE,"From Free Kick","Normal","Right Foot","Saved",110.1,55.7,113.8,50,18.5607111932706,11.7660528640662,147.765565781059,148.201087175706,0.435521394646969,28.1185728261577,6.79558680321281,0,0,0,0,1,47.0559999999996,6.15999999999985,"0",0.218670338237222
"137","Serbia","Sergej Milinković-Savić","Left Attacking Midfield","Devis Rogers Epassy Mboka",2,77,24,0.749327,FALSE,"Regular Play","Normal","Right Foot","Off T",95.2,48.2,115.3,42.6,26.1204900413449,5.37121960079832,108.296218393034,118.950995207467,10.6547768144324,34.6549166869356,20.8655218003289,0.183247329075114,5,7,1,1,61.7669999999998,19.2020000000002,"0",0.0275055482331265
"138","Cameroon","Vincent Paté Aboubakar","Center Attacking Midfield","Vanja Milinković Savić",2,86,7,0.821613,FALSE,"From Throw In","Normal","Right Foot","Saved",94,24.8,114.8,37.2,30.1171047745297,5.90592922409336,59.6887867733184,61.6992442339936,2.01045746067524,28.850062287915,24.2156973882645,0,2,6,0,1,18.241,0,"0",0.0327753572757938
"139","Serbia","Aleksandar Mitrović","Left Center Forward","Devis Rogers Epassy Mboka",2,88,4,0.665074,FALSE,"From Keeper","Normal","Right Foot","Off T",105.1,38.3,117.4,40.8,14.996666296214,2.72029410174708,83.4910435594974,107.102728969052,23.611685409555,25.0143681182005,12.5514939349864,0,3,5,0,1,113.152,0.664999999999964,"0",0.11309938948393
"140","Serbia","Marko Grujić","Right Center Midfield","Devis Rogers Epassy Mboka",2,94,42,0.827794,FALSE,"From Throw In","Half Volley","Right Foot","Saved",92.3,33.6,116.2,39.5,28.429737951659,3.83275357934736,76.9902775454983,82.5041423602702,5.51386481477186,29.6213788339592,24.6174734690626,0.206724557648681,5,7,1,1,9.26400000000012,0.82799999999952,"0",0.0181419790073838
"141","Mexico","Luis Gerardo Chávez Magallón","Left Defensive Midfield","Mohammed Khalil Al Owais",1,1,9,0.943258,FALSE,"From Throw In","Normal","Left Foot","Off T",91.7,51.5,118,41,30.5473403097553,2.23606797749979,112.114878708584,116.565051177078,4.4501724684944,30.4487981054776,28.3185451603715,0.112352458722831,7,9,1,1,6.48200000000001,0.943999999999988,"0",0.0127492301833341
"142","Saudi Arabia","Saleh Khalid Al Shehri","Right Center Forward","Francisco Guillermo Ochoa Magaña",1,2,8,1.394869,FALSE,"From Throw In","Volley","Left Foot","Saved",92.9,41.7,117,40.7,27.1532686798477,3.08058436014987,93.5894967408382,103.134022306396,9.54452556555816,17.2782030866203,24.1207379654935,0.310086836473022,3,4,1,1,25.998,0,"0",0.0151208058343615
"143","Mexico","Ernesto Alexis Vega Rojas","Left Wing","Mohammed Khalil Al Owais",1,2,37,0.223298,FALSE,"From Keeper","Normal","Right Foot","Saved",101.6,38.9,105.8,39.3,18.432851108822,14.2172430520126,86.5787807235708,87.1778447001881,0.599063976617344,15.4615594422092,4.2190046219458,0,0,0,0,1,21.096,9.393,"0",0.104545868970404
"144","Saudi Arabia","Mohammed Kanoo","Left Center Forward","Francisco Guillermo Ochoa Magaña",1,7,41,1.177359,FALSE,"From Goal Kick","Half Volley","Right Foot","Off T",113,54.1,118.1,44.1,15.7419820861288,4.518849411078,153.597720485915,155.136303428248,1.53858294233297,15.8511798893905,11.2254175868874,0,0,0,0,1,15.445,1.178,"0",0.318649340598802
"145","Mexico","Luis Gerardo Chávez Magallón","Left Defensive Midfield","Mohammed Khalil Al Owais",1,22,21,0.992747,FALSE,"Regular Play","Volley","Left Foot","Saved",92.7,40.4,118.9,39.2,27.3029302456714,1.36014705087354,90.8394385337122,53.9726266148964,36.8668119188159,26.0165902289678,26.2274665188996,0.33393272751832,7,9,3,1,28.529,0.992999999999938,"0",0.0163599116184999
"146","Mexico","Orbelín Pineda Alvarado","Center Attacking Midfield","Mohammed Khalil Al Owais",1,24,27,0.843091,FALSE,"From Free Kick","Normal","Right Foot","Saved",104,44.6,118.8,41.9,16.6481230173254,2.24722050542442,106.03994330605,147.724355685422,41.6844123793726,18.6336581808184,15.0442680114388,0.517780373078498,3,7,1,1,25.3330000000001,0.0399999999999636,"0",0.061783312364571
"147","Mexico","Orbelín Pineda Alvarado","Center Attacking Midfield","Mohammed Khalil Al Owais",1,26,25,0.095752,FALSE,"Regular Play","Diving Header","Head","Wayward",115.8,34.5,117.9,39.5,6.92026011071838,2.15870331449228,37.3666694127687,76.6075022462489,39.2408328334802,14.7695459350519,5.4230987451825,0,0,1,0,1,13.6949999999999,0.820000000000164,"0",0.301525131954181
"148","Mexico","Luis Gerardo Chávez Magallón","Left Defensive Midfield","Mohammed Khalil Al Owais",1,34,17,0.115001,FALSE,"From Free Kick","Normal","Left Foot","Blocked",89.6,28.9,117.9,39.1,32.3630962671992,2.28473193175917,69.9412655131609,66.8014094863518,3.13985602680916,34.6188802486838,30.0820544511175,0.350343476400311,6,10,2,1,7.93100000000004,0.234999999999673,"0",0.0142855499925287
"149","Mexico","Jesús Daniel Gallardo Vasconcelos","Left Back","Mohammed Khalil Al Owais",1,35,8,0.513332,FALSE,"From Corner","Half Volley","Right Foot","Off T",106.8,43.3,119.1,41.1,13.6062485645383,1.42126704035519,104.036243467926,140.710593137499,36.674349669573,27.4288917120474,12.4951990780459,0.566498961598973,7,9,4,1,1.52700000000004,54.0030000000002,"0",0.0465723206036416
"150","Mexico","Orbelín Pineda Alvarado","Center Attacking Midfield","Mohammed Khalil Al Owais",1,40,39,0.135638,FALSE,"From Free Kick","Normal","Left Foot","Blocked",102,45.2,119.3,41.6,18.7360614858086,1.7464249196573,106.113418233089,156.370622269343,50.2572040362539,28.6772885751438,17.6705970470723,0.4355563701378,5,7,2,1,10.2890000000002,0.215000000000146,"0",0.0511505031516493
"151","Mexico","Ernesto Alexis Vega Rojas","Left Wing","Mohammed Khalil Al Owais",1,44,7,0.102625,FALSE,"From Free Kick","Normal","Right Foot","Blocked",106.1,29.3,117.7,37.7,17.541379649275,3.25269119345811,52.4114928591789,45,7.41149285917888,23.4671757930179,14.3220110319745,0.413096192386013,2,5,1,1,16.0729999999999,18.4000000000001,"0",0.098031106690485
"152","Mexico","Luis Gerardo Chávez Magallón","Left Defensive Midfield","Mohammed Khalil Al Owais",1,44,16,0.490337,FALSE,"From Free Kick","Half Volley","Left Foot","Blocked",92.9,30,118.5,38,28.8861558536265,2.5,69.7457530968767,36.869897645844,32.8758554510327,30.0078088530177,26.8208873827843,0.238832581301448,5,9,3,1,24.8129999999996,9.66000000000031,"0",0.0225051280160481
"153","Saudi Arabia","Ali Al Hassan","Right Defensive Midfield","Francisco Guillermo Ochoa Magaña",1,50,12,1.073943,FALSE,"Regular Play","Diving Header","Head","Off T",110.1,45.6,118.8,42.5,11.3740933704626,2.77308492477241,119.494955817688,154.358994175695,34.8640383580069,15.8902001364489,9.23579991121506,0.620173672946039,3,6,1,1,32.0410000000002,1.07400000000007,"0",0.123489605890368
"154","Mexico","Luis Gerardo Chávez Magallón","Left Defensive Midfield","Mohammed Khalil Al Owais",2,46,12,1.058262,FALSE,"Regular Play","Normal","Left Foot","Saved",85.5,41.2,118.2,39.2,34.520863256877,1.96977156035922,91.9920935729665,66.0375110254219,25.9545825475446,30.8152244953625,32.7611049874695,0,4,8,0,1,12.6329999999998,5.57400000000007,"0",0.00867149259877626
"155","Mexico","Hirving Rodrigo Lozano Bahena","Left Wing","Mohammed Khalil Al Owais",2,46,17,0.120075,FALSE,"Regular Play","Normal","Right Foot","Blocked",102.7,19.2,118.5,37.7,27.0542048487846,2.74590604354919,39.7513394193806,33.1113419603721,6.6399974590085,16.530862578621,24.328789530102,0.503792721859879,3,5,1,1,18.047,0.159999999999854,"0",0.0716565061654985
"156","Mexico","Henry Josué Martín Mex","Center Forward","Mohammed Khalil Al Owais",2,46,52,0.607294,FALSE,"From Corner","Volley","Left Foot","Goal",116.7,40.2,118.7,39.1,3.30605505096331,1.58113883008419,93.4682292589172,55.304846468766,38.1633827901512,5.59133692951013,2.28254244210267,0.743294146247167,1,1,1,1,1.82299999999987,0.607000000000426,"1",0.12501982269458
"157","Saudi Arabia","Sultan Abdullah Salim Al Ghannam","Right Wing Back","Francisco Guillermo Ochoa Magaña",2,49,14,0.670349,FALSE,"From Free Kick","Volley","Right Foot","Off T",115.8,46.7,119.2,41.4,7.90759128938769,1.61245154965971,147.917812843934,150.255118703058,2.33730585912389,6.40762695101046,6.29682459657247,0,0,1,0,1,9.49099999999999,0.670000000000073,"0",0.333397834656011
"158","Saudi Arabia","Sultan Abdullah Salim Al Ghannam","Right Wing Back","Francisco Guillermo Ochoa Magaña",2,54,5,0.862609,FALSE,"From Throw In","Normal","Head","Off T",114.8,52.4,118.9,43.6,13.4461890511773,3.76430604494374,157.249023657212,163.009176708014,5.76015305080159,9.92381695949507,9.7082439194738,0,0,0,0,1,43.2570000000001,0.862999999999829,"0",0.262780510670182
"159","Mexico","Henry Josué Martín Mex","Center Forward","Mohammed Khalil Al Owais",2,58,56,0.561729,TRUE,"From Corner","Normal","Head","Wayward",112,40,119.1,39.8,8,0.921954445729295,90,77.4711922908484,12.5288077091516,29.4490222906722,7.1028163428319,1.92307559004189,5,7,3,1,1.79799999999977,8.33400000000029,"0",0.0297829740941098
"160","Saudi Arabia","Abdulelah Al Amri","Right Center Back","Francisco Guillermo Ochoa Magaña",2,61,53,0.980682,FALSE,"From Free Kick","Normal","Head","Off T",109.1,45.1,119.4,41.3,12.0341181646185,1.43178210632763,115.074419341816,155.224859431168,40.1504400893526,12.2283071578847,10.9786155775672,0,3,5,0,1,1.84299999999985,0.980000000000018,"0",0.161672268395857
"161","Mexico","Hirving Rodrigo Lozano Bahena","Left Wing","Mohammed Khalil Al Owais",2,66,1,0.894077,FALSE,"From Counter","Normal","Right Foot","Saved",97.5,31.3,117.5,38.3,24.1234325915695,3.0232432915662,68.8601751913423,55.7842978675626,13.0758773237798,23.9533232902832,21.1896201004171,0,2,3,0,1,10.4319999999998,0,"0",0.0565867932620262
"162","Saudi Arabia","Firas Tariq Nasser Al Albirakan","Center Forward","Francisco Guillermo Ochoa Magaña",2,66,25,0.013741,FALSE,"From Keeper","Half Volley","Left Foot","Blocked",101.4,25.4,115.9,36.2,23.645718428502,5.59016994374947,51.8699923082142,47.17474411461,4.69524819360421,82.9761607669844,18.080099557248,0.877058019307033,0,1,1,1,5.65800000000036,0.132999999999811,"0",0.053095343090782
"163","Mexico","Henry Josué Martín Mex","Center Forward","Mohammed Khalil Al Owais",2,69,31,0.584176,FALSE,"From Free Kick","Volley","Left Foot","Off T",108.8,34.9,115.3,37.7,12.3065023463208,5.23259018078045,65.5175141026529,63.9246444160513,1.59286968660161,19.8481732089449,7.0774289116882,0,0,0,0,1,8.29700000000048,0.583999999999833,"0",0.175640663552189
"164","Mexico","Orbelín Pineda Alvarado","Center Attacking Midfield","Mohammed Khalil Al Owais",2,75,39,1.016068,FALSE,"From Free Kick","Normal","Right Foot","Off T",100.5,32.9,117.1,38.8,20.7523492646013,3.13847096529505,69.9933052622597,67.5205656028969,2.47273965936286,23.06546736096,17.6173210222213,0.206152704388184,2,4,1,1,21.9270000000006,48.634,"0",0.0578003023816057
"165","Mexico","Carlos Uriel Antuna Romero","Right Wing","Mohammed Khalil Al Owais",2,77,12,0.181083,FALSE,"From Counter","Normal","Right Foot","Blocked",109.4,35.9,115.2,26.8,11.3652980603238,14.0456398928635,68.8539058205923,19.9831065219,48.8707992986923,9.43656085366104,10.7912001186152,0.517780373078498,1,2,1,1,8.84000000000015,35.1590000000006,"0",0.186620406894533
"166","Mexico","Edson Omar Álvarez Velázquez","Right Defensive Midfield","Mohammed Khalil Al Owais",2,77,46,0.229239,FALSE,"Regular Play","Half Volley","Right Foot","Saved",85.8,42.8,118.6,41.1,34.3144284521832,1.78044938147649,94.6804436182532,128.157226587369,33.4767829691157,143.528943683622,32.8440253318621,0.21595294867254,6,8,3,1,42.5390000000007,1.46000000000004,"0",0.00957633110798876
"167","Saudi Arabia","Salem Mohammed Al Dawsari","Left Wing","Francisco Guillermo Ochoa Magaña",2,80,0,1.38626,FALSE,"From Throw In","Normal","Right Foot","Off T",89.2,40.3,118.3,40.4,30.8014610043095,1.7464249196573,90.5580581267719,103.240519915187,12.6824617884153,22.3452175268155,29.1001718207986,0.0916467483921004,5,8,1,1,13.8620000000001,1.38700000000063,"0",0.0110489507726572
"168","Mexico","Luis Gerardo Chávez Magallón","Left Defensive Midfield","Mohammed Khalil Al Owais",2,82,14,0.15831,FALSE,"From Free Kick","Normal","Left Foot","Blocked",101,46,118.8,40.7,19.9248588451713,1.38924439894498,107.525568373723,120.256437163529,12.7308687898064,45.0440186621365,18.5722911887575,0.558760281639334,7,10,5,1,1.11599999999999,31.3850000000002,"0",0.0399017586106077
"169","Mexico","Rogelio Gabriel Funes Mori","Left Center Forward","Mohammed Khalil Al Owais",2,88,12,0.173602,FALSE,"From Counter","Normal","Right Foot","Blocked",98.8,37.4,117.7,39.4,21.358838919754,2.37697286480094,83.0080746533322,75.3791260113683,7.62894864196389,25.0092664210002,19.0055255123346,0.20761369963435,4,6,1,1,13.4480000000003,87.3389999999999,"0",0.0511439595996432
"170","Mexico","Hirving Rodrigo Lozano Bahena","Left Midfield","Mohammed Khalil Al Owais",2,93,10,0.926243,FALSE,"From Free Kick","Normal","Right Foot","Off T",101.9,28.3,117.5,39.4,21.5522620622523,2.57099202643649,57.1210154525857,76.5042667192042,19.3832512666184,29.1222141246317,19.1460178627306,0.18242223059788,6,8,1,1,18.9129999999996,0.92699999999968,"0",0.0745171087271351
"171","Saudi Arabia","Salem Mohammed Al Dawsari","Left Wing","Francisco Guillermo Ochoa Magaña",2,94,40,0.526869,FALSE,"Regular Play","Normal","Right Foot","Goal",110.9,45.2,115,43,10.4809350727881,5.8309518948453,119.744881296942,120.963756532074,1.21887523513129,17.9629905271798,4.65295604965273,0,0,0,0,1,18.0100000000002,0.527000000000044,"1",0.221404812831721
"172","England","Marcus Rashford","Left Wing","Daniel Ward",1,9,11,0.135614,FALSE,"From Throw In","Normal","Right Foot","Saved",104,39.5,107,39.6,16.0078105935821,13.0061523903113,88.2100893917539,88.2376089763394,0.0275195845854341,20.6994393611547,3.00166620396073,0,0,0,0,1,38.757,0.134999999999991,"0",0.109733796099022
"173","England","Phil Foden","Right Wing","Daniel Ward",1,14,3,1.015402,FALSE,"From Free Kick","Normal","Left Foot","Off T",97.4,54.6,116.4,40.6,26.9057614647867,3.64965751817893,122.863175544708,99.4623222080257,23.4008533366821,23.9937404692746,23.6008474424119,0.312930042689014,6,10,2,1,5.48399999999992,1.01600000000008,"0",0.0267062941060041
"174","England","Harry Maguire","Left Center Back","Daniel Ward",1,17,59,0.58944,TRUE,"From Free Kick","Normal","Head","Off T",120,54.6,118.6,44.3,14.6,4.522167621838,180,161.96571443287,18.0342855671299,9.50054288816504,10.3947101931704,0,0,0,0,0,3.70299999999997,0.589999999999918,"0",0.473594997798813
"175","England","Marcus Rashford","Left Wing","Daniel Ward",1,23,3,0.27313,FALSE,"From Free Kick","Normal","Right Foot","Blocked",98.2,19.5,117.2,37.4,29.9247389295212,3.82099463490856,46.7603091305793,47.1210963966614,0.360787266082113,38.1281183854789,26.1038311364443,0,6,10,0,1,9.50900000000001,2.86599999999999,"0",0.0673680262690751
"176","England","Phil Foden","Right Wing","Daniel Ward",1,37,12,0.823775,FALSE,"Regular Play","Normal","Left Foot","Off T",105.5,47.4,116.2,41.8,16.2791277407606,4.20475920832572,117.037258448483,115.346175941947,1.69108250653672,24.6366705639069,12.0768373343355,0.478913142610576,2,6,1,1,15.3919999999998,0.82300000000032,"0",0.0779734423843423
"177","Wales","Joe Allen","Right Defensive Midfield","Jordan Pickford",1,38,12,0.075756,FALSE,"From Goal Kick","Normal","Right Foot","Blocked",94.1,47,116.6,41.7,26.8292750554315,3.80131556174965,105.124007308311,116.565051177078,11.4410438687674,38.0982884251066,23.1157954654388,0.28216632399155,6,8,1,1,19.931,0.217999999999847,"0",0.0299354851154666
"178","England","Marcus Rashford","Left Wing","Daniel Ward",1,38,38,0.731471,FALSE,"Regular Play","Overhead Kick","Right Foot","Off T",108.4,35,117.6,39.3,12.6317061397105,2.50000000000001,66.6822916132449,73.739795291688,7.0575036784431,18.1784269521035,10.1552941857929,0,0,1,0,1,23.181,0.731000000000222,"0",0.156248885736543
"179","England","Harry Kane","Center Forward","Daniel Ward",1,43,51,0.059271,FALSE,"From Free Kick","Normal","Left Foot","Blocked",101.5,35.7,116.9,37.9,18.993156662335,3.74432904536981,76.9149400637678,55.8855270546587,21.0294130091092,11.9300632887339,15.556349186104,1.2588512800209,5,8,3,1,28.4750000000004,9.67499999999973,"0",0.027291993344882
"180","England","Harry Kane","Center Forward","Daniel Ward",1,47,16,0.041796,FALSE,"Regular Play","Normal","Right Foot","Blocked",101.2,27.6,116.6,37.2,22.5211012164148,4.40454310910905,56.5921754102911,50.5275401516563,6.06463525863482,60.3858238306246,18.1471760888575,0.360609222987309,3,7,1,1,19.221,0.162000000000262,"0",0.0668703972037898
"181","England","John Stones","Right Center Back","Daniel Ward",1,47,55,1.461381,TRUE,"From Corner","Normal","Head","Saved",112.8,55.4,117.9,42.5,17,3.2649655434629,154.942384581697,139.96974072811,14.9726438535866,11.5279050366175,13.8715536260363,0.971285862357265,2,6,1,1,2.55099999999993,0,"0",0.0661012411611673
"182","Wales","Joe Allen","Right Defensive Midfield","Jordan Pickford",1,49,36,0.703486,FALSE,"From Throw In","Normal","Left Foot","Off T",100.7,51.3,117.6,42.2,22.3647043351796,3.25576411921995,120.348641428178,132.510447078001,12.161805649823,36.0941524599677,19.1942699783034,0.325361141259762,5,7,2,1,5.41100000000006,0.704000000000178,"0",0.037378160630765
"183","England","Phil Foden","Left Wing","Daniel Ward",2,50,53,0.250958,FALSE,"Regular Play","Normal","Left Foot","Goal",114.5,34.1,118,39.4,8.06597793203031,2.08806130178211,42.9904461869789,73.3007557660063,30.3103095790274,28.5708234369789,6.35137780328017,0,1,2,0,1,4.97299999999996,0.251000000000204,"1",0.27775087480833
"184","Wales","Kieffer Roberto Francisco Moore","Center Forward","Jordan Pickford",2,55,7,0.434285,FALSE,"From Counter","Normal","Right Foot","Saved",90.1,22.3,117.9,40,34.7462228163005,2.09999999999999,59.3756024581228,90,30.6243975418772,73.9257130624217,32.9564864632139,0,3,5,0,1,4.03699999999981,1.25300000000016,"0",0.0297555565929641
"185","England","Marcus Rashford","Right Wing","Daniel Ward",2,67,40,0.677025,FALSE,"From Throw In","Normal","Left Foot","Goal",109.9,50.3,117.1,43.7,14.4256715614906,4.70106370941727,135.561705332567,141.911227119025,6.34952178645807,19.8837528890362,9.76729235765981,0.256073759865792,1,4,1,1,43.6040000000003,0.67699999999968,"1",0.132794727340887
"186","England","Marcus Rashford","Right Wing","Daniel Ward",2,71,21,0.368462,FALSE,"Regular Play","Normal","Right Foot","Saved",110.3,52.4,116.3,44.6,15.7432525229064,5.90338885725818,141.965418490055,141.188615963242,0.776802526813498,26.2920490226582,9.84073168011403,0,0,1,0,1,12.2399999999998,0.368000000000393,"0",0.197766794326942
"187","Wales","Brennan Johnson","Right Wing","Jordan Pickford",2,72,29,0.14249,FALSE,"From Keeper","Normal","Right Foot","Blocked",104.5,57.3,117.7,43.4,23.2280003444119,4.10487515035476,138.141129835636,145.922804719869,7.78167488423318,16.8725037268177,19.1689853669932,0.344827586206897,2,4,1,1,25.1030000000001,18.7489999999998,"0",0.067025706065606
"188","England","Jude Bellingham","Left Center Midfield","Daniel Ward",2,76,38,0.478148,FALSE,"From Counter","Normal","Right Foot","Saved",104.3,32.8,115.1,38.6,17.2722320503171,5.09607692249637,65.3638703501095,74.0546040990772,8.69073374896769,26.4030785466175,12.2588743365776,0,0,1,0,1,4.44799999999941,3.69300000000021,"0",0.131845589159331
"189","England","Jude Bellingham","Left Center Midfield","Daniel Ward",2,76,40,0.819566,FALSE,"From Counter","Normal","Left Foot","Wayward",112.7,29.3,116.8,36.1,12.9529919323684,5.04479930225178,34.3034892642219,39.3693172423648,5.0658279781429,13.346654501542,7.94040301244212,0,0,1,0,1,6.47400000000016,1.66699999999946,"0",0.293516459652416
"190","England","Phil Foden","Left Wing","Daniel Ward",2,76,41,0.720974,FALSE,"From Counter","Half Volley","Left Foot","Off T",116.1,39.5,116.4,35.3,3.93192065026751,5.92030404624627,82.6942404666892,37.4505782317367,45.2436622349525,9.57942819010506,4.21070065428546,0.265653214180927,0,1,1,1,7.42000000000007,0.720999999999549,"0",0.330583670374883
"191","Wales","Rubin Colwill","Right Defensive Midfield","Jordan Pickford",2,83,41,0.710674,FALSE,"From Throw In","Normal","Right Foot","Off T",98.3,26.1,117.6,37.9,25.7701377567137,3.1890437438204,57.3582850593176,48.8140748342904,8.54421022502724,36.8021758818627,22.6214499977344,0,5,7,0,1,30.9540000000006,0.710000000000036,"0",0.0492588668888907
"192","Wales","Kieffer Roberto Francisco Moore","Center Forward","Jordan Pickford",2,86,15,0.593933,FALSE,"Regular Play","Normal","Right Foot","Off T",102.1,34.6,117.2,39.2,18.6967911685401,2.9120439557122,73.2126987971509,74.0546040990772,0.841905301926261,35.7311727540329,15.7851195750935,0.623782861551802,1,4,1,1,9.13400000000001,0.594000000000051,"0",0.0506810932178354
"193","England","John Stones","Right Center Back","Daniel Ward",2,90,53,0.387202,TRUE,"From Corner","Half Volley","Left Foot","Post",114.4,43.9,118.7,40.8,6.82422156732912,1.52643375224737,124.854455566104,121.607502246249,3.24695331985478,14.9725807621198,5.30094331227943,0,2,1,0,1,4.33199999999943,0.386999999999716,"0",0.176841478280308
"194","England","Phil Foden","Right Wing","Daniel Ward",2,93,25,0.138979,FALSE,"From Free Kick","Normal","Left Foot","Blocked",111,48.5,117.7,43.2,12.3794184031399,3.94081209904761,133.363422958383,144.293308599397,10.9298856410139,12.2532083019207,8.54283325366942,0.592123238856681,2,5,2,1,60.0770000000002,1.86099999999988,"0",0.139783366002057
"195","Portugal","Ricardo Jorge Luz Horta","Right Wing","Seung-Gyu Kim",1,4,53,0.575243,FALSE,"From Goal Kick","Normal","Right Foot","Goal",113.6,47,118.5,44.5,9.4847245611035,4.74341649025257,137.563770211465,161.565051177078,24.001280965613,15.7341624308124,5.50090901579003,0,1,2,0,1,26.267,0.576000000000022,"1",0.367146300540503
"196","Portugal","João Pedro Cavaco Cancelo","Left Back","Seung-Gyu Kim",1,14,4,0.48963,FALSE,"From Throw In","Normal","Right Foot","Saved",117.5,20.6,119.3,36,19.5604192184115,4.06078810084939,7.34300811700682,9.92624550665174,2.58323738964492,31.6907973914815,15.5048379546514,0,0,1,0,1,74.101,52.6279999999999,"0",0.372230473858634
"197","South Korea","Heung-Min Son","Left Wing","Diogo Meireles Costa",1,15,21,0.025891,FALSE,"From Free Kick","Normal","Right Foot","Blocked",108.5,21.6,118.6,36.9,21.6981566037302,3.40147027033899,32.0053832080835,24.3045492659368,7.70083394214671,70.9032472700391,18.3330303005259,0.503792721859879,3,6,1,1,19.877,12.864,"0",0.144350070295414
"198","South Korea","Gue-Sung Cho","Center Forward","Diogo Meireles Costa",1,16,9,0.638802,FALSE,"From Corner","Normal","Head","Saved",111.1,32,118.7,37.7,11.9670380629461,2.64196896272458,48.0483749402983,29.4758890032457,18.5724859370526,15.7572825785287,9.50000000000001,1.04740241682274,5,5,2,1,5.6930000000001,1.62899999999991,"0",0.0544825971577537
"199","South Korea","Young-Gwon Kim","Left Center Back","Diogo Meireles Costa",1,26,43,0.421004,FALSE,"From Corner","Half Volley","Left Foot","Goal",116.7,38,118.7,38.2,3.85875627631495,2.22036033111745,58.7815972356536,35.8376529542783,22.9439442813753,12.3171201817219,2.00997512422418,0,2,0,0,1,2.18200000000002,58.1419999999998,"1",0.197318803115394
"200","South Korea","In-Beom Hwang","Right Center Midfield","Diogo Meireles Costa",1,30,18,0.046351,FALSE,"From Free Kick","Normal","Left Foot","Blocked",98.2,31.4,118.7,38.4,23.4350165350912,2.06155281280883,68.4709931181609,39.0938588862294,29.3771342319315,34.1122916460096,21.6621790224345,0.588235294117646,4,7,1,1,8.67599999999993,14.8890000000001,"0",0.0319442699782611
"201","Portugal","José Diogo Dalot Teixeira","Right Back","Seung-Gyu Kim",1,33,57,0.817957,FALSE,"Regular Play","Normal","Left Foot","Saved",92.8,40,116,40.1,27.2,4.00124980474851,90,91.4320961841651,1.43209618416506,28.1031525309715,23.2002155162404,0.23485569615051,2,4,1,1,53.3909999999998,0.817999999999984,"0",0.0205629671947226
"202","Portugal","Vitor Machado Ferreira","Left Center Midfield","Seung-Gyu Kim",1,34,33,1.355857,FALSE,"From Corner","Half Volley","Right Foot","Saved",91.6,45.7,118.8,41.6,28.9663597989116,2,101.348724465055,143.130102354156,41.7813778891009,20.2148109093924,27.507271765844,0.327016160977258,6,10,3,1,3.73099999999977,0,"0",0.00759330550088324
"203","Portugal","Cristiano Ronaldo dos Santos Aveiro","Center Forward","Seung-Gyu Kim",1,36,40,0.166577,FALSE,"From Free Kick","Normal","Right Foot","Blocked",110.6,56.3,118.8,43.8,18.8162164103201,3.98497176903425,150.028505067927,162.474431626277,12.4459265583498,23.094885922632,14.9495819339539,0.266028961489207,0,2,1,1,26.8789999999999,50.6900000000001,"0",0.153867007519494
"204","Portugal","Matheus Luiz Nunes","Right Center Midfield","Seung-Gyu Kim",1,40,32,1.181539,FALSE,"From Keeper","Normal","Right Foot","Off T",92.6,58.9,118.7,41.3,33.28618331981,1.83847763108502,124.59717490441,135,10.4028250955896,28.2683429833999,31.4796759830847,0,3,6,0,1,33.3119999999999,1.18100000000004,"0",0.0167878900200514
"205","Portugal","Vitor Machado Ferreira","Left Center Midfield","Seung-Gyu Kim",1,41,37,0.776897,FALSE,"From Throw In","Normal","Right Foot","Saved",97.8,46.9,118.8,41.3,23.2475805192712,1.76918060129541,107.265809495015,137.290610042638,30.0248005476238,28.2899772888633,21.733844574764,0.427610957356623,5,8,3,1,26.8389999999999,2.09099999999989,"0",0.0239026018977381
"206","Portugal","Cristiano Ronaldo dos Santos Aveiro","Center Forward","Seung-Gyu Kim",1,41,39,0.634588,FALSE,"From Throw In","Diving Header","Head","Off T",112.7,35,118.2,38.5,8.84816365128946,2.34307490277199,55.5915277479714,50.1944289077348,5.39709884023661,13.7675218946357,6.51920240520265,0,0,0,0,1,28.2949999999996,0.635000000000218,"0",0.1984168770634
"207","Portugal","Ricardo Jorge Luz Horta","Right Wing","Seung-Gyu Kim",1,43,40,0.798343,FALSE,"Regular Play","Normal","Left Foot","Saved",104.3,43.4,119,41.7,16.0639347608237,1.9723082923316,102.219312923219,149.53445508054,47.3151421573208,18.4646186028219,14.7979728341418,0.225302954529667,3,6,1,1,79.6240000000003,0,"0",0.0806142518851042
"208","Portugal","Ricardo Jorge Luz Horta","Right Wing","Seung-Gyu Kim",1,46,15,0.102323,FALSE,"From Goal Kick","Normal","Right Foot","Blocked",101.8,45.2,119,41.4,18.9282857121294,1.72046505340852,105.945395900923,144.462322208026,38.5169263071027,25.3721157232434,17.6147665326566,0.349215147884789,2,5,1,1,8.96000000000004,0.222999999999956,"0",0.0723933689937046
"209","South Korea","Heung-Min Son","Right Wing","Diogo Meireles Costa",2,55,33,0.069124,FALSE,"Regular Play","Normal","Right Foot","Blocked",104.5,54.7,118.2,44.2,21.3621160000595,4.56946386351835,133.482585874988,156.801409486352,23.318823611364,21.506378026906,17.2609385608083,0.589255650988788,0,1,1,1,13.192,0.108999999999924,"0",0.0588087920353449
"210","South Korea","Jae-Sung Lee","Left Wing","Diogo Meireles Costa",2,56,13,0.650188,FALSE,"From Corner","Volley","Left Foot","Off T",97.9,50.9,119.1,41.4,24.6418343473046,1.66433169770933,116.253099017217,147.264773727892,31.0116747106755,33.9988670738177,23.2312289816962,0.184707924075353,7,10,3,1,2.38599999999997,0.65099999999984,"0",0.0180820808339447
"211","South Korea","Heung-Min Son","Right Wing","Diogo Meireles Costa",2,65,35,0.063764,FALSE,"From Goal Kick","Normal","Left Foot","Saved",98.1,47.1,118.8,41.7,23.0221632345877,2.08086520466849,107.962741551517,144.782407031807,36.8196654802907,332.897399230326,21.3927557832085,0.516954839440495,3,6,2,1,12.4970000000003,0.0629999999996471,"0",0.0689080067180095
"212","South Korea","In-Beom Hwang","Right Center Midfield","Diogo Meireles Costa",2,66,30,0.563972,FALSE,"Regular Play","Normal","Left Foot","Saved",98.4,35.1,116.8,39.5,22.1488148667146,3.23882694814033,77.2186660045366,81.1193408494798,3.90067484494318,33.2429031352307,18.9187737446167,0,2,4,0,1,3.40599999999995,5.45299999999952,"0",0.0526530383080157
"213","South Korea","Heung-Min Son","Right Wing","Diogo Meireles Costa",2,69,50,0.14978,FALSE,"From Free Kick","Volley","Right Foot","Blocked",111.1,52.8,119.1,43.2,15.5900609363787,3.32415402771894,145.188628008453,164.291362170984,19.1027341625307,25.1322342431816,12.4963994814506,0.257513101312302,2,3,1,1,41.0460000000003,54.5529999999999,"0",0.171187733795186
"214","Portugal","Rafael Alexandre Conceição Leão","Left Wing","Seung-Gyu Kim",2,71,22,1.687817,FALSE,"From Counter","Normal","Right Foot","Off T",94.1,55,117.9,41.8,29.9300851986759,2.76586333718786,120.077302313427,130.601294645004,10.5239923315775,21.1231006792153,27.2154367960538,0,2,3,0,1,9.30199999999968,5.59700000000066,"0",0.0259480888338339
"215","Portugal","João Maria Lobo Alves Palhinha Gonçalves","Center Defensive Midfield","Seung-Gyu Kim",2,80,14,0.523569,FALSE,"From Throw In","Normal","Right Foot","Blocked",88.8,40.2,118.7,39.4,31.200641019056,1.43178210632763,90.3672756073381,65.224859431168,25.1424161761701,29.9152442790013,29.910700426436,0.156986114540354,6,8,2,1,42.192,0.698999999999614,"0",0.00967017092151901
"216","Portugal","João Pedro Cavaco Cancelo","Left Back","Seung-Gyu Kim",2,89,41,0.04925,FALSE,"From Throw In","Normal","Left Foot","Blocked",112.1,25,118.9,36.1,16.953170794869,4.05215991787096,27.7742811994314,15.751173663453,12.0231075359784,31.7816768375605,13.0172961862285,0,1,4,0,1,9.50500000000011,0.128999999999905,"0",0.221482818200617
"217","South Korea","Hee-Chan Hwang","Left Midfield","Diogo Meireles Costa",2,90,28,0.645685,FALSE,"From Counter","Normal","Right Foot","Goal",108.3,44.6,115.2,42,12.5717938258627,5.2,111.46288592472,112.61986494804,1.15697902332063,20.364053989928,7.37360156233032,0,0,0,0,1,7.83900000000085,128.090999999999,"1",0.187885786498069
"218","Spain","Daniel Olmo Carvajal","Left Wing","Manuel Neuer",1,6,25,0.667566,FALSE,"Regular Play","Normal","Right Foot","Saved to Post",100.5,26.1,117.8,38.2,23.9470248674026,2.84253408071038,54.5179491609488,50.7105931374997,3.80735602344903,32.1168981841673,21.1116081812826,0.409011239825363,4,5,2,1,103.138,0.66700000000003,"0",0.0549292406191226
"219","Spain","Jordi Alba Ramos","Left Back","Manuel Neuer",1,21,14,1.002615,FALSE,"Regular Play","Normal","Right Foot","Off T",96.6,23.3,118.3,37.3,28.7480434116828,3.19061122670877,54.4854907387131,32.1957339347133,22.2897568039999,26.093760153945,25.8242134439754,0.0842480612374712,3,6,1,1,40.4849999999999,1.00299999999993,"0",0.0459749480495776
"220","Germany","Serge Gnabry","Right Wing","Unai Simón Mendibil",1,24,11,1.04045,FALSE,"Regular Play","Normal","Left Foot","Off T",102.8,56.6,118.1,42.9,23.9039745649128,3.46698716467195,133.983021969281,146.768288932021,12.7852669627397,27.8349133771958,20.537283169884,0.0893284517660806,2,6,1,1,10.182,1.03999999999996,"0",0.0646156751140128
"221","Spain","Ferrán Torres García","Right Wing","Manuel Neuer",1,25,58,0.098176,FALSE,"Regular Play","Normal","Left Foot","Blocked",102.8,46.4,114.9,41.7,18.3521115951271,5.37587202228624,110.409882833804,108.434948822922,1.97493401088194,13.6656696799613,12.9807549857472,0.620173672946039,1,3,1,1,4.41100000000006,0.258000000000038,"0",0.05101945024705
"222","Germany","Antonio Rüdiger","Left Center Back","Unai Simón Mendibil",1,29,40,0.900147,FALSE,"From Free Kick","Normal","Right Foot","Off T",89.6,25.9,117.5,39.6,33.5107445455931,2.53179778023443,65.1173851896458,80.9097230791777,15.7923378895319,41.0467086689408,31.0821492178389,0.183445832280474,7,9,2,1,25.4879999999998,0.900000000000091,"0",0.017909009643514
"223","Spain","Ferrán Torres García","Right Wing","Manuel Neuer",1,35,4,0.020692,FALSE,"From Corner","Normal","Right Foot","Blocked",109.8,54.6,118.5,43.7,17.8101094887146,3.99249295553543,145.060689795323,157.93210043759,12.8714106422668,41.5731938287389,13.9463256809814,0,2,6,0,1,5.34000000000015,0.101000000000113,"0",0.102682234397845
"224","Germany","Antonio Rüdiger","Left Center Back","Unai Simón Mendibil",1,44,35,0.522962,FALSE,"From Free Kick","Half Volley","Right Foot","Saved",113.7,60.2,118.5,43.9,21.1596313767513,4.17851648315523,162.67828197408,158.962488974578,3.71579299950218,31.7589665076998,16.9920569678894,0,0,2,0,1,3.72499999999991,0.523000000000138,"0",0.24674820961984
"225","Germany","Joshua Kimmich","Right Defensive Midfield","Unai Simón Mendibil",2,55,53,0.5061,FALSE,"Regular Play","Normal","Right Foot","Saved",105.8,40.6,116.6,39.5,14.2126704035519,3.43656805548792,92.4195092166563,81.6341138759675,10.7853953406889,21.4718875466944,10.8558739860041,0.342997170285017,3,5,1,1,3.28400000000011,0.505999999999858,"0",0.0908612004802806
"226","Spain","Daniel Olmo Carvajal","Left Wing","Manuel Neuer",2,58,0,1.037005,FALSE,"From Throw In","Normal","Right Foot","Saved",85.8,31.1,118.6,39.1,35.3390718610435,1.66433169770933,75.4132306380031,57.2647737278925,18.1484569101105,31.9118504253866,33.7615165536147,0,3,5,0,1,4.60500000000002,0,"0",0.00894775128416696
"227","Spain","Álvaro Borja Morata Martín","Center Forward","Manuel Neuer",2,61,33,0.621933,FALSE,"From Goal Kick","Normal","Right Foot","Goal",113.2,34.3,117.5,37.2,8.87299273075325,3.75366487582469,50.0290735817854,41.7602997038979,8.26877387788752,11.9504217824505,5.18652099195598,0,0,0,0,1,44.7739999999999,0.621999999999844,"1",0.318428827075515
"228","Germany","Leon Goretzka","Left Defensive Midfield","Unai Simón Mendibil",2,63,24,0.307908,FALSE,"Regular Play","Normal","Right Foot","Blocked",96.2,39.7,119.1,40.6,23.8018906812043,1.0816653826392,89.277822538455,123.69006752598,34.4122449875246,36.4917524946481,22.9176787655295,0.70537821739426,6,8,3,1,19.0619999999999,0.945999999999913,"0",0.0207267293945822
"229","Spain","Marco Asensio Willemsen","Right Wing","Manuel Neuer",2,64,26,0.938292,FALSE,"From Free Kick","Normal","Left Foot","Off T",101.7,45.4,117.7,40.7,19.0800943393894,2.40416305603426,106.44037952168,106.927513064147,0.48713354246695,20.5250653472958,16.6760307027782,0,3,4,0,1,25.3700000000003,0.937999999999647,"0",0.0661696672409436
"230","Germany","Niclas Füllkrug","Center Forward","Unai Simón Mendibil",2,72,0,0.290626,FALSE,"Regular Play","Normal","Right Foot","Wayward",111.2,41.5,117.9,42,8.92692556258872,2.9,99.6733554324035,133.602818972704,33.9294635403002,2.93986214079865,6.71863081289633,0,1,2,0,1,50.8280000000004,0.289999999999964,"0",0.210461372509286
"231","Germany","Jamal Musiala","Center Attacking Midfield","Unai Simón Mendibil",2,72,43,0.25855,FALSE,"From Throw In","Normal","Right Foot","Saved",110.1,50.1,115.9,43.9,14.1428427128354,5.65862174031804,135.572938697683,133.567903815835,2.00503488184808,32.3134381345279,8.48999411071646,0,0,0,0,1,8.91399999999976,7.26999999999953,"0",0.16988842729788
"232","Germany","Serge Gnabry","Left Wing","Unai Simón Mendibil",2,72,50,0.109555,FALSE,"From Throw In","Volley","Right Foot","Blocked",104.9,23.6,117.5,36.9,22.2928239574981,3.98246155034798,42.6367533589612,38.8844964337146,3.75225692524662,31.6329212745442,18.3207532596234,0.261175848827786,4,6,1,1,15.8909999999996,0.292999999999665,"0",0.0915697130269614
"233","Germany","Niclas Füllkrug","Center Forward","Unai Simón Mendibil",2,73,17,0.589751,FALSE,"From Corner","Normal","Head","Off T",111.3,42.8,119.1,41.1,9.13947482079797,1.42126704035519,107.840204307704,140.710593137499,32.870388829796,15.8384993770841,7.98310716450681,0.838344820460193,5,6,2,1,1.7480000000005,0.589999999999236,"0",0.0661732257349753
"234","Germany","Niclas Füllkrug","Center Forward","Unai Simón Mendibil",2,82,25,0.518651,FALSE,"From Counter","Normal","Right Foot","Goal",110.8,51.9,116.9,43.9,15.0416089564913,4.98196748283245,142.292058964583,141.519801751657,0.772257212925638,34.0921190961862,10.0603180864225,0,0,0,0,1,7.29800000000068,112.226,"1",0.238202904065001
"235","Poland","Krystian Bielik","Right Defensive Midfield","Damián Emiliano Martínez",1,4,2,0.32074,FALSE,"From Throw In","Normal","Left Foot","Blocked",100.7,41.3,118.5,38.4,19.3437328352105,2.19317121994613,93.853480453602,43.1523897340054,50.7010907195966,22.6141894441461,18.0346887968714,0.301368940375654,5,8,2,1,6.477,4.386,"0",0.0385687578604907
"236","Argentina","Lionel Andrés Messi Cuccittini","Center Forward","Wojciech Szczęsny",1,6,30,1.202208,FALSE,"Regular Play","Normal","Right Foot","Saved",99,37.7,116.8,38.9,21.1255769151993,3.38378486313773,83.7496604222196,71.0295921915134,12.7200682307061,14.7238497060726,17.8404035828789,0.354218173487908,3,5,1,1,90.741,1.20300000000003,"0",0.0398435613522577
"237","Argentina","Ángel Fabián Di María Hernández","Right Wing","Wojciech Szczęsny",1,8,53,0.393427,FALSE,"Regular Play","Normal","Left Foot","Blocked",94.3,40.5,116.8,39.7,25.70486335307,3.21403173599764,91.1145632724849,84.6441749571449,6.47038831533996,23.9587720095936,22.5142177301367,0.304910567447898,3,7,2,1,9.34300000000007,4.15199999999993,"0",0.0224080639366137
"238","Argentina","Lionel Andrés Messi Cuccittini","Center Forward","Wojciech Szczęsny",1,9,53,0.416757,FALSE,"Regular Play","Normal","Left Foot","Saved",111.7,25.8,118.8,36.1,16.4477962049631,4.08044115262063,30.3065866295088,17.1027289690524,13.2038576604563,29.762255946199,12.5099960031968,0,0,2,0,1,13.5210000000001,0.416999999999916,"0",0.244037115331848
"239","Argentina","Marcos Javier Acuña","Left Back","Wojciech Szczęsny",1,16,9,0.708711,FALSE,"From Throw In","Half Volley","Right Foot","Off T",107,27.9,118.3,37.8,17.7597860347472,2.78028775489157,47.053550563511,37.6942404666892,9.35931009682179,28.4367134443475,15.0233152133609,0.792448821404816,1,3,2,1,29.9670000000001,0.70799999999997,"0",0.0692455009733669
"240","Poland","Kamil Glik","Right Center Back","Damián Emiliano Martínez",1,21,36,0.404606,FALSE,"From Corner","Backheel","Right Foot","Wayward",105.9,43.5,117,39.8,14.5279041847061,3.00665927567458,103.94059117029,86.1859251657096,17.7546660045804,25.8757394902651,11.700427342623,0,3,3,0,1,10.261,0.403999999999996,"0",0.0642799503614006
"241","Argentina","Julián Álvarez","Left Wing","Wojciech Szczęsny",1,27,54,0.451744,FALSE,"Regular Play","Normal","Right Foot","Blocked",110.8,47.7,117.1,43.4,11.9970829787911,4.46878059430087,129.927867127485,139.537772507907,9.60990538042111,17.1610889736792,7.62758153020995,0,1,4,0,1,36.098,5.33800000000019,"0",0.209311864031814
"242","Argentina","Marcos Javier Acuña","Left Back","Wojciech Szczęsny",1,27,59,1.132635,FALSE,"Regular Play","Normal","Left Foot","Off T",102.9,22.5,118.4,37.6,24.4675295034051,2.88444102037119,44.3376505526278,33.6900675259797,10.6475830266481,25.6596652419476,21.6393160705231,0.261569973558197,4,8,2,1,40.3030000000001,1.13300000000004,"0",0.0843846898624744
"243","Argentina","Enzo Fernandez","Center Defensive Midfield","Wojciech Szczęsny",1,34,23,1.443065,FALSE,"From Corner","Normal","Right Foot","Off T",91.6,39.7,118,39.2,28.4015844628429,2.1540659228538,89.3947854027552,68.1985905136483,21.196194889107,19.9830098210079,26.4047344239627,0.384043927736088,7,10,3,1,6.49800000000005,1.44299999999976,"0",0.00760095973052099
"244","Argentina","Julián Álvarez","Left Wing","Wojciech Szczęsny",1,35,10,0.321314,FALSE,"Regular Play","Normal","Left Foot","Saved",110.4,27.6,114.3,32.1,15.6818366271301,9.74166310236604,37.7468053872747,35.8111639226413,1.93564146463339,18.0937548363889,5.95482997238376,0,0,0,0,1,15.7660000000001,5.50300000000016,"0",0.245550440603987
"245","Argentina","Julián Álvarez","Left Wing","Wojciech Szczęsny",1,42,9,0.74845,FALSE,"Regular Play","Normal","Right Foot","Saved",102.4,27,118.7,38.8,21.8805850013202,1.76918060129541,53.5490768204187,47.2906100426384,6.25846677778027,26.4046909255889,20.12287255836,0.220101636716271,4,8,2,1,18.4249999999997,1.14600000000019,"0",0.0742180658340325
"246","Argentina","Rodrigo Javier De Paul","Right Center Midfield","Wojciech Szczęsny",1,42,10,0.792838,FALSE,"Regular Play","Normal","Other","Saved",112.2,40.3,118.6,39.3,7.80576709875461,1.56524758424986,92.2025981617658,63.434948822922,28.7676493388438,7.13494339258761,6.47765389628065,0,1,1,0,1,19.5709999999999,0,"0",0.215333801063417
"247","Argentina","Ángel Fabián Di María Hernández","Right Wing","Wojciech Szczęsny",1,43,16,0.820098,FALSE,"Regular Play","Normal","Left Foot","Saved",106.7,58.4,118.9,43.4,22.7035239555449,3.57351367704112,144.139615136772,162.072080237993,17.9324651012205,23.3103197241402,19.3349424617711,0,3,7,0,1,21.078,0.819999999999709,"0",0.110155760938551
"248","Argentina","Alexis Mac Allister","Left Center Midfield","Wojciech Szczęsny",2,45,53,1.220919,FALSE,"From Kick Off","Normal","Right Foot","Goal",106,46.7,118,42.1,15.5206314304541,2.9,115.5744447721,136.397181027296,20.8227362551963,14.4678622104336,12.8514590611339,0.167108230107536,2,6,1,1,53.1799999999998,1.221,"1",0.128645740736451
"249","Poland","Kamil Glik","Right Center Back","Damián Emiliano Martínez",2,49,0,0.617398,TRUE,"From Free Kick","Normal","Head","Off T",108.8,43.5,117.7,40.7,11.7341382299681,2.40416305603426,107.354024636261,106.927513064147,0.426511572114194,23.787553985916,9.33005894943864,1.28036879932895,1,4,1,1,1.596,0.617000000000189,"0",0.0628892462427101
"250","Poland","Michał Skóraś","Right Midfield","Damián Emiliano Martínez",2,52,13,0.112165,FALSE,"From Free Kick","Normal","Left Foot","Blocked",101.1,56.9,117.4,41.8,25.3538951642544,3.16227766016837,131.802442226149,124.695153531234,7.10728869491513,13.3731556189542,22.2193609269034,0.314395380977259,4,8,2,1,11.2930000000001,0.652999999999793,"0",0.0409262875370072
"251","Argentina","Lionel Andrés Messi Cuccittini","Center Forward","Wojciech Szczęsny",2,52,42,0.96032,FALSE,"Regular Play","Normal","Left Foot","Wayward",105.8,28.4,117.8,36.1,18.3357574154983,4.47772263544762,50.7545653311022,29.4274564031898,21.3271089279124,14.979446118043,14.2579802216162,0.212717814905759,1,3,1,1,27.5810000000001,0.960000000000036,"0",0.112634234741942
"252","Argentina","Lionel Andrés Messi Cuccittini","Center Forward","Wojciech Szczęsny",2,55,41,0.386574,TRUE,"Regular Play","Normal","Left Foot","Wayward",109.4,50.7,117.3,43.4,15.0615404258661,4.34165866921848,135.268992293697,141.546290783294,6.27729848959748,16.5556917951026,10.7563934476199,0.971285862357271,1,3,1,1,143.282,76.2860000000001,"0",0.0860306003234906
"253","Argentina","Julián Álvarez","Left Wing","Wojciech Szczęsny",2,55,42,0.18861,FALSE,"Regular Play","Normal","Left Foot","Blocked",107.7,41.5,117.8,41.5,12.391125856838,2.66270539113887,96.9529574681739,124.286876977209,27.333919509035,14.3250687515045,10.1,0.383482494423686,1,5,1,1,144.765,74.8030000000003,"0",0.109458168903041
"254","Argentina","Alexis Mac Allister","Left Wing","Wojciech Szczęsny",2,60,38,0.630013,FALSE,"From Throw In","Normal","Left Foot","Saved",106,46,118,40.2,15.2315462117278,2.00997512422418,113.198590513648,95.7105931374997,17.4879973761485,20.0775390994686,13.3281656652369,0.239319386205912,2,4,1,1,14.8810000000003,0,"0",0.0769470742159442
"255","Argentina","Lionel Andrés Messi Cuccittini","Right Wing","Wojciech Szczęsny",2,63,23,0.060154,FALSE,"From Counter","Normal","Left Foot","Blocked",107.2,25.9,117.5,35.9,19.0433715502271,4.80208288141719,42.2332115988305,31.3730051401084,10.860206458722,20.0179449060615,14.3558350505988,0.801396687953764,1,3,2,1,4.46300000000019,0.358999999999924,"0",0.106270130336259
"256","Argentina","Julián Álvarez","Center Forward","Wojciech Szczęsny",2,66,57,0.794204,FALSE,"From Free Kick","Normal","Right Foot","Goal",106,33.5,116,38.3,15.4353490404331,4.34626276242015,65.0952311919048,66.9745079914719,1.87927679956712,21.5173656416074,11.0923396990896,0.55470019622523,1,2,1,1,67.6499999999996,0.793999999999869,"1",0.0868510757597768
"257","Argentina","Lionel Andrés Messi Cuccittini","Right Wing","Wojciech Szczęsny",2,70,36,0.600784,FALSE,"Regular Play","Normal","Left Foot","Saved",106.5,35.1,117.8,37.5,14.361754767437,3.33016516106934,70.0509778164429,41.3477772196937,28.7032005967492,19.1068861086049,11.5520560940466,0.273757529993606,2,5,2,1,121.59,0.601000000000568,"0",0.104854330637702
"258","Argentina","Julián Álvarez","Center Forward","Wojciech Szczęsny",2,72,44,0.489826,FALSE,"From Throw In","Normal","Right Foot","Off T",106.1,52.6,112.7,46.8,18.7608635195718,9.97647232241938,132.191515122654,132.969085763147,0.777570640492883,32.640408206155,8.78635305459553,0,0,0,0,1,31.5200000000004,0.489999999999782,"0",0.115668310051932
"259","Argentina","Nicolás Alejandro Tagliafico","Left Wing Back","Wojciech Szczęsny",2,91,58,0.239999,FALSE,"From Throw In","Lob","Left Foot","Saved",108.2,30.2,111.3,33.3,15.3388395910512,10.9808924956034,50.2900812053713,52.3995946598871,2.10951345451584,17.4055713350517,4.38406204335659,0,0,2,0,1,187.249,6.42799999999988,"0",0.173394928969678
"260","Poland","Robert Lewandowski","Center Forward","Francisco Guillermo Ochoa Magaña",1,6,46,0.404231,TRUE,"From Corner","Normal","Head","Blocked",110.6,37.2,120,40.6,9.80815986819139,0.600000000000001,73.4126614430726,180,106.587338556927,8.08833697775372,9.99599919967985,1.5811388300842,5,8,1,1,1.77200000000005,0.403999999999996,"0",0.0342431367018439
"261","Mexico","Héctor Alfredo Moreno Herrera","Left Center Back","Wojciech Szczęsny",1,11,44,0.432691,TRUE,"From Corner","Normal","Head","Off T",114.5,42.4,118.5,40.7,6.000833275471,1.65529453572469,113.574706201913,115.0168934781,1.44218727618752,12.7447214561544,4.34626276242014,2,0,2,1,1,8.83299999999997,0.432000000000016,"0",0.0406357468425078
"262","Mexico","Ernesto Alexis Vega Rojas","Left Wing","Wojciech Szczęsny",1,25,41,1.410754,TRUE,"From Free Kick","Normal","Head","Off T",113.2,34.6,118.8,39.6,8.68331733843696,1.26491106406735,51.546290783294,71.5650511770781,20.0187603937841,8.57199282530106,7.50732975164938,1.96116135138184,1,3,1,1,26.239,1.41100000000006,"0",0.0589839965600335
"263","Mexico","Ernesto Alexis Vega Rojas","Left Wing","Wojciech Szczęsny",1,43,56,0.066807,FALSE,"From Throw In","Volley","Left Foot","Blocked",108.5,23.7,118.6,37.9,19.9484335224599,2.5238858928248,35.2037900825255,33.6900675259799,1.51372255654562,37.7787640939542,17.4255559452202,0.396214425875163,1,7,1,1,42.721,22.6970000000001,"0",0.118003516876959
"264","Mexico","Jorge Eduardo Sánchez Ramos","Right Back","Wojciech Szczęsny",1,44,18,0.584688,FALSE,"From Throw In","Normal","Right Foot","Saved",110.1,60.7,118.5,43.6,22.9455878111675,3.9,154.440034828176,157.38013505196,2.94010022378339,32.2850908877658,19.0517715711689,0,0,2,0,1,64.8330000000001,0.585000000000036,"0",0.138015021131701
"265","Mexico","Luis Gerardo Chávez Magallón","Left Center Midfield","Wojciech Szczęsny",1,46,1,0.127268,TRUE,"Regular Play","Normal","Left Foot","Blocked",92.1,56.9,117.5,41.1,32.6193194288293,2.73130005674953,121.204746822876,113.749494492867,7.45525233000947,7.41268907506734,29.9132077851908,0,5,9,0,1,38.8249999999998,34.221,"0",0.0155121430134573
"266","Mexico","Hirving Rodrigo Lozano Bahena","Right Wing","Wojciech Szczęsny",2,51,45,1.230164,FALSE,"From Corner","Normal","Right Foot","Saved",93.9,25.2,117.7,38.4,30.004166377355,2.80178514522438,60.4446038477566,55.1755108430431,5.26909300471349,22.6548318604414,27.2154367960538,0,5,9,0,1,20.6219999999998,1.23000000000002,"0",0.0184189965985956
"267","Poland","Jakub Kamiński","Right Midfield","Francisco Guillermo Ochoa Magaña",2,57,26,0.162246,FALSE,"Other","Normal","Right Foot","Blocked",113.4,48.8,117.5,44.4,11,5.060632371552,143.130102354156,150.395549253995,7.2654468998391,8.38323934564512,6.01414998150195,0.186177455833564,2,4,1,1,3.14100000000008,10.6150000000002,"0",6.40866519157344e-07
"268","Mexico","Ernesto Alexis Vega Rojas","Left Wing","Wojciech Szczęsny",2,59,13,0.131516,FALSE,"From Throw In","Normal","Right Foot","Blocked",107.9,29.9,118.1,37.5,15.7613451202618,3.14006369362152,50.1478848241363,37.2348339815747,12.9130508425615,15.6013599323909,12.7200628929263,0.392837100659193,3,6,1,1,15.596,0.170999999999822,"0",0.0989476337365422
"269","Mexico","Henry Josué Martín Mex","Center Forward","Wojciech Szczęsny",2,63,24,0.628778,FALSE,"From Free Kick","Normal","Head","Saved",106.7,35.1,117.4,38.7,14.1739197119216,2.90688837074972,69.7751405688319,63.434948822922,6.34019174590992,18.4279057951659,11.2893755363173,0,0,0,0,1,18.8760000000002,2.27199999999993,"0",0.130739113837029
"270","Mexico","Ernesto Alexis Vega Rojas","Left Wing","Wojciech Szczęsny",2,65,55,0.779124,FALSE,"From Free Kick","Normal","Right Foot","Off T",102.7,60.6,117.9,41.1,26.9007434841493,2.37065391822594,139.976264214307,117.645975363739,22.3302888505683,29.4728614950763,24.7242795648326,0.210865374857792,3,6,1,1,47.2820000000002,0.778999999999996,"0",0.0506993738917345
"271","Mexico","Ernesto Alexis Vega Rojas","Left Wing","Wojciech Szczęsny",2,79,46,0.950319,FALSE,"From Throw In","Half Volley","Right Foot","Off T",93,24.5,118.4,38.5,31.1327801521162,2.19317121994613,60.1409838350769,46.8476102659945,13.2933735690824,38.4356779276628,29.0027584894954,0.114459638203499,3,7,1,1,2.76000000000022,0.949999999999818,"0",0.0235319890052185
"272","Poland","Jakub Piotr Kiwior","Left Center Back","Francisco Guillermo Ochoa Magaña",2,81,21,0.437599,TRUE,"From Corner","Normal","Head","Wayward",113.3,41.7,119.5,39.7,6.91230786351419,0.583095189484529,104.237280465761,59.0362434679267,45.2010369978344,16.6944563336104,6.51459898996093,1.99999999999999,1,4,1,1,1.40599999999995,8.7470000000003,"0",0.0317257734840517
"273","Poland","Jakub Kamiński","Right Midfield","Francisco Guillermo Ochoa Magaña",2,93,52,0.571713,TRUE,"Regular Play","Normal","Left Foot","Saved",109.4,24.8,117.4,35.2,18.5310550158376,5.45893762558247,34.8907015075048,28.4429286243633,6.4477728831415,22.0757866662466,13.1209755734854,0,0,0,0,1,27.9280000000008,0,"0",0.207222706404329
"274","Poland","Grzegorz Krychowiak","Right Defensive Midfield","Francisco Guillermo Ochoa Magaña",2,95,25,1.05113,FALSE,"Regular Play","Normal","Right Foot","Off T",90.9,48.7,118.1,40.7,30.3726850969749,2.02484567313167,106.645038214676,110.224859431168,3.57982121649212,30.5991115010996,28.352072234671,0.236956180191008,4,7,1,1,20.616,1.05099999999948,"0",0.013064144392629
"275","Mexico","Carlos Uriel Antuna Romero","Right Wing","Wojciech Szczęsny",2,95,53,1.068013,TRUE,"From Goal Kick","Normal","Left Foot","Saved",101.9,56.4,117,42.9,24.4247824964727,4.17252920900501,132.179011406485,134.028978068921,1.84996666243632,18.270684699571,20.2548759561741,0,1,3,0,1,13.1130000000003,1.06800000000021,"0",0.0846417993904217
"276","France","Ousmane Dembélé","Right Wing","Kasper Schmeichel",1,5,21,0.073838,FALSE,"Regular Play","Normal","Right Foot","Blocked",97.8,38,117.4,39.9,22.2899080303172,2.60192236625153,84.8521151758637,87.7974018382342,2.94528666237053,20.7170542820477,19.691876497683,0.113680411585677,4,8,1,1,21.824,0.970000000000027,"0",0.0411858355679475
"277","France","Adrien Rabiot","Left Defensive Midfield","Kasper Schmeichel",1,9,9,0.07938,TRUE,"From Throw In","Normal","Head","Blocked",115,45.6,117.8,42.7,7.50732975164938,3.4828149534536,138.239700296102,140.826342029556,2.58664173345363,14.3635100163661,4.03112887414927,0.819231920519039,1,2,1,1,87.504,4.30099999999993,"0",0.169491842812859
"278","France","Raphaël Varane","Right Center Back","Kasper Schmeichel",1,12,34,0.762203,TRUE,"From Corner","Normal","Head","Wayward",112.4,46.9,119.2,40.8,10.2649890404228,1.13137084989847,132.236142629087,135,2.76385737091252,10.0347666834022,9.13509715328742,1.76776695296639,1,6,1,1,1.19299999999998,16.692,"0",0.0356711713022423
"279","France","Olivier Giroud","Center Forward","Kasper Schmeichel",1,14,53,0.373781,TRUE,"Regular Play","Normal","Head","Wayward",111.9,38.9,119.7,40.1,8.17435012707432,0.316227766016836,82.2664019009771,108.434948822922,26.1685469219453,47.7400585625156,7.89176786277954,1.4142135623731,0,4,1,1,61.4590000000001,0.372999999999934,"0",0.0824818668238743
"280","France","Adrien Rabiot","Left Defensive Midfield","Kasper Schmeichel",1,20,18,0.630068,FALSE,"From Free Kick","Normal","Head","Saved",108.9,44.3,118.5,40.9,11.9037809119624,1.74928556845359,111.175739417105,120.963756532073,9.78801711496891,16.5929138298534,10.1843016451792,0.833333333333341,3,5,1,1,5.35400000000004,0.630000000000109,"0",0.0866460775674046
"281","France","Jules Koundé","Right Back","Kasper Schmeichel",1,29,53,0.624897,TRUE,"From Goal Kick","Half Volley","Right Foot","Blocked",109,56.2,118,44.5,19.5816240388789,4.92442890089805,145.823011226207,156.037511025422,10.2144997992147,24.1385341688811,14.7610975201711,0.131204675588165,3,6,1,1,17.646,0.785000000000082,"0",0.191000964154951
"282","France","Antoine Griezmann","Center Attacking Midfield","Kasper Schmeichel",1,32,48,0.466379,TRUE,"From Counter","Normal","Left Foot","Saved",118.2,23.1,119.5,35.9,16.9955876626847,4.13037528561268,6.07958895783848,6.95295746817391,0.873368510335434,26.4986158348201,12.8658462605458,0,0,0,0,1,6.01200000000017,47.8199999999999,"0",0.463599490374898
"283","France","Aurélien Djani Tchouaméni","Right Defensive Midfield","Kasper Schmeichel",1,32,52,0.162555,FALSE,"Regular Play","Normal","Right Foot","Blocked",99.7,39.1,117.3,39.3,20.3199409447961,2.78926513619627,87.4614554016011,75.4655449194598,11.9959104821413,9.91942142450065,17.6011363269534,0.757262755551757,3,8,3,1,9.86700000000019,43.9649999999999,"0",0.0302658003072503
"284","France","Ousmane Dembélé","Right Wing","Kasper Schmeichel",1,32,55,0.122701,FALSE,"From Counter","Volley","Left Foot","Blocked",108.2,48,116.8,42.6,14.2562267097574,4.12310562561766,124.135940077912,129.093858886229,4.95791880831719,5.8769712968337,10.1548018198289,0.780868809443031,2,4,1,1,12.9470000000001,40.885,"0",0.099546555441257
"285","France","Adrien Rabiot","Left Defensive Midfield","Kasper Schmeichel",1,33,36,0.088779,FALSE,"Regular Play","Normal","Left Foot","Blocked",100.1,24.5,116.8,38.1,25.2241947344212,3.72155881318568,52.0851722805589,59.3002774491856,7.21510516862673,32.2156132555562,21.5371771595072,0.283866477901829,1,5,1,1,53.623,0.20900000000006,"0",0.0615801334862591
"286","Denmark","Andreas Evald Cornelius","Center Forward","Hugo Lloris",1,35,17,0.681133,FALSE,"From Counter","Normal","Right Foot","Off T",107.4,55.8,117.8,43.3,20.2089089265106,3.96610640301039,141.42874774883,146.30993247402,4.88118472519028,23.9860445679881,16.260688792299,0,0,0,0,1,9.07099999999991,0.68100000000004,"0",0.146321064011072
"287","France","Olivier Giroud","Center Forward","Kasper Schmeichel",1,36,33,0.819076,TRUE,"From Goal Kick","Normal","Head","Off T",108.6,45.2,118,40.5,12.5299640861417,2.06155281280883,114.519642688191,104.036243467926,10.4833992202642,13.9614286482909,10.509519494249,1.17851130197757,1,4,1,1,37.645,0.81899999999996,"0",0.0870501558904132
"288","France","Kylian Mbappé Lottin","Left Wing","Kasper Schmeichel",1,39,33,0.765156,FALSE,"Regular Play","Normal","Right Foot","Off T",106,43.8,117.7,42.5,14.5065502446309,3.3970575502926,105.185837262201,137.385944030389,32.2001067681876,18.9589446395648,11.7720006795786,0.127691949550892,2,5,1,1,9.80999999999995,0.764999999999873,"0",0.109962635548047
"289","Denmark","Christian Dannemann Eriksen","Left Defensive Midfield","Hugo Lloris",1,44,43,1.0948,FALSE,"Regular Play","Normal","Right Foot","Off T",83,42.5,117.5,40.1,37.0843632815773,2.50199920063936,93.8654611698518,92.2906100426386,1.57485112721315,35.1058086011799,34.5833775100119,0,5,8,0,1,11.808,1.09500000000025,"0",0.00642658419100315
"290","France","Kylian Mbappé Lottin","Left Wing","Kasper Schmeichel",1,47,25,0.627831,FALSE,"From Throw In","Normal","Right Foot","Blocked",98.6,18.5,116.6,38.5,30.3349633261687,3.71618083521241,44.8664436462941,66.1940564815423,21.3276128352482,28.9313132607539,26.9072480941474,0,2,6,0,1,20.252,15.5810000000001,"0",0.0600413444014039
"291","France","Kylian Mbappé Lottin","Left Wing","Kasper Schmeichel",2,55,59,0.67028,FALSE,"Regular Play","Normal","Left Foot","Saved",104.1,30.1,117.9,36.9,18.7301895345456,3.74432904536981,58.0918930643469,34.1144729453412,23.9774201190057,22.6873938141457,15.3844076909058,0.520579206295354,1,2,1,1,10.9670000000001,0.670000000000073,"0",0.0718380892297946
"292","France","Antoine Griezmann","Center Attacking Midfield","Kasper Schmeichel",2,59,2,0.472999,FALSE,"From Throw In","Half Volley","Left Foot","Off T",102.6,38.8,113.6,39.2,17.4413302244984,6.44980619863884,86.0548137709624,82.8749836510982,3.17983011986415,36.8163035593479,11.0072703246536,0,0,0,0,1,17.1790000000001,0.472999999999956,"0",0.0777712788977744
"293","France","Kylian Mbappé Lottin","Left Wing","Kasper Schmeichel",2,60,25,0.182086,FALSE,"Regular Play","Half Volley","Right Foot","Goal",110.8,31.3,117.5,36.5,12.6621483169326,4.30116263352131,46.6000247151477,35.5376777919744,11.0623469231734,69.9178650213176,8.48115558164099,0.185503537122416,2,5,1,1,17.9440000000004,0,"1",0.201507312660345
"294","Denmark","Joachim Andersen","Right Center Back","Hugo Lloris",2,67,14,0.304208,TRUE,"From Corner","Normal","Head","Wayward",112.2,43.9,118.7,41.5,8.72066511224918,1.98494332412792,116.565051177078,139.085616779975,22.5205656028969,23.8431439091524,6.928924880528,1.96116135138184,2,4,1,1,1.37100000000009,1.02899999999954,"0",0.0322118655774454
"295","Denmark","Andreas Christensen","Center Back","Hugo Lloris",2,67,15,0.406608,FALSE,"From Corner","Normal","Head","Goal",113,37.6,118.5,40.8,7.4,1.7,71.0753555839488,118.072486935853,46.9971313519041,17.390380444717,6.36317530797321,0,2,2,0,1,1.99299999999948,0.407000000000153,"1",0.146765366757318
"296","Denmark","Jesper Lindstrøm","Right Wing","Hugo Lloris",2,72,21,0.451006,FALSE,"From Keeper","Normal","Right Foot","Saved",107.4,33,118.4,38.1,14.4138821973818,2.48394846967484,60.9453959009229,40.1009075462122,20.8444883547107,26.0790379350556,12.1247680390183,0.162114801716595,2,4,1,1,87.8999999999996,36.0890000000009,"0",0.129164516973586
"297","Denmark","Christian Dannemann Eriksen","Left Defensive Midfield","Hugo Lloris",2,73,18,0.23829,FALSE,"From Corner","Normal","Left Foot","Blocked",93.3,45.1,117.6,40.6,27.1827150961783,2.4738633753706,100.813877513625,104.036243467926,3.22236595430154,21.133372465507,24.7131543919428,0.177192477984583,5,8,1,1,13.2129999999997,52.3699999999999,"0",0.0106380053387378
"298","France","Aurélien Djani Tchouaméni","Right Defensive Midfield","Kasper Schmeichel",2,77,38,0.265374,FALSE,"From Corner","Diving Header","Head","Blocked",113.7,37.7,119.4,40.2,6.70671305484288,0.632455532033671,69.9439052634246,108.434948822922,38.4910435594978,5.66494697233825,6.22414652783818,0.552157630374234,6,5,1,1,1.72500000000036,0.567000000000007,"0",0.100265208682347
"299","France","Jules Koundé","Right Back","Kasper Schmeichel",2,78,21,1.080923,TRUE,"From Corner","Normal","Head","Off T",110.7,40.7,118.5,40.6,9.32630687893123,1.61554944214035,94.3044689605081,111.801409486352,17.4969405258438,10.189095728194,7.80064099930255,5.00000000000011,2,5,1,1,8.30400000000009,1.08100000000013,"0",0.00215646100111792
"300","France","Adrien Rabiot","Left Defensive Midfield","Kasper Schmeichel",2,79,3,0.519911,FALSE,"From Corner","Overhead Kick","Left Foot","Off T",112.7,47.3,118.1,41.4,10.3237590053236,2.36008474424119,135,126.384351815836,8.6156481841642,15.7414076375457,7.99812478022192,0,1,3,0,1,8.52599999999984,0.520000000000437,"0",0.145091600182554
"301","Denmark","Martin Braithwaite Christensen","Center Forward","Hugo Lloris",2,80,16,0.618144,FALSE,"From Throw In","Normal","Right Foot","Post",110,45.1,117.3,42.6,11.2254175868874,3.74833296279827,117.021581591177,133.919075813339,16.8974942221623,16.2750396128127,7.71621668954417,0,1,2,0,1,5.73199999999997,0.617999999999483,"0",0.162484691887101
"302","Denmark","Pierre-Emile Højbjerg","Right Defensive Midfield","Hugo Lloris",2,83,58,0.916312,FALSE,"Regular Play","Normal","Right Foot","Off T",87.2,48.7,117.5,40.9,33.9342010367122,2.65706605111728,104.85528387887,109.798876354525,4.94359247565498,39.8754311109896,31.2878570694766,0.182287505742115,6,9,2,1,35.0519999999997,18.6220000000003,"0",0.008747926153492
"303","France","Kylian Mbappé Lottin","Left Wing","Kasper Schmeichel",2,85,9,0.539016,FALSE,"From Goal Kick","Normal","Other","Goal",117.8,36.5,119.4,38.1,4.13400532171888,1.99248588451712,32.1522951412824,17.5255683737227,14.6267267675597,4.34298793012439,2.26274169979696,0,0,0,0,1,35.8630000000003,0.53899999999976,"1",0.403920597382651
"304","Denmark","Joachim Andersen","Right Center Back","Hugo Lloris",2,88,18,0.105904,FALSE,"From Throw In","Normal","Left Foot","Blocked",94.3,53.4,117.6,41.2,28.9836160614924,2.68328157299975,117.537571311214,116.565051177078,0.972520134135934,15.2255962915444,26.3007604452799,0.532246295412349,6,8,1,1,38.1039999999994,0.226000000000568,"0",0.0122045069015747
"305","France","Kylian Mbappé Lottin","Left Wing","Kasper Schmeichel",2,90,18,0.955955,FALSE,"Regular Play","Half Volley","Right Foot","Saved",99.4,25.5,118,37.4,25.1914668092193,3.28024389337135,54.8589179471439,37.5685920288275,17.2903259183164,22.6650782426114,22.0809872967673,0,0,0,0,1,118.996,0,"0",0.0657543232215262
"306","Denmark","Joakim Mæhle","Left Wing Back","Hugo Lloris",2,96,37,0.946603,FALSE,"From Throw In","Half Volley","Right Foot","Off T",87.5,42.4,117.9,40.1,32.5884949023425,2.10237960416286,94.2234069766556,92.7263109939065,1.49709598274916,34.411866889307,30.4868824250693,0.237889190185627,8,10,3,1,4.35999999999967,32.3270000000002,"0",0.00777186546679883
"307","Senegal","Idrissa Gana Gueye","Center Attacking Midfield","Hernán Ismael Galíndez",1,2,43,0.55751,FALSE,"From Goal Kick","Normal","Right Foot","Off T",106.9,45.7,114.7,42.9,14.2863571283935,6.04152298679728,113.514556682937,118.686147573739,5.17159089080285,23.5308585655613,8.28733974204026,0,2,3,0,1,19.264,0.557000000000016,"0",0.188806558718004
"308","Senegal","Boulaye Dia","Center Forward","Hernán Ismael Galíndez",1,7,47,0.802989,FALSE,"From Free Kick","Normal","Right Foot","Off T",109.3,51.9,114.8,46,16.0031246948838,7.93977329651169,138.039399568927,139.085616779975,1.04621721104797,26.7227803920339,8.06597793203031,0,0,0,0,1,26.691,0.802999999999997,"0",0.187969070284299
"309","Ecuador","Enner Remberto Valencia Lastra","Left Wing","Edouard Mendy",1,9,58,0.432044,FALSE,"From Free Kick","Half Volley","Right Foot","Blocked",95.9,37.7,118.6,39.9,24.2095022666721,1.40356688476183,84.5484489012873,85.9143832200251,1.36593431873781,24.8308059959452,22.8063587624154,0.338356025731701,7,10,3,1,7.02699999999993,0.512000000000057,"0",0.0263598611783769
"310","Senegal","Ismaïla Sarr","Left Wing","Hernán Ismael Galíndez",1,10,52,0.251587,FALSE,"From Corner","Half Volley","Right Foot","Blocked",99.2,40.2,117.3,40.2,20.8009615162377,2.70739727413618,90.5509039792182,94.2363947990589,3.68549081984072,19.9373357192295,18.1,0.331028449850844,6,8,3,1,4.6099999999999,62.361,"0",0.0218319980070715
"311","Senegal","Iliman Ndiaye","Right Wing","Hernán Ismael Galíndez",1,11,53,1.355073,FALSE,"From Corner","Normal","Left Foot","Off T",99.7,52.9,117.3,41.5,24.0520269416114,3.0886890422961,122.434651620093,119.054604099077,3.38004752101556,20.6199563621928,20.9695016631297,0.48077570059197,4,7,3,1,65.616,1.3549999999999,"0",0.0174705537624774
"312","Senegal","Ismaïla Sarr","Left Wing","Hernán Ismael Galíndez",1,23,37,0.056715,FALSE,"Regular Play","Normal","Right Foot","Blocked",104.1,25.5,116.1,36.9,21.5188289644209,4.98196748283247,47.6367584261405,51.519801751657,3.88304332551655,17.4548090216198,16.5517370689605,0.857492925712544,2,6,1,1,9.48399999999992,0.297000000000025,"0",0.06279063900296
"313","Senegal","Pape Gueye","Left Defensive Midfield","Hernán Ismael Galíndez",1,24,20,0.384675,FALSE,"From Corner","Normal","Left Foot","Blocked",93,36.3,117.3,39.4,27.2523393491274,2.76586333718787,82.1969587403469,77.4711922908485,4.72576644949845,34.2989224721557,24.4969385842395,0.756899645990744,7,10,6,1,4.36499999999978,7.85000000000014,"0",0.00759029860370526
"314","Senegal","Abdou Diallo","Left Center Back","Hernán Ismael Galíndez",1,24,27,0.8286,FALSE,"From Corner","Normal","Head","Wayward",107.9,41.9,117.3,39.9,12.2482651832821,2.70185121722126,98.9239884436314,87.8789036033384,11.045084840293,13.2314458833365,9.61041102138716,0.830454798537407,3,4,1,1,11.386,0.828999999999951,"0",0.0429565777053925
"315","Senegal","Pathé Ismaël Ciss","Right Defensive Midfield","Hernán Ismael Galíndez",1,36,31,1.373818,FALSE,"From Free Kick","Normal","Head","Off T",108.1,33.6,119,39.1,13.5118466539552,1.34536240470737,61.7279639205673,48.0127875041834,13.7151764163839,10.2388174535597,12.209013064126,0,3,5,0,1,1.97299999999996,1.37400000000025,"0",0.143124707089981
"316","Senegal","Iliman Ndiaye","Right Wing","Hernán Ismael Galíndez",1,46,31,0.032998,FALSE,"Regular Play","Half Volley","Left Foot","Blocked",107.3,46.7,117,41.7,14.3589693223434,3.44818792991333,117.814293855775,119.538782259558,1.7244884037829,26.069232277843,10.9128364782031,0.827605888602363,1,4,1,1,12.6379999999999,1.12800000000016,"0",0.0746372481952592
"317","Ecuador","José Adoni Cifuentes Charcopa","Right Defensive Midfield","Edouard Mendy",2,48,26,0.914913,FALSE,"From Throw In","Normal","Right Foot","Saved",93.8,51.3,118.2,41.7,28.5329633932405,2.47588368062799,113.330425944842,133.363422958383,20.0329970135412,27.8371912175685,26.2206025865158,0,4,7,0,1,50.4650000000001,0.914999999999964,"0",0.018794929420141
"318","Ecuador","Michael Steveen Estrada Martínez","Right Center Forward","Edouard Mendy",2,56,59,1.202971,FALSE,"Regular Play","Normal","Head","Off T",106.7,38.8,118.2,39.2,13.3540256102795,1.96977156035922,84.8444156825938,66.0375110254219,18.8069046571719,12.7751615625565,11.506954418959,0.928476690885257,2,6,1,1,91.5460000000003,1.20299999999997,"0",0.0613711861385235
"319","Ecuador","Felix Eduardo Torres Caicedo","Right Center Back","Edouard Mendy",2,66,57,0.359115,FALSE,"From Corner","Normal","Head","Wayward",113.7,42.7,119,40.2,6.85419579527752,1.01980390271856,113.198590513648,101.30993247402,11.8886580396279,20.2991208594546,5.86003412959344,0.169906916507646,1,5,1,1,1.29800000000068,0.938999999999396,"0",0.140856393403089
"320","Ecuador","Moisés Isaac Caicedo Corozo","Left Defensive Midfield","Edouard Mendy",2,66,58,0.458531,FALSE,"From Corner","Volley","Right Foot","Goal",117.2,35.6,119.5,40.1,5.21536192416212,0.509901951359279,32.4711922908485,101.30993247402,68.8387401831719,6.732521482924,5.05371150739731,0,0,1,0,1,1.77800000000025,0.458999999999833,"1",0.199277363121797
"321","Senegal","Kalidou Koulibaly","Right Center Back","Hernán Ismael Galíndez",2,69,30,0.608483,FALSE,"From Free Kick","Volley","Right Foot","Goal",114.3,46,118.6,41.6,8.27586853448024,2.12602916254693,136.468800714386,138.81407483429,2.34527411990445,15.8767711059516,6.15223536610881,0,1,1,0,1,2.63799999999992,0.608000000000175,"1",0.291230222237935
"322","Ecuador","Gonzalo Jordy Plata Jiménez","Right Midfield","Edouard Mendy",2,75,48,0.694391,FALSE,"From Throw In","Half Volley","Left Foot","Saved",107,42.8,118.3,40.3,13.2981201679034,1.72626765016321,102.154941697222,100.007979801441,2.14696189578099,16.0137475233887,11.5732450073434,0.674064850011829,3,5,2,1,57.4440000000004,0.694999999999709,"0",0.0641062529014663
"323","Senegal","Boulaye Dia","Right Wing","Hernán Ismael Galíndez",2,81,53,0.758655,FALSE,"From Throw In","Normal","Right Foot","Off T",101.3,54.6,117.2,42.9,23.7244599517039,4.03112887414927,127.980890701485,136.005086005254,8.02419530376916,27.6472793572299,19.7408206516345,0,0,1,0,1,28.6809999999996,0.75800000000072,"0",0.0498258690551685
"324","Senegal","Pape Gueye","Left Defensive Midfield","Hernán Ismael Galíndez",2,87,46,0.757377,FALSE,"From Free Kick","Normal","Right Foot","Saved",102.6,54.8,116.2,43.5,22.8429420171746,5.16623654123579,130.383647906449,132.646703133892,2.26305522744275,22.8267236014147,17.6819116613561,0,3,5,0,1,5.40900000000056,0,"0",0.0720004439415669
"325","Ecuador","Jeremy Leonel Sarmiento Morante","Left Midfield","Edouard Mendy",2,88,59,1.540094,FALSE,"From Throw In","Normal","Head","Saved",105.3,32.1,117.5,38.6,16.6883192682786,2.86530975637888,61.7457505383201,60.7511736634531,0.994576874867043,9.51102123563915,13.8235306633291,0.351581276967315,3,3,1,1,18.3650000000007,0,"0",0.0740028627769057
"326","Ecuador","Jackson Gabriel Porozo Vernaza","Right Back","Edouard Mendy",2,93,53,1.999,FALSE,"From Throw In","Normal","Head","Off T",105.9,34.3,117.6,38.9,15.2085502267639,2.64007575648882,67.9887168020806,65.3764352138364,2.61228158824423,11.125927166252,12.5717938258627,0,2,3,0,1,9.14300000000003,49.7970000000005,"0",0.10005914998755
"327","Canada","Stephen Antunes Eustáquio","Left Defensive Midfield","Thibaut Courtois",1,1,41,0.216368,FALSE,"From Keeper","Normal","Right Foot","Blocked",109.8,50,118.8,43.5,14.2842570685353,3.7,134.432733590142,161.075355583949,26.6426219938066,15.4466233149712,11.1018016555873,0.294372404704732,2,5,1,1,39.911,25.476,"0",0.151065203578237
"328","Canada","Jonathan David","Center Forward","Thibaut Courtois",1,6,18,0.162335,FALSE,"Regular Play","Half Volley","Right Foot","Blocked",111.4,42.8,119.1,42.6,9.044335243676,2.75136329843952,108.03428556713,160.906507999514,52.8722224323844,6.19082491213903,7.70259696466067,0.90535746042519,2,3,1,1,11.269,0.769999999999982,"0",0.118449687020456
"329","Canada","Tajon Buchanan","Right Attacking Midfield","Thibaut Courtois",1,7,9,0.256589,FALSE,"From Corner","Half Volley","Right Foot","Blocked",106.2,35.6,119.2,39.7,14.4844744467999,0.85440037453175,72.3156079734423,69.4439547804166,2.87165319302561,13.910626174602,13.6312141792285,0.862515020037536,5,8,4,1,3.19299999999998,0.399000000000001,"0",0.0331757901369759
"330","Canada","Jonathan David","Center Forward","Thibaut Courtois",1,10,2,0.77617,FALSE,"Other","Volley","Right Foot","Off T",110.4,34.6,118.9,38.7,11.0145358504115,1.70293863659263,60.6422464572087,40.2363583092737,20.405888147935,18.8103121738794,9.43716058992322,0,1,1,0,1,1.97399999999993,0.776000000000067,"0",4.32715913095852e-07
"331","Canada","Richie Laryea","Right Wing Back","Thibaut Courtois",1,12,14,0.937108,TRUE,"From Throw In","Normal","Left Foot","Off T",105,56.4,118.7,42.8,22.2252109101354,3.08706980808662,137.552898147172,155.095231191905,17.5423330447331,19.178663463443,19.3041446326948,0.176556137886612,2,5,1,1,4.72000000000003,0.936999999999898,"0",0.0659372333897155
"332","Canada","Jonathan David","Center Forward","Thibaut Courtois",1,12,51,0.13251,FALSE,"Regular Play","Normal","Left Foot","Blocked",107.7,45.9,118.9,42.4,13.641847382228,2.64007575648881,115.625860231342,155.376435213836,39.7505749824941,7.76970050636701,11.7341382299681,1.13128427114986,3,6,3,1,12.9929999999999,0.324000000000069,"0",0.0611563265381733
"333","Canada","David Junior Hoilett","Left Attacking Midfield","Thibaut Courtois",1,15,30,1.114301,FALSE,"From Throw In","Normal","Left Foot","Off T",104.9,53.9,118.6,42.5,20.5236449004557,2.86530975637888,132.630491935745,150.751173663453,18.1206817277082,22.7049940973638,17.8227382856844,0.199165255226231,2,4,1,1,24.3810000000001,1.11399999999992,"0",0.0665515798747011
"334","Belgium","Michy Batshuayi Tunga","Center Forward","Milan Borjan",1,22,33,0.131,FALSE,"From Free Kick","Normal","Right Foot","Blocked",112.3,50.2,118.2,43.4,12.7800625976558,3.84707681233427,142.950773426393,152.102728969052,9.15195554265941,7.03782019640684,9.00277734924063,0.798086884467619,2,1,1,1,35.0060000000001,0.460000000000036,"0",0.138480243020625
"335","Canada","Atiba Hutchinson","Right Defensive Midfield","Thibaut Courtois",1,26,9,0.816352,FALSE,"From Goal Kick","Normal","Right Foot","Off T",98.1,44.7,118.8,41.3,22.3986606742457,1.76918060129541,102.112622925985,137.290610042638,35.1779871166534,26.9616842938154,20.9773687577828,0.492942185395715,5,6,2,1,33.0820000000001,0.815999999999804,"0",0.0409383102070251
"336","Canada","Alistair Johnston","Right Center Back","Thibaut Courtois",1,29,16,0.606035,FALSE,"Regular Play","Normal","Right Foot","Saved",108.1,56.3,119,43.3,20.1816748561659,3.44818792991333,143.868262833208,163.141601232262,19.2733383990541,28.0380786058387,16.9649638962186,0.10697787819228,4,6,1,1,90.3140000000001,41.5609999999999,"0",0.1263665004848
"337","Canada","Jonathan David","Center Forward","Thibaut Courtois",1,30,43,0.281507,FALSE,"From Throw In","Normal","Right Foot","Blocked",104.4,37.5,118.6,40.5,15.7990506043876,1.48660687473186,80.8953991345978,109.653824058053,28.7584249234554,18.5572051659233,14.5134420452214,0.541696012049498,1,4,2,1,9.38799999999992,0.608999999999924,"0",0.0545776531151478
"338","Canada","Jonathan David","Center Forward","Thibaut Courtois",1,31,58,0.809654,FALSE,"Regular Play","Normal","Head","Off T",111.1,34.1,118.9,39.7,10.6780147967682,1.14017542509913,56.4587523458772,74.7448812969423,18.2861289510651,11.0484106471647,9.60208310732625,0,0,2,0,1,21.7940000000001,0.808999999999969,"0",0.195895745797672
"339","Belgium","Michy Batshuayi Tunga","Center Forward","Milan Borjan",1,32,31,0.902422,FALSE,"From Goal Kick","Volley","Right Foot","Off T",111.8,51.3,118.5,43.7,13.9617334167359,3.99249295553543,144.032969698971,157.93210043759,13.8991307386187,9.30300540625799,10.1316336293808,0,0,1,0,1,13.557,0.902000000000044,"0",0.287098649849814
"340","Belgium","Michy Batshuayi Tunga","Center Forward","Milan Borjan",1,43,32,0.620362,FALSE,"Regular Play","Half Volley","Left Foot","Goal",109,36.1,116.5,38.6,11.6709039924078,3.76961536499415,70.4782697240798,68.1985905136482,2.27967921043158,19.824511940204,7.90569415042095,0,0,0,0,1,91.0329999999999,0.619999999999891,"1",0.170965379018847
"341","Canada","Tajon Buchanan","Right Attacking Midfield","Thibaut Courtois",1,46,53,0.45847,TRUE,"From Throw In","Half Volley","Left Foot","Off T",112.6,42.5,118.6,42.5,7.81088983407141,2.86530975637888,108.66691427422,150.751173663453,42.0842593892327,16.8388414209163,6,0,0,0,0,1,23.2780000000002,0.458000000000084,"0",0.217530343457495
"342","Canada","Stephen Antunes Eustáquio","Left Defensive Midfield","Thibaut Courtois",1,48,51,0.310351,FALSE,"From Corner","Half Volley","Right Foot","Blocked",100.5,38.5,119.2,40.7,19.5576072156079,1.06301458127346,85.6012946450045,131.18592516571,45.5846305207054,30.1663531643798,18.8289670454861,0.386818395568811,8,10,4,1,2.971,11.7860000000001,"0",0.0251417436469972
"343","Canada","Jonathan David","Center Forward","Thibaut Courtois",2,47,52,0.70671,TRUE,"From Free Kick","Normal","Head","Off T",111.7,36.9,119,38.6,8.86002257333467,1.72046505340852,69.5196426881908,35.5376777919744,33.9819648962163,12.3948524844768,7.4953318805774,0,0,1,0,1,27.2849999999999,0.706000000000131,"0",0.202650155148892
"344","Canada","Stephen Antunes Eustáquio","Left Defensive Midfield","Thibaut Courtois",2,49,42,1.305283,FALSE,"Regular Play","Normal","Right Foot","Off T",97.8,52.7,118.4,41,25.5759652799264,1.88679622641132,119.772667802772,122.005383208084,2.23271540531145,23.8907046054466,23.6907154809643,0,4,7,0,1,12.2249999999999,1.30499999999984,"0",0.0358371018619922
"345","Canada","Tajon Buchanan","Left Wing Back","Thibaut Courtois",2,62,15,0.763405,FALSE,"From Throw In","Normal","Right Foot","Off T",98.3,34.5,118.8,39.2,22.3861564365123,1.4422205101856,75.7775303855345,56.3099324740204,19.4675979115141,32.6096591915298,21.0318805626126,0.31146597596072,4,6,2,1,11.8799999999997,0.763000000000375,"0",0.0315197348023806
"346","Canada","Richie Laryea","Right Wing Back","Thibaut Courtois",2,66,1,0.885053,FALSE,"Regular Play","Normal","Right Foot","Off T",101.7,54.6,118.3,43,23.4104677441524,3.44818792991333,128.58336296321,150.461217740442,21.877854777232,22.7040389586231,20.2514197033196,0.413096192386015,5,5,1,1,65.6490000000003,0.884999999999309,"0",0.0449959643480987
"347","Belgium","Michy Batshuayi Tunga","Center Forward","Milan Borjan",2,66,41,0.123485,FALSE,"From Goal Kick","Normal","Right Foot","Blocked",103.9,43,118.2,41.5,16.3771181836122,2.34307490277199,100.555181432949,129.805571092265,29.2503896593164,8.94469856030061,14.3784561062723,0.826137408690405,3,3,2,1,15.585,0.454999999999927,"0",0.0659527999729867
"348","Canada","Jonathan David","Left Attacking Midfield","Thibaut Courtois",2,76,49,0.149814,FALSE,"Regular Play","Normal","Left Foot","Blocked",103.1,38.1,118.6,38.9,17.006469357277,1.78044938147649,83.5853981926603,51.842773412631,31.7426247800293,10.70074862288,15.5206314304541,0.519875244910035,2,4,1,1,94.5320000000002,64.6149999999998,"0",0.0533875087465488
"349","Canada","Cyle Larin","Right Attacking Midfield","Thibaut Courtois",2,79,29,0.73132,FALSE,"From Free Kick","Normal","Head","Saved",108.2,44.1,118.5,40.9,12.4919974383603,1.74928556845359,109.160173121981,120.963756532073,11.8035834100922,16.0969215659064,10.7856385995452,0,0,2,0,1,35.6930000000002,0,"0",0.145183850497428
"350","Belgium","Leander Dendoncker","Right Center Back","Milan Borjan",2,84,35,0.508563,TRUE,"From Free Kick","Normal","Head","Off T",112.5,43.5,119.1,41,8.27647267862342,1.34536240470737,115.0168934781,138.012787504183,22.9958940260831,16.7137601437777,7.05761999543755,1.37360563948688,1,4,1,1,1.38100000000031,0.509000000000015,"0",0.0922082211881715
"351","Belgium","Kevin De Bruyne","Right Attacking Midfield","Milan Borjan",2,85,9,0.819583,FALSE,"Regular Play","Normal","Right Foot","Off T",96.6,39.5,116.5,40.8,23.4053412707442,3.59026461420325,88.7759174778237,102.875001559612,14.0990840817887,29.5997246840627,19.9424171052558,0.148658829249433,2,4,1,1,12.5309999999999,0.819999999999709,"0",0.035898166908212
"352","Canada","Cyle Larin","Right Center Forward","Thibaut Courtois",2,85,40,1.270561,TRUE,"From Goal Kick","Normal","Head","Off T",111.7,37.5,117.1,38.9,8.66833317310773,3.10161248385417,73.2374455381673,69.2277453179542,4.00970022021308,7.28609602280134,5.57853027239253,0,0,1,0,1,22.509,1.27099999999973,"0",0.277649546761469
"353","Belgium","Thomas Meunier","Right Wing Back","Milan Borjan",2,90,3,0.312016,FALSE,"From Goal Kick","Normal","Right Foot","Blocked",98,55.5,117.6,42.3,26.9118932815958,3.32415402771893,125.166436035793,133.781124764869,8.61468872907565,24.5802131798549,23.6304887803871,0.134388695483371,2,3,1,1,9.22000000000025,0.47899999999936,"0",0.0464731589921802
"354","Belgium","Kevin De Bruyne","Right Attacking Midfield","Milan Borjan",2,90,51,0.563248,FALSE,"From Corner","Normal","Right Foot","Saved",114.3,59.2,118.9,43.9,20.0282300765694,4.05215991787096,163.465162142655,164.248826336547,0.783664193892236,28.2469883794734,15.9765453086705,0,0,2,0,1,3.57099999999991,0,"0",0.161548119885452
"355","Canada","Cyle Larin","Right Center Forward","Thibaut Courtois",2,91,22,0.11497,TRUE,"From Keeper","Normal","Head","Blocked",111.1,36.1,119.1,39.1,9.71699542039617,1.27279220613579,66.3368592918057,45.0000000000002,21.3368592918054,7.17248956356912,8.54400374531753,1.05409255338945,1,3,1,1,25.1030000000001,36.7819999999992,"0",0.092273715998832
"356","Switzerland","Silvan Widmer","Right Back","Alisson Ramsés Becker",1,5,47,0.403957,FALSE,"From Corner","Volley","Right Foot","Off T",114.9,30,118.9,36.8,11.2254175868874,3.38378486313773,27.021581591177,18.9704078084864,8.05117378269058,13.9531887513195,7.8892331693264,0.516710663453315,2,4,2,1,1.09899999999999,0.403999999999996,"0",0.125209100522608
"357","Brazil","Vinícius José Paixão de Oliveira Júnior","Left Midfield","Yann Sommer",1,26,41,0.589177,FALSE,"Regular Play","Volley","Right Foot","Saved",112.1,34,118.8,37.3,9.92018144995343,2.95465734053883,52.7835595264654,23.9624889745782,28.8210705518872,12.8926478900792,7.46860093993514,0,0,0,0,1,14.9720000000002,0.588999999999942,"0",0.218931003330554
"358","Brazil","Carlos Henrique Casimiro","Left Defensive Midfield","Yann Sommer",1,27,17,0.960858,FALSE,"From Corner","Half Volley","Right Foot","Wayward",94.3,39.7,119.2,39.9,25.7017509131187,0.806225774829852,89.3312080470312,82.8749836510981,6.45622439593301,18.4374924767402,24.900803199897,0.263604725115034,8,10,4,1,2.94100000000003,19.1030000000001,"0",0.0114371014138297
"359","Brazil","Raphael Dias Belloli","Right Midfield","Yann Sommer",1,30,19,1.17533,FALSE,"From Free Kick","Normal","Left Foot","Saved",90.1,46.2,119.1,40.8,30.536044275577,1.20415945787923,101.714712878094,131.63353933657,29.9188264584761,24.7478909323372,29.4984745368299,0.0908865598440394,6,9,1,1,97.8679999999999,0,"0",0.0135684249468638
"360","Brazil","Richarlison de Andrade","Center Forward","Yann Sommer",1,31,27,0.180688,TRUE,"From Free Kick","Normal","Head","Blocked",104.2,41.2,117.5,40.9,15.8455040942218,2.65706605111728,94.3432399516893,109.798876354525,15.4556364028356,3.87408128929427,13.3033830283879,0.894427190999921,0,2,1,1,20.6900000000001,86.6669999999999,"0",0.0471639339587343
"361","Brazil","Éder Gabriel Militão","Right Back","Yann Sommer",1,36,51,0.194608,FALSE,"From Throw In","Normal","Right Foot","Blocked",93.2,45,117.7,40.5,27.262428358457,2.35372045918796,100.568014209009,102.264773727892,1.69675951888307,30.0856720552175,24.9098374141623,0.156364566800191,6,9,1,1,90.6310000000003,0.313999999999851,"0",0.0167327552516816
"362","Brazil","Thiago Emiliano da Silva","Right Center Back","Yann Sommer",1,43,40,0.089358,TRUE,"From Corner","Normal","Head","Blocked",115,43.5,117.8,41.4,6.10327780786685,2.60768096208106,124.992020198559,122.471192290848,2.52082790771023,7.0777717947321,3.5,1.16247638743819,1,2,1,1,1.11999999999989,0.210000000000036,"0",0.0855239270392286
"363","Switzerland","Djibril Sow","Center Attacking Midfield","Alisson Ramsés Becker",2,52,37,0.0115,FALSE,"From Free Kick","Normal","Right Foot","Blocked",112.6,48.8,118.6,43.4,11.4978258814439,3.67695526217005,139.939215542126,157.61986494804,17.6806494059142,86.9565217391309,8.07217442824422,1.12999746429058,3,5,3,1,37.8820000000001,53.8649999999998,"0",0.132383696275642
"364","Switzerland","Ruben Vargas","Left Wing","Alisson Ramsés Becker",2,53,31,0.041917,FALSE,"From Free Kick","Normal","Right Foot","Blocked",104.3,26.2,117.2,37.9,20.9028706162575,3.5,48.6851466551558,53.1301023541559,4.44495569900016,39.1278466179753,17.41551032844,0.44108109139123,3,6,1,1,91.5859999999998,0.161000000000058,"0",0.0860028092897093
"365","Switzerland","Manuel Obafemi Akanji","Right Center Back","Alisson Ramsés Becker",2,54,10,0.979819,FALSE,"From Corner","Normal","Head","Wayward",103.5,43.9,117.2,40.8,16.9546453811337,2.9120439557122,103.298570330494,105.945395900923,2.64682557042858,10.7860216757229,14.0463518395347,0.252377232562534,4,5,1,1,4.4670000000001,12.2460000000001,"0",0.0382723293816992
"366","Switzerland","Djibril Sow","Center Attacking Midfield","Alisson Ramsés Becker",2,59,39,0.21549,FALSE,"Regular Play","Normal","Right Foot","Blocked",99.4,37,116.5,40.1,20.8173004974228,3.50142828000232,81.7142029760462,91.6365770416167,9.92237406557048,17.761992861854,17.3787226227936,0.149237109734975,4,6,1,1,12.096,0.295000000000073,"0",0.0509774377226356
"367","Switzerland","Edimilson Fernandes","Left Wing","Alisson Ramsés Becker",2,59,54,0.156654,FALSE,"Regular Play","Normal","Right Foot","Blocked",97.4,42.8,117.2,40.6,22.7727907819837,2.86356421265527,97.0626026704158,102.094757077012,5.03215440659635,10.8519412207795,19.9218473039023,0.74332551769221,3,6,2,1,8.29100000000017,0.277000000000044,"0",0.0221722801607456
"368","Brazil","Marcos Aoás Corrêa","Right Center Back","Yann Sommer",2,69,40,0.238891,TRUE,"From Free Kick","Normal","Head","Wayward",110.6,37.4,119,38.8,9.75294827218929,1.56204993518133,74.5387822595581,39.8055710922651,34.733211167293,97.0757178068546,8.51586754241751,0,4,3,0,1,16.518,0.239000000000487,"0",0.206771411437871
"369","Brazil","Richarlison de Andrade","Center Forward","Yann Sommer",2,71,4,0.119755,FALSE,"From Counter","Normal","Left Foot","Blocked",107,26.5,117.7,36.7,18.7416648139913,4.02243707222375,43.9190758133393,34.8753283446022,9.04374746873713,9.44737881423301,14.7827602294024,0,0,1,0,1,7.41699999999946,0.400000000000546,"0",0.173911940107855
"370","Brazil","Bruno Guimarães Rodriguez Moura","Right Defensive Midfield","Yann Sommer",2,80,58,0.933074,FALSE,"From Corner","Normal","Head","Saved",102.2,47.4,118.9,40.7,19.2769292160344,1.30384048104053,112.574138078648,122.471192290849,9.89705421220052,18.5681037709205,17.9938878511566,1.28561039570262,8,10,5,1,3.77799999999934,0,"0",0.0131763414649229
"371","Brazil","Carlos Henrique Casimiro","Left Defensive Midfield","Yann Sommer",2,82,15,0.136797,FALSE,"Regular Play","Half Volley","Right Foot","Goal",106.3,29.4,118.4,38.1,17.3219513912261,2.48394846967484,52.2700686453734,40.1009075462122,12.1691610991613,141.631218553853,14.9030198282093,0.260289603147677,2,4,1,1,29.018,0,"1",0.133084265610457
"372","Brazil","Rodrygo Silva de Goes","Center Attacking Midfield","Yann Sommer",2,86,25,0.593052,FALSE,"From Throw In","Normal","Right Foot","Saved",109.7,25.4,118.5,36.9,17.8675683852056,3.44383507154451,35.2021825921487,25.8209919741893,9.38119061795946,23.4405056798693,14.4806767797641,0,1,5,0,1,45.3900000000003,0.592999999999847,"0",0.170815562695559
"373","Brazil","Antony Matheus dos Santos","Right Midfield","Yann Sommer",2,86,51,1.476262,FALSE,"From Corner","Normal","Left Foot","Off T",102.1,56.6,117.8,40.9,24.412496799795,2.37697286480094,132.842049547842,112.249023657212,20.5930258906301,19.8492748903791,22.2031529292576,0.372161463782393,5,8,1,1,10.6179999999995,1.47600000000057,"0",0.0237200560708824
"374","Brazil","Rodrygo Silva de Goes","Center Attacking Midfield","Yann Sommer",2,93,27,0.158155,FALSE,"From Free Kick","Normal","Right Foot","Blocked",105.8,41.8,114.5,40.8,14.3136298680663,5.5578772926361,97.2243156940453,98.2758928270752,1.05157713302989,14.1384589643059,8.75728268357257,0.351364184463153,0,1,1,1,4.42900000000009,0.358000000000175,"0",0.0955650090505775
"375","Uruguay","Mathías Olivera Miramontes","Left Wing Back","Diogo Meireles Costa",1,2,2,0.972396,FALSE,"Regular Play","Normal","Left Foot","Off T",98.2,27.8,117.1,37.9,24.9815932238118,3.58050275799364,60.7671825424757,54.0902769208224,6.6769056216533,23.6752607645884,21.4294190308557,0,1,5,0,1,6.05799999999999,0.971999999999994,"0",0.0562591748703213
"376","Portugal","William Silva de Carvalho","Left Center Midfield","Sergio Rochet Álvarez",1,2,59,0.852416,FALSE,"From Throw In","Volley","Right Foot","Off T",104.9,30.5,117.7,38.8,17.8398430486369,2.59422435421457,57.8243981022351,62.4471884232821,4.62279032104698,23.0714450755964,15.2554908147853,0.261175848827786,2,5,1,1,4.54600000000002,0.851999999999975,"0",0.0786603144335633
"377","Portugal","Bruno Miguel Borges Fernandes","Center Attacking Midfield","Sergio Rochet Álvarez",1,7,17,1.39108,FALSE,"From Free Kick","Normal","Right Foot","Off T",90.8,53.9,118.1,39.9,32.3396042028965,1.90262975904405,115.455727968123,86.9872124958166,28.4685154723066,25.5240933817663,30.6804498011356,0,2,7,0,1,32.87,1.39099999999996,"0",0.0135989657861425
"378","Uruguay","José María Giménez de Vargas","Right Center Back","Diogo Meireles Costa",1,11,6,1.118814,FALSE,"From Corner","Normal","Head","Off T",109.4,37.1,119.2,38.8,10.989540481749,1.4422205101856,74.69915442755,33.6900675259796,41.0090869015704,9.62531467176385,9.94635611668916,0.57259833431387,4,7,1,1,4.34400000000005,1.11900000000003,"0",0.0590166760092922
"379","Portugal","João Félix Sequeira","Left Center Forward","Sergio Rochet Álvarez",1,15,31,0.163642,FALSE,"Regular Play","Normal","Right Foot","Blocked",101,30.9,116.5,37.9,21.0667985227941,4.08166632639171,64.4080319756974,59.0362434679265,5.3717885077709,7.38382931863123,17.007351351695,0.606339062590834,1,4,1,1,5.89299999999992,0.300000000000068,"0",0.0463574440230302
"380","Portugal","Rúben Diogo Da Silva Neves","Center Defensive Midfield","Sergio Rochet Álvarez",1,19,49,0.625775,FALSE,"Regular Play","Half Volley","Right Foot","Blocked",92.4,50,117,41.5,29.355749011054,3.35410196624968,109.916405993809,116.565051177078,6.64864518326891,29.3008787751161,26.0271012600328,0.179430211416783,6,8,3,1,34.847,0.704999999999927,"0",0.017073474678298
"381","Uruguay","Rodrigo Bentancur Colmán","Center Defensive Midfield","Diogo Meireles Costa",1,31,57,0.203564,FALSE,"From Throw In","Normal","Right Foot","Saved",106.8,41.3,110.9,41.6,13.2638606747809,9.23958873543622,95.6246280414459,99.9720576873312,4.34742964588527,17.3055304020441,4.1109609582189,0,0,0,0,1,47.1679999999999,0,"0",0.13286065633907
"382","Portugal","Cristiano Ronaldo dos Santos Aveiro","Right Center Forward","Sergio Rochet Álvarez",1,34,9,0.186282,FALSE,"From Keeper","Normal","Left Foot","Blocked",99.4,24.7,116.9,37.8,25.6602805908275,3.80131556174964,53.3980463689585,54.6375381129309,1.23949174397236,16.8479561379792,21.8600091491289,0,4,6,0,1,61.6459999999997,6.89300000000003,"0",0.0698288858366581
"383","Portugal","João Félix Sequeira","Left Center Forward","Sergio Rochet Álvarez",1,34,15,0.023709,FALSE,"From Keeper","Normal","Right Foot","Blocked",91.6,31.8,116.5,38.8,29.5601082541996,3.7,73.8948579158511,71.0753555839487,2.81950233190241,69.8171384590107,25.865227623201,0.0953072775555725,6,9,1,1,68.1410000000001,0.397999999999683,"0",0.024685071325101
"384","Uruguay","Rodrigo Bentancur Colmán","Center Defensive Midfield","Diogo Meireles Costa",1,35,8,1.93904,FALSE,"From Goal Kick","Normal","Right Foot","Wayward",108.4,29.5,117.7,36.5,15.6464053379682,4.18807831827438,47.8494745606772,33.3106308245608,14.5388437361164,2.74496315334831,11.6400171821179,0.127806616413058,2,4,1,1,14.299,1.93899999999985,"0",0.200463329370669
"385","Portugal","Bruno Miguel Borges Fernandes","Center Attacking Midfield","Sergio Rochet Álvarez",1,36,45,0.211276,FALSE,"From Throw In","Normal","Right Foot","Blocked",93.1,33,117.1,39.5,27.7958630015332,2.94278779391244,75.4138139317636,80.2175929681928,4.8037790364292,25.16146435942,24.8646335183127,0.1737095710878,2,6,1,1,27.3940000000002,11.357,"0",0.0199811634113569
"386","Portugal","João Félix Sequeira","Left Center Forward","Sergio Rochet Álvarez",2,51,38,0.680916,FALSE,"Other","Normal","Left Foot","Off T",107.9,27.1,118.2,36.9,17.6867181806009,3.58468966578698,43.1671604940579,30.1413855520753,13.0257749419826,21.2223027857254,14.2172430520126,0.561655956301732,0,1,1,1,19.4879999999998,0.68100000000004,"0",2.3937998013549e-07
"387","Portugal","Bruno Miguel Borges Fernandes","Center Attacking Midfield","Sergio Rochet Álvarez",2,53,40,1.997588,FALSE,"Regular Play","Normal","Right Foot","Goal",99.4,14.6,118.2,38.5,32.7035166304787,2.34307490277199,39.0428688852918,50.1944289077348,11.151560022443,17.2809828113844,30.4080581425385,0.103941343740758,2,7,1,1,47.5950000000003,1.99699999999984,"1",0.072704450859842
"388","Portugal","Cristiano Ronaldo dos Santos Aveiro","Center Forward","Sergio Rochet Álvarez",2,56,10,0.362543,TRUE,"Regular Play","Normal","Right Foot","Wayward",84.9,19.1,117.7,38.9,40.8511933730215,2.54950975679639,59.2286718947566,64.4400348281761,5.2113629334195,22.1386347945718,38.3129221020793,0,4,8,0,1,7.25199999999995,0.362999999999829,"0",0.0125894620189353
"389","Uruguay","Edinson Roberto Cavani Gómez","Left Center Forward","Diogo Meireles Costa",2,57,25,2.608709,FALSE,"Regular Play","Volley","Right Foot","Off T",102.9,39.7,116.5,40.5,17.1026313764871,3.53553390593274,88.9949139947459,98.130102354156,9.13518835941014,8.59432013509964,13.6235090927411,0,0,1,0,1,5.88400000000001,2.60899999999992,"0",0.083253868281034
"390","Uruguay","Darwin Gabriel Núñez Ribeiro","Right Center Forward","Diogo Meireles Costa",2,59,10,0.886296,FALSE,"Regular Play","Normal","Right Foot","Saved",92.8,43.6,117.4,39.9,27.437201023428,2.60192236625153,97.5394451395093,87.7974018382342,9.74204330127507,26.0094989376471,24.8766959220874,0,2,5,0,1,8.17300000000023,17.7729999999997,"0",0.0219951844434607
"391","Uruguay","Mathías Olivera Miramontes","Left Back","Diogo Meireles Costa",2,64,40,0.657971,TRUE,"From Throw In","Normal","Head","Blocked",108.1,33.8,118.3,40.5,13.4182711255959,1.77200451466694,62.4801075690498,106.389540334035,43.9094327649849,13.3753131421852,12.203687967168,1.70420267643309,4,8,3,1,38.0269999999996,7.91300000000001,"0",0.0358260855795524
"392","Uruguay","Maximiliano Gómez González","Left Center Forward","Diogo Meireles Costa",2,74,16,0.856788,FALSE,"From Throw In","Normal","Right Foot","Post",99.2,43.2,118.8,40.3,21.0447143007454,1.2369316876853,98.7461622625552,104.036243467926,5.29008120537111,24.2946667437129,19.8133793180265,0.517780373078498,3,5,1,1,25.3340000000007,18.0459999999994,"0",0.0267668263688557
"393","Uruguay","Luis Alberto Suárez Díaz","Right Center Forward","Diogo Meireles Costa",2,77,14,0.341858,FALSE,"From Free Kick","Half Volley","Left Foot","Off T",115.6,34,118.9,37.1,7.44043009509531,3.10161248385416,36.2538377374448,20.7722546820457,15.4815830553991,13.5982066228311,4.52769256906872,1.15331737753916,1,2,2,1,1.86599999999999,0.341999999999643,"0",0.139910289361401
"394","Uruguay","Giorgian Daniel De Arrascaeta Benedetti","Left Midfield","Diogo Meireles Costa",2,78,9,0.370691,FALSE,"Regular Play","Normal","Right Foot","Saved",109.3,50,113.9,45.9,14.6454771175268,8.48645980371085,133.063199613779,134.045158746128,0.981959132348919,16.6054351430301,6.16198020120157,0,0,0,0,1,13.527,0.370999999999185,"0",0.192122920236212
"395","Portugal","Rafael Alexandre Conceição Leão","Left Wing","Sergio Rochet Álvarez",2,82,41,1.234391,FALSE,"Regular Play","Normal","Right Foot","Off T",95.3,49.1,117.8,41.9,26.3229937507116,2.90688837074973,110.224859431168,130.815083874882,20.5902244437134,23.4528255812582,23.623928547132,0.286299167156934,3,4,1,1,25.7669999999998,1.23499999999967,"0",0.0229611009429314
"396","Uruguay","Federico Santiago Valverde Dipetta","Right Defensive Midfield","Diogo Meireles Costa",2,85,49,1.38103,FALSE,"From Free Kick","Normal","Right Foot","Off T",88.2,44.5,118.5,39.7,32.1168180242066,1.52970585407783,98.0544144463817,78.6900675259799,19.3643469204018,23.2262582066261,30.6778421666192,0.282013416329802,7,10,3,1,8.14999999999964,1.38100000000031,"0",0.00902172120666437
"397","Portugal","Bruno Miguel Borges Fernandes","Right Wing","Sergio Rochet Álvarez",2,97,19,0.254904,FALSE,"From Throw In","Volley","Right Foot","Saved",117.7,50,118.6,43.6,10.2610915598683,3.8626415831656,167.047235486624,158.749494492867,8.29774099375783,22.8481620979836,6.46297145282261,0,1,1,0,1,36.0140000000001,0.255000000000109,"0",0.371357666111461
"398","Portugal","Bruno Miguel Borges Fernandes","Right Wing","Sergio Rochet Álvarez",2,98,15,0.726273,FALSE,"Regular Play","Half Volley","Right Foot","Post",100.6,35,116,40,20.0339711490259,4,75.547571748907,90,14.452428251093,26.7546233190123,16.1913557184073,0,4,5,0,1,8.25200000000041,0.725999999999658,"0",0.0701587646063783
"399","England","Harry Maguire","Left Center Back","Alireza Safar Beiranvand",1,7,15,0.688217,FALSE,"From Free Kick","Half Volley","Left Foot","Off T",115.4,29.4,115.8,38.8,11.5550854605234,4.36806593356831,23.4590240814615,74.0546040990771,50.5955800176156,10.4183371060252,9.40850678907126,0,2,1,0,1,4.28100000000001,67.962,"0",0.321576756708403
"400","England","Bukayo Saka","Right Wing","Seyed Hossein Hosseini",1,26,58,1.018935,FALSE,"Regular Play","Normal","Left Foot","Saved",101.1,55.3,117.7,41.9,24.3166609549913,2.98328677803526,128.990994042505,129.559667968994,0.568673926489026,20.7847318734247,21.3335416656494,0.608088301113773,2,6,2,1,8.95299999999997,0,"0",0.0339570343977953
"401","England","Mason Mount","Center Attacking Midfield","Seyed Hossein Hosseini",1,29,8,0.368028,FALSE,"From Free Kick","Normal","Right Foot","Off T",113.4,49.1,117.6,43.8,11.2414411887444,4.49444101084885,144.047571999901,147.724355685422,3.67678368552154,21.1120169730899,6.76239602507868,0,1,2,0,1,66.7170000000001,0.367999999999938,"0",0.277667895230789
"402","England","Harry Maguire","Left Center Back","Seyed Hossein Hosseini",1,31,47,0.589807,TRUE,"From Corner","Normal","Head","Post",110.5,40.7,119,39.8,9.52575456328789,1.01980390271856,94.214178522734,78.6900675259797,15.5241109967544,17.4114107461461,8.54751425854324,0,4,8,0,1,1.65000000000009,7.9190000000001,"0",0.105603860136959
"403","England","Jude Bellingham","Right Defensive Midfield","Seyed Hossein Hosseini",1,34,9,0.908059,TRUE,"Regular Play","Normal","Head","Goal",112,38,117,38.7,8.24621125123532,3.26955654485436,75.9637565320735,66.5713071912547,9.39244934081886,10.3891719943931,5.04876222454574,0.98058067569092,1,5,1,1,68.018,0.907999999999902,"1",0.114019378792329
"404","England","Bukayo Saka","Right Wing","Seyed Hossein Hosseini",1,42,46,0.040048,FALSE,"From Corner","Half Volley","Left Foot","Goal",104.1,38.5,117.8,39.9,15.9705979850474,2.20227155455453,84.6106882400266,87.3974377975002,2.78674955747361,401.520973329726,13.7713470655561,1.01870552770083,6,9,4,1,3.67200000000003,0,"1",0.0480372387451679
"405","England","Raheem Sterling","Left Wing","Seyed Hossein Hosseini",1,45,17,0.454052,FALSE,"Regular Play","Volley","Right Foot","Goal",111,42.8,118.1,41.7,9.42549733435854,2.5495097567964,107.281498371817,131.820169880136,24.5386715083191,19.8410853903169,7.18470597867442,0,0,0,0,1,27.884,0.453999999999724,"1",0.208544543004553
"406","Iran","Alireza Jahanbakhsh","Right Wing","Jordan Pickford",1,55,4,0.656055,FALSE,"Regular Play","Volley","Right Foot","Off T",106.4,48.8,117.9,42.4,16.1987653850533,3.18904374382039,122.905242922988,138.81407483429,15.9088319113025,23.821935063505,13.1609270190211,0,2,4,0,1,8.30499999999984,0.655999999999949,"0",0.119903869900159
"407","England","Luke Shaw","Left Back","Seyed Hossein Hosseini",2,58,56,0.149873,FALSE,"From Free Kick","Normal","Left Foot","Blocked",97.9,25.1,116.7,37.8,26.6537051833324,3.96610640301039,56.0118301716444,56.3099324740202,0.298102302375788,27.1605058109834,22.6876618451527,0.33302731149968,4,6,2,1,23.6089999999995,3.05400000000009,"0",0.0449451026691448
"408","Iran","Saeid Ezatolahi Afagh","Left Defensive Midfield","Jordan Pickford",2,60,16,1.514131,FALSE,"Regular Play","Normal","Right Foot","Off T",83.8,35.5,117.6,39.8,36.4786238775533,2.40831891575847,82.9139471129688,85.2363583092738,2.32241119630494,24.1726418942669,34.072422866594,0.112651477264833,5,7,1,1,8.32200000000012,1.51400000000012,"0",0.00726161289838327
"409","England","Bukayo Saka","Right Wing","Seyed Hossein Hosseini",2,61,26,0.255304,FALSE,"Regular Play","Normal","Left Foot","Goal",105.3,46.3,116,42.3,15.9931235223142,4.61410879802373,113.198590513648,119.898901838615,6.70031132496638,67.5128431464759,11.4232219623012,0.399776751831568,3,6,2,1,11.0250000000005,0,"1",0.0897636007701946
"410","Iran","Mehdi Taremi","Center Forward","Jordan Pickford",2,64,33,0.402099,TRUE,"From Throw In","Normal","Right Foot","Goal",109.7,48,116.7,43.8,13.0418556961807,5.03289181286464,127.836452534168,139.028263666485,11.1918111323175,30.5581260138357,8.16333265278342,0.819231920519039,0,2,1,1,18.1020000000008,182.384999999999,"1",0.0910769958229829
"411","Iran","Mehdi Torabi","Left Attacking Midfield","Jordan Pickford",2,69,3,0.054836,FALSE,"From Throw In","Normal","Right Foot","Blocked",103.5,32.3,117.4,37.7,18.2082398929715,3.47131099154195,64.9831065219,48.5035316447844,16.4795748771156,40.7773721186773,14.912075643585,0.5683205956007,4,7,2,1,41.9960000000001,18.406,"0",0.0541972770929821
"412","Iran","Ahmad Nourollahi","Right Defensive Midfield","Jordan Pickford",2,69,5,1.166747,FALSE,"From Throw In","Volley","Left Foot","Off T",97.8,34.8,118.2,39,22.8008771761088,2.0591260281974,76.8170348414591,60.9453959009228,15.8716389405363,19.211874120417,20.8278659492517,0.158767516715568,5,8,2,1,43.7160000000003,16.6859999999997,"0",0.0332536231156612
"413","England","Marcus Rashford","Right Wing","Seyed Hossein Hosseini",2,70,51,0.660467,FALSE,"From Goal Kick","Normal","Left Foot","Goal",109.7,47.7,115.3,44.4,12.8600155520901,6.43816744112795,126.780790751101,133.111811993259,6.3310212421581,20.6104078792559,6.5,0,1,2,0,1,24.4920000000002,0.659999999999854,"1",0.255230984493259
"414","Iran","Mehdi Taremi","Center Forward","Jordan Pickford",2,76,20,0.474626,TRUE,"From Counter","Half Volley","Right Foot","Off T",105.1,54.6,114.2,45.4,20.8607286545796,7.92464510246358,134.417351140814,132.954591511113,1.46275962970074,37.6909457725837,12.9402472928457,0,0,0,0,1,5.37599999999929,23.2350000000006,"0",0.129543815568964
"415","England","Marcus Rashford","Right Wing","Seyed Hossein Hosseini",2,83,5,0.170053,FALSE,"Regular Play","Normal","Left Foot","Blocked",108.6,50.7,117.6,43.6,15.6348968656656,4.32666153055679,133.18580809097,146.30993247402,13.1241243830501,28.7183770873194,11.4634200830293,0.201948097930504,3,7,1,1,74.5840000000007,9.59299999999985,"0",0.139075511939496
"416","England","Jack Grealish","Left Wing","Seyed Hossein Hosseini",2,89,1,0.492701,FALSE,"From Free Kick","Normal","Right Foot","Goal",112,39.9,114.9,49,8.00062497558785,10.34456378974,89.2838400545293,150.461217740442,61.1773776859126,17.2028228888653,9.55091618641898,0.24325212770526,2,2,1,1,85.4189999999999,0.492000000000189,"1",0.24819365109718
"417","Iran","Sardar Azmoun","Left Center Forward","Jordan Pickford",2,97,41,0.241576,FALSE,"Regular Play","Normal","Right Foot","Saved to Post",110.9,30.5,115.6,35.4,13.1552270980018,6.36553218513582,43.7680225973603,43.7269699799433,0.0410526174169448,25.4670801988145,6.78969807870717,0,0,0,0,1,6.29299999999967,0.242000000000189,"0",0.229994781585877
"418","England","Harry Kane","Center Forward","Matthew Charles Turner",1,9,11,0.120148,FALSE,"From Throw In","Normal","Right Foot","Blocked",108.9,42.6,118.1,41.7,11.4004385880544,2.5495097567964,103.182965158541,131.820169880136,28.6372047215949,16.6461364317342,9.24391691870929,0.549201308294194,2,5,2,1,29.758,0.342999999999961,"0",0.0942643932871455
"419","England","John Stones","Right Center Back","Matthew Charles Turner",1,9,56,2.119642,TRUE,"From Corner","Normal","Head","Wayward",109.2,38.6,119,40.1,10.8903627120496,1.00498756211209,82.6139568487328,95.7105931374997,13.0966362887669,10.1275207919255,9.91413132856328,1.53044882121602,5,9,3,1,1.54399999999998,12.899,"0",0.0281970160441106
"420","England","Mason Mount","Center Attacking Midfield","Matthew Charles Turner",1,10,8,0.911689,FALSE,"From Corner","Normal","Right Foot","Off T",94.2,27.2,118.3,38.8,28.8006944360722,2.08086520466849,63.6128854543324,54.7824070318073,8.8304784225251,34.5057844828708,26.7464016271348,0.16479761901743,6,10,2,1,13.5309999999999,0.912000000000035,"0",0.0160823223325286
"421","United States","Haji Wright","Left Center Forward","Jordan Pickford",1,16,3,0.794949,TRUE,"Regular Play","Normal","Head","Off T",108.1,43.9,118.3,40.9,12.5227792442413,1.92353840616714,108.145578659481,117.897271030948,9.75169237146618,15.1214924229999,10.6320270880016,0.857492925712544,1,3,1,1,21.658,0.793999999999983,"0",0.0773528716621853
"422","United States","Weston McKennie","Right Midfield","Jordan Pickford",1,25,7,0.579895,FALSE,"From Free Kick","Half Volley","Right Foot","Off T",110.5,39.5,118.7,41,9.51314879522022,1.64012194668567,86.9872124958167,127.568592028828,40.5813795330109,16.4556279162052,8.33606621854697,0,1,3,0,1,54.479,0.579999999999927,"0",0.192071483747035
"423","United States","Yunus Dimoara Musah","Left Defensive Midfield","Jordan Pickford",1,28,6,0.212073,FALSE,"From Free Kick","Normal","Right Foot","Saved",93,25.1,117.6,37.8,30.8384500259011,3.25576411921995,61.1078086991819,47.4895529219992,13.6182557771827,128.42577045328,27.6848333930331,0.1974720835566,6,9,2,1,47.8399999999999,0.211999999999989,"0",0.032212587738939
"424","United States","Christian Pulisic","Left Midfield","Jordan Pickford",1,32,7,0.783272,FALSE,"Regular Play","Normal","Left Foot","Post",106.4,24.4,117.2,36.3,20.6958933124424,4.64004310324807,41.0817511359326,37.1168606832702,3.9648904526624,23.5829577800036,16.0701586799882,0.450377349111045,2,4,1,1,16.0409999999999,0.784000000000106,"0",0.110810610819319
"425","United States","Sergino Dest","Right Back","Jordan Pickford",1,40,40,0.171684,FALSE,"From Throw In","Normal","Left Foot","Blocked",108.6,51.2,116.8,42.9,15.9812390007784,4.31856457633784,134.492970939085,132.184443315789,2.30852762329647,8.23730552860543,11.6674761623926,0.561655956301729,1,3,1,1,8.87599999999975,0.33199999999988,"0",0.0856849381176663
"426","United States","Christian Pulisic","Left Midfield","Jordan Pickford",1,42,11,1.558465,TRUE,"From Throw In","Normal","Head","Off T",110,42.8,118.4,40.4,10.3846039885977,1.64924225024706,105.642246457209,104.036243467926,1.60600298928225,8.67566793777286,8.73613186713663,0.940720868383602,2,3,1,1,32.7060000000001,1.5590000000002,"0",0.0754597466716901
"427","England","Bukayo Saka","Right Wing","Matthew Charles Turner",1,44,16,0.40931,TRUE,"From Throw In","Normal","Left Foot","Off T",113.2,36.1,118.2,36.4,7.8390050389064,4.02492235949962,60.1644608997385,26.5650511770779,33.5994097226605,17.461159888794,5.00899191454728,1.24304907495659,2,5,2,1,33.8700000000003,0.409999999999854,"0",0.0905472326987017
"428","England","Mason Mount","Center Attacking Midfield","Matthew Charles Turner",1,45,26,0.468094,FALSE,"Regular Play","Normal","Right Foot","Saved",100.1,32.9,114.4,37.3,21.1286535302182,6.21691241694782,70.364417195553,64.2592916437671,6.10512555178582,31.1932428075455,14.961617559609,0,0,2,0,1,18.174,0.468000000000302,"0",0.0723729111550407
"429","United States","Haji Wright","Left Center Forward","Jordan Pickford",2,48,15,0.09997,FALSE,"From Counter","Normal","Right Foot","Blocked",106.5,28.3,117,36.9,17.8644899171513,4.3139309220246,49.0856167799749,44.0608090542644,5.02480772571047,15.5610174913514,13.5723984615837,0.828663311340865,1,3,3,1,10.3909999999996,4.2170000000001,"0",0.0916703177278836
"430","United States","Weston McKennie","Right Midfield","Jordan Pickford",2,48,18,0.839663,FALSE,"Regular Play","Normal","Right Foot","Off T",99.2,53.9,116.4,42.9,25.0169942239271,4.62276973253048,123.753588319815,128.853374340353,5.09978602053874,28.9009469962174,20.4166598639444,0.122187682685041,3,6,1,1,13.7689999999998,0.838999999999942,"0",0.042632850233896
"431","United States","Christian Pulisic","Left Midfield","Jordan Pickford",2,57,51,0.035761,FALSE,"Regular Play","Normal","Right Foot","Blocked",98.8,24.7,118.6,37,26.1444066675838,3.31058907144937,54.182087192921,25.0168934781001,29.1651937148209,24.0550467465749,23.309440147717,0.125,2,6,1,1,49.0260000000003,0.170999999999822,"0",0.0560935924442336
"432","United States","Christian Pulisic","Left Midfield","Jordan Pickford",2,61,54,0.128479,FALSE,"From Corner","Normal","Left Foot","Blocked",95.3,40.1,116.2,40.1,24.7002024283203,3.80131556174964,90.2319654512982,91.5074357587749,1.27547030747668,6.2751560553075,20.9,0.262794165613819,3,6,1,1,80.0280000000002,9.49699999999984,"0",0.0141415422534607
"433","England","Marcus Rashford","Right Wing","Matthew Charles Turner",2,86,43,0.95848,FALSE,"From Throw In","Normal","Right Foot","Saved",105.3,20.7,118.4,37.3,24.2606677566797,3.13847096529504,37.295002801161,30.6506679570528,6.64433484410827,22.7782995106966,21.1463944917331,0.224224264665437,3,5,1,1,26.1180000000004,0,"0",0.0986984030547489
"434","England","Harry Maguire","Left Center Back","Matthew Charles Turner",2,90,50,1.608351,TRUE,"From Corner","Normal","Head","Saved",109.9,37.5,119.3,40,10.4048065815756,0.700000000000003,76.0973128857794,90,13.9026871142206,6.12294356349337,9.72676719162127,1,6,9,1,1,2.00500000000011,0,"0",0.0457364661099636
"435","England","Harry Kane","Center Forward","Matthew Charles Turner",2,92,51,0.363415,TRUE,"From Free Kick","Normal","Head","Off T",111.2,40.8,119,40,8.83628881374981,1,95.1944289077349,90,5.19442890773486,29.3076003042128,7.84091831356506,1.46608002145573,1,3,2,1,1.35500000000047,0.363999999999578,"0",0.071029960279504
"436","Wales","Neco Williams","Left Wing Back","Seyed Hossein Hosseini",1,2,2,1.471878,TRUE,"From Goal Kick","Normal","Right Foot","Off T",99.5,23,118.6,37.3,26.6317479711715,3.04138126514911,50.3321588816596,27.4075754378185,22.9245834438411,20.330991379395,23.8600083822282,0.10669739994408,5,7,1,1,16.132,1.47199999999999,"0",0.086395958589598
"437","Iran","Sardar Azmoun","Center Forward","Wayne Hennessey",1,6,37,1.001345,FALSE,"Regular Play","Normal","Right Foot","Saved",97.2,31.2,117.9,38.9,24.4393125926242,2.37065391822594,68.8951614150703,62.3540246362612,6.54113677880911,22.1152318702008,22.0857420070053,0.306188777905223,1,5,2,1,35.255,0,"0",0.0357378451368578
"438","Wales","Kieffer Roberto Francisco Moore","Left Center Forward","Seyed Hossein Hosseini",1,11,22,0.39029,FALSE,"From Throw In","Volley","Right Foot","Saved",111.6,44.5,117.6,41.7,9.52942810456116,2.94108823397056,118.178590109959,125.311213439633,7.13262332967403,16.7329338361277,6.62117814289874,0,0,1,0,1,68.768,87.657,"0",0.190565219214536
"439","Iran","Ahmad Nourollahi","Left Defensive Midfield","Wayne Hennessey",1,19,10,0.071053,FALSE,"From Counter","Normal","Right Foot","Blocked",95.5,34,117.6,39.2,25.2239965112589,2.52982212813471,76.2392148882087,71.5650511770781,4.67416371113066,16.0468301844979,22.7035239555449,0.90176388001328,3,7,2,1,10.2149999999999,2.46800000000007,"0",0.0204702934752773
"440","Iran","Sardar Azmoun","Center Forward","Wayne Hennessey",1,22,36,0.769173,TRUE,"From Free Kick","Normal","Head","Off T",109.6,34.7,118.4,39,11.6726175299288,1.88679622641132,62.9959092972404,57.9946167919164,5.00129250532395,13.5366325826573,9.79438614717636,0,0,2,0,1,1.59099999999989,0.769000000000005,"0",0.17036015059302
"441","Wales","Gareth Frank Bale","Right Center Forward","Seyed Hossein Hosseini",1,28,48,1.62917,FALSE,"From Throw In","Volley","Left Foot","Saved",88.9,36.5,118.6,40.2,31.2963256629273,1.4142135623731,83.5789391765092,98.130102354156,14.5511631776468,18.6388988634018,29.9295840265113,0,1,3,0,1,13.7670000000001,1.62999999999988,"0",0.0120080294581668
"442","Wales","Harry Wilson","Left Center Midfield","Seyed Hossein Hosseini",1,41,9,0.038005,FALSE,"From Goal Kick","Normal","Left Foot","Blocked",105.5,25.4,118.2,37.5,20.5769288281804,3.08058436014987,44.8031080619281,35.7538872544367,9.04922080749137,55.9407752281788,17.541379649275,0.42678959977632,0,1,1,1,48.3420000000001,0.182000000000244,"0",0.136691202640414
"443","Iran","Mehdi Taremi","Center Attacking Midfield","Wayne Hennessey",1,48,50,0.343781,FALSE,"From Free Kick","Normal","Left Foot","Wayward",105.7,38.8,119.2,40.1,14.3502613216624,0.806225774829852,85.2032010331645,97.1250163489019,11.9218153157374,17.3215796462974,13.5624481565829,0.518265843605611,3,8,3,1,3.75500000000011,14.4479999999999,"0",0.0738753038645229
"444","Iran","Ahmad Nourollahi","Left Defensive Midfield","Wayne Hennessey",1,49,3,1.293301,FALSE,"From Free Kick","Half Volley","Right Foot","Saved",86.4,48.2,119.1,41.8,34.5861243853659,2.01246117974981,103.714811891878,153.434948822922,49.7201369310434,25.7491112462859,33.3204141630923,0.144582182740163,7,10,2,1,16.9100000000003,1.29299999999967,"0",0.00810601884880766
"445","Iran","Sardar Azmoun","Center Forward","Wayne Hennessey",2,50,58,0.414456,TRUE,"From Counter","Normal","Right Foot","Post",110,49.7,117.7,43.6,13.9316187142772,4.27200187265877,134.127542877098,147.425942865428,13.2983999883296,27.4434279403907,9.82344135219425,0,0,0,0,1,10.3400000000001,11.4679999999998,"0",0.218566347213277
"446","Iran","Ali Gholizadeh","Right Midfield","Wayne Hennessey",2,51,8,1.09469,FALSE,"Regular Play","Normal","Left Foot","Post",97.2,48,118.5,38.7,24.1627812968623,1.98494332412792,109.334808537826,49.0856167799749,60.2491917578515,23.536428271292,23.2417727378959,0.177459084453343,4,7,2,1,20.0640000000003,1.74399999999969,"0",0.029423358908746
"447","Iran","Sardar Azmoun","Center Forward","Wayne Hennessey",2,51,9,0.250132,FALSE,"From Counter","Normal","Head","Saved",111,36.2,115.1,37.2,9.76933979345585,5.64358042380899,67.1094483437517,60.2551187030579,6.85432964069386,16.871849940039,4.22018956920183,0,1,0,0,1,21.808,0,"0",0.248843735294618
"448","Wales","Kieffer Roberto Francisco Moore","Left Center Forward","Seyed Hossein Hosseini",2,52,19,1.394872,FALSE,"Regular Play","Normal","Head","Off T",114.4,39.9,115.4,39.5,5.60089278597617,4.6270941205037,88.9769698113321,83.7965520983081,5.18041771302396,4.9756974688604,1.0770329614269,0.280827978150865,0,1,1,1,13.6219999999998,1.39499999999998,"0",0.247260078501492
"449","Iran","Ehsan Hajsafi","Left Midfield","Wayne Hennessey",2,55,28,0.12678,FALSE,"From Throw In","Half Volley","Left Foot","Blocked",104.6,33.1,118.7,39,16.8751296291317,1.64012194668567,65.8651415709692,52.4314079711724,13.4337335997968,27.7417658858952,15.2846328055338,0.373868353589949,2,5,2,1,6.62199999999984,15.5079999999998,"0",0.0652456587624161
"450","Iran","Mehdi Taremi","Center Attacking Midfield","Wayne Hennessey",2,63,39,0.039499,TRUE,"From Counter","Normal","Right Foot","Blocked",107.1,29.4,118.6,37,16.6964067990691,3.31058907144937,50.5898689598278,25.0168934781001,25.5729754817277,19.7732845791203,13.7844114854425,0,1,4,0,1,8.76499999999987,0.0799999999999272,"0",0.166667921821321
"451","Iran","Ahmad Nourollahi","Left Defensive Midfield","Wayne Hennessey",2,69,48,0.034554,TRUE,"Regular Play","Normal","Right Foot","Blocked",90.5,45.6,117.6,41,30.0268213435921,2.60000000000001,100.748594005842,112.61986494804,11.8712709421988,67.5615994092072,27.4876335831224,0.497757403793843,5,7,2,1,15.469,4.26699999999983,"0",0.0116995043214892
"452","Iran","Morteza Pouraliganji","Left Center Back","Wayne Hennessey",2,71,42,0.469576,FALSE,"From Corner","Half Volley","Left Foot","Blocked",100.8,38.5,118.6,39.1,19.2585046148448,1.66433169770933,85.5328409386107,57.2647737278925,28.2680672107182,21.9512157010668,17.8101094887145,0.460006932563704,4,9,3,1,4.94700000000012,7.29399999999987,"0",0.0231936893644732
"453","Iran","Saeid Ezatolahi Afagh","Right Defensive Midfield","Wayne Hennessey",2,72,27,0.769937,FALSE,"Regular Play","Normal","Right Foot","Saved",99.5,49.3,118.4,40.4,22.510886255321,1.64924225024706,114.401825538367,104.036243467926,10.3655820704406,28.5146686028859,20.8906677729555,0,3,5,0,1,10.8509999999997,0.770000000000437,"0",0.046618310613003
"454","Iran","Ahmad Nourollahi","Left Defensive Midfield","Wayne Hennessey",2,74,15,0.346992,FALSE,"From Corner","Normal","Right Foot","Blocked",85.8,53.5,117.8,40.4,36.7680567884679,2.23606797749979,111.540975918538,100.304846468766,11.2361294497724,32.0566432689228,34.5775939012535,0.141629966499903,5,9,2,1,31.9839999999995,10.9720000000007,"0",0.0034982163106052
"455","Wales","Aaron Ramsey","Left Defensive Midfield","Seyed Hossein Hosseini",2,82,52,0.286846,FALSE,"Regular Play","Volley","Right Foot","Wayward",104,53.9,118.1,42.4,21.1945747775227,3.0610455730028,130.982478956341,141.632514615138,10.6500356587977,13.6140118319702,18.195054273071,0.455960752587553,3,8,1,1,32.1949999999997,7.93199999999979,"0",0.057253300881077
"456","Wales","Neco Williams","Right Back","Seyed Hossein Hosseini",2,82,56,0.472635,FALSE,"Regular Play","Normal","Right Foot","Blocked",98.6,51.1,116.9,42.2,24.1074677226788,3.80131556174964,117.415389919427,125.362461887069,7.94707196764166,27.473613541431,20.349447166938,0.180041414288477,5,8,1,1,36.6549999999997,3.47199999999975,"0",0.0382962346896407
"457","Wales","Ben Davies","Left Back","Seyed Hossein Hosseini",2,82,59,0.453581,FALSE,"Regular Play","Normal","Left Foot","Saved",101.7,30.8,116.6,39.5,20.4824314962848,3.43656805548792,63.3098490664475,81.6341138759675,18.32426480952,36.944639283973,17.2539850469391,0.443133435984342,5,7,4,1,39.6729999999998,0.453999999999724,"0",0.0602725398779567
"458","Iran","Karim Ansarifard","Center Attacking Midfield","Daniel Ward",2,87,54,0.481242,FALSE,"From Free Kick","Normal","Right Foot","Blocked",99.5,36.2,116.3,39.6,20.849220608934,3.72155881318568,79.4985149913487,83.8298249049704,4.33130991362174,20.0358555736883,17.1405950888527,0.293990516018927,5,7,1,1,27.4030000000002,5.6939999999995,"0",0.0468575637383179
"459","Iran","Mehdi Torabi","Left Midfield","Daniel Ward",2,87,59,0.880248,FALSE,"From Free Kick","Normal","Right Foot","Off T",99.1,39,117.3,40.4,20.9239097684921,2.72946881279124,87.2606642780814,98.4269690214806,11.1663047433992,24.6712446522032,18.2537667345674,0.650776988915554,5,7,3,1,32.2160000000003,0.880999999999403,"0",0.0319570947779214
"460","Wales","Neco Williams","Right Back","Seyed Hossein Hosseini",2,95,23,0.991505,FALSE,"From Free Kick","Normal","Right Foot","Wayward",89.9,45,118.5,41.6,30.512456472726,2.19317121994613,99.4314516401545,136.847610265995,37.4161586258401,18.6740349231834,28.8013888554007,0.089239484499255,4,8,1,1,18.808,2.51800000000003,"0",0.0139207222448213
"461","Wales","Brennan Johnson","Right Midfield","Seyed Hossein Hosseini",2,95,25,0.85511,TRUE,"From Free Kick","Half Volley","Right Foot","Saved Off Target",114.4,52.4,117.9,43.7,13.605881081356,4.25440947723653,155.695450734063,150.422161318739,5.27328941532457,9.70705802502467,9.37763296360014,0,0,0,0,1,21.326,0,"0",0.290179991205109
"462","Iran","Ramin Rezaeian","Right Back","Daniel Ward",2,95,43,0.159302,FALSE,"Regular Play","Normal","Right Foot","Blocked",98.3,52.1,116.3,42.1,24.845522735495,4.25440947723653,119.144198677361,119.577838681261,0.43364000389991,19.1640249619889,20.591260281974,0.281606358518076,2,5,1,1,16.8940000000002,41.6120000000001,"0",0.0332519220888235
"463","Iran","Alireza Jahanbakhsh","Right Midfield","Daniel Ward",2,96,12,0.012169,FALSE,"Regular Play","Normal","Right Foot","Blocked",99.2,46.5,114.9,42.4,21.7919709985123,5.63648826841677,107.354024636261,115.201123645475,7.84709900921376,67.7640829257564,16.2265215003093,0.854357657716765,0,4,1,1,46.0910000000003,12.415,"0",0.0299465530615284
"464","Iran","Alireza Jahanbakhsh","Right Midfield","Daniel Ward",2,97,43,0.465659,FALSE,"From Throw In","Normal","Right Foot","Blocked",91.4,24.9,116.5,37.9,32.3414594599563,4.08166632639171,62.1671993576271,59.0362434679265,3.13095588970067,26.9876032268446,28.2667649369361,0.0760527745993793,3,7,1,1,30.357,13.7690000000002,"0",0.020845931550271
"465","Iran","Roozbeh Cheshmi","Left Defensive Midfield","Daniel Ward",2,97,56,0.902633,FALSE,"From Throw In","Normal","Right Foot","Goal",95.1,37.5,115.9,40,25.0251873119863,4.09999999999999,84.2666252416281,90,5.73337475837185,28.3244460902581,20.9497016685203,0.475324303134211,5,7,4,1,43.223,0.903000000000247,"1",0.0197562140966572
"466","Iran","Ramin Rezaeian","Right Back","Daniel Ward",2,100,37,1.245307,FALSE,"From Counter","Lob","Right Foot","Goal",104.8,45.3,109.8,43.7,16.097515336225,10.8503456166152,109.222856828102,109.937991744206,0.715134916103665,12.7760140357049,5.24976189936267,0,1,1,0,1,9.38199999999961,1.24600000000009,"1",0.146275961485405
"467","Netherlands","Cody Mathès Gakpo","Right Center Forward","Hernán Ismael Galíndez",1,5,3,0.704196,FALSE,"From Throw In","Normal","Left Foot","Goal",100.6,31,115,37.6,21.3859767137253,5.54616984954482,65.1125882890755,64.3589941756947,0.753594113380743,28.5964804642841,15.8404545389329,0.235964589091504,1,5,1,1,17.33,0.703999999999951,"1",0.05374942807922
"468","Ecuador","Enner Remberto Valencia Lastra","Left Attacking Midfield","Andries Noppert",1,10,39,0.626427,FALSE,"From Free Kick","Half Volley","Left Foot","Blocked",107,30,118.6,38,16.4012194668567,2.44131112314674,52.4314079711725,34.9920201985588,17.4393877726137,18.039520118407,14.0911319630468,0.381214858472739,5,7,4,1,11.2560000000001,4.75599999999997,"0",0.10500553713479
"469","Ecuador","Moisés Isaac Caicedo Corozo","Left Defensive Midfield","Andries Noppert",1,23,32,0.135136,FALSE,"From Throw In","Normal","Right Foot","Blocked",94.8,37.9,118.3,39.4,25.2873486154638,1.802775637732,85.2363583092738,70.5599651718238,14.67639313745,24.4198437130002,23.5478236786332,0.333122876188175,4,6,2,1,17.123,12.6390000000001,"0",0.0190481631965042
"470","Ecuador","Michael Steveen Estrada Martínez","Center Forward","Andries Noppert",1,26,56,2.030422,FALSE,"Regular Play","Backheel","Left Foot","Wayward",112.1,34.6,117.9,37.7,9.56922149393565,3.11448230047948,55.6456633449604,42.3974377975002,13.2482255474602,4.60172658759532,6.57647321898296,0.527032485115869,1,3,2,1,16.2900000000002,4.56099999999992,"0",0.154683461425381
"471","Ecuador","Enner Remberto Valencia Lastra","Left Attacking Midfield","Andries Noppert",1,31,53,0.65979,FALSE,"Regular Play","Normal","Right Foot","Saved",100.6,23.5,117,38,25.4678228358845,3.60555127546399,49.618321832945,56.3099324740202,6.69161064107527,33.6525308221927,21.8908656749796,0.118636399791057,2,4,1,1,12.3210000000001,0.660000000000082,"0",0.0750355921064862
"472","Ecuador","Enner Remberto Valencia Lastra","Left Attacking Midfield","Andries Noppert",1,46,49,0.011174,TRUE,"From Free Kick","Normal","Head","Blocked",110.2,47.9,116.5,43.6,12.5876924017073,5.02095608425328,128.873066994506,135.806929455102,6.93386246059646,88.1408430445321,7.62758153020995,0.830454798537405,3,4,1,1,1.88599999999997,0.325000000000273,"0",0.125677724476529
"473","Ecuador","Angelo Smit Preciado Quiñónez","Right Wing Back","Andries Noppert",1,47,48,0.488251,TRUE,"From Corner","Half Volley","Right Foot","Blocked",100.6,54,119.1,42.4,23.9240464804765,2.56320112359526,125.816080749156,159.443954780416,33.6278740312608,30.5012788077971,21.8359794834122,0.256822392739585,8,9,4,1,2.47499999999991,0.863000000000284,"0",0.0239303203754524
"474","Ecuador","Pervis Josué Estupiñán Tenorio","Left Wing Back","Andries Noppert",1,47,49,0.241329,FALSE,"From Corner","Half Volley","Left Foot","Wayward",112,44.1,118.5,42.3,8.98943824718764,2.74590604354919,117.135139622077,146.888658039628,29.753518417551,19.7555991050561,6.7446274915669,0.231807142505352,6,6,1,1,2.95600000000013,0.382000000000062,"0",0.11923414891895
"475","Ecuador","Pervis Josué Estupiñán Tenorio","Left Wing Back","Andries Noppert",2,48,43,0.416305,FALSE,"Regular Play","Normal","Left Foot","Saved",105.8,28.7,116.9,37.1,18.1474516117277,4.24499705535822,51.4881151165105,46.9091524329963,4.5789626835142,34.2623557510321,13.9201293097442,0.28261670947211,1,2,1,1,5.34899999999971,1.36000000000013,"0",0.110964133719457
"476","Ecuador","Enner Remberto Valencia Lastra","Left Attacking Midfield","Andries Noppert",2,48,44,0.264211,FALSE,"From Counter","Half Volley","Right Foot","Goal",116,38.1,116.9,37.1,4.42831796509691,4.24499705535822,64.5922818910515,46.9091524329963,17.6831294580552,20.3679998895939,1.34536240470737,0,0,0,0,1,6.44499999999971,0.264000000000124,"1",0.361794026889593
"477","Ecuador","Enner Remberto Valencia Lastra","Left Attacking Midfield","Andries Noppert",2,58,46,0.299368,FALSE,"From Throw In","Normal","Right Foot","Blocked",102,37.5,117.3,40.8,18.1727818453862,2.81602556806575,82.0928372970416,106.504361381755,24.4115240847134,34.1780455277637,15.6518369528947,0.183185826361828,3,6,1,1,15.7650000000003,14.1749999999997,"0",0.0576289827847226
"478","Ecuador","Gonzalo Jordy Plata Jiménez","Right Attacking Midfield","Andries Noppert",2,58,48,0.9322,FALSE,"From Throw In","Normal","Left Foot","Post",104.2,52.6,118,42.2,20.2089089265106,2.9732137494637,128.57125225117,137.726310993906,9.15505874273614,23.4447600618144,17.2800462962343,0.319423925669822,3,7,2,1,18.1320000000001,11.808,"0",0.0563346010477242
"479","Ecuador","Michael Steveen Estrada Martínez","Center Forward","Andries Noppert",2,63,19,1.597551,TRUE,"Regular Play","Normal","Left Foot","Wayward",105.1,38,117.3,38.4,15.0336289697465,3.13847096529505,82.3549867283293,59.3493320429471,23.0056546853822,9.00705647903524,12.2065556157337,0.877058019307024,1,4,1,1,33.5719999999997,1.59799999999996,"0",0.0544186881267307
"480","Netherlands","Teun Koopmeiners","Right Defensive Midfield","Hernán Ismael Galíndez",2,65,12,0.825046,FALSE,"Regular Play","Normal","Left Foot","Off T",96.5,40.9,115.8,39.6,23.5172277277744,4.2190046219458,92.1932345763754,84.5596679689945,7.63356660738096,29.7200394529256,19.3437328352105,0.310086836473021,3,6,1,1,75.127,0.826000000000022,"0",0.0307008540888268
"481","Ecuador","Moisés Isaac Caicedo Corozo","Left Defensive Midfield","Andries Noppert",2,72,33,0.06807,TRUE,"Regular Play","Half Volley","Right Foot","Blocked",103.2,29.4,118,38.4,19.8645412733343,2.56124969497314,57.7500258358164,51.3401917459099,6.40983408990648,22.994675837371,17.3216627377397,0.546877364701327,3,5,2,1,6.51900000000023,0.141999999999825,"0",0.0626062248620036
"482","Ecuador","Angelo Smit Preciado Quiñónez","Right Wing Back","Andries Noppert",2,80,21,1.605378,FALSE,"From Corner","Half Volley","Right Foot","Off T",95.3,57.9,117.9,41.1,30.5040980853393,2.37065391822594,125.930706700108,117.645975363739,8.2847313363697,16.8425604456325,28.1602556806574,0.39152724385129,7,10,4,1,3.79800000000068,1.60499999999956,"0",0.00916390019306676
"483","Ecuador","Angelo Smit Preciado Quiñónez","Right Wing Back","Andries Noppert",2,91,54,1.273169,FALSE,"From Throw In","Normal","Head","Saved",98.9,38.2,117.6,38.7,21.1766380712331,2.72946881279124,85.1240137875378,61.5570713756367,23.5669424119011,13.8380469807513,18.706683297688,0.33259505261887,5,7,1,1,3.02400000000034,1.27300000000014,"0",0.0319768417062389
"484","France","Kingsley Coman","Right Wing","Aymen Dahmen",1,24,49,0.386663,FALSE,"Regular Play","Normal","Left Foot","Off T",112.3,29.9,116.7,34.1,12.7003936946852,6.76017751246223,37.3210361926313,29.2192466904846,8.10178950214672,22.0937437863706,6.08276253029823,0.287124068710107,1,1,1,1,15.125,0.386999999999944,"0",0.218475634384402
"485","Tunisia","Anis Ben Slimane","Right Attacking Midfield","Steve Mandanda",1,29,11,0.271585,FALSE,"From Throw In","Normal","Head","Saved",110.9,41,118.7,41.6,9.15478017212865,2.06155281280883,96.2710774495012,140.906141113771,44.6350636642694,29.9179602198529,7.82304288624318,0.357142857142857,3,5,1,1,5.05700000000002,0.272000000000162,"0",0.140137182920598
"486","Tunisia","Wahbi Khazri","Center Forward","Steve Mandanda",1,34,34,0.857743,FALSE,"From Throw In","Half Volley","Left Foot","Saved",95.1,52.3,117.2,41.1,27.7722883464795,3.00832179129826,116.2882621249,111.447736327105,4.84052579779481,27.8952695947513,24.7759964481754,0.21358941442919,4,8,1,1,10.4400000000001,1.91400000000021,"0",0.0184367880857197
"487","France","Youssouf Fofana","Right Center Midfield","Aymen Dahmen",1,46,45,0.253627,FALSE,"From Free Kick","Normal","Right Foot","Blocked",99.9,53.4,116.5,43,24.1571935456087,4.60977222864644,123.69006752598,130.601294645004,6.91122711902469,25.8004836219848,19.5887722943527,0.14403780047892,2,4,1,1,15.2819999999997,0.445000000000164,"0",0.0460318517672428
"488","Tunisia","Wahbi Khazri","Center Forward","Steve Mandanda",1,46,59,0.829016,FALSE,"Regular Play","Normal","Right Foot","Off T",97.9,19.8,118.8,40,29.9407748730723,1.2,47.5718406078498,90,42.4281593921502,38.5626423740733,29.066303514551,0,2,6,0,1,11,16.6859999999997,"0",0.0616022758094603
"489","Tunisia","Aïssa Bilal Laïdouni","Left Defensive Midfield","Steve Mandanda",2,51,29,0.489146,FALSE,"From Throw In","Normal","Right Foot","Off T",114.8,22.4,118,34.4,18.3521115951271,5.9464274989274,16.46001481204,19.6538240580533,3.19380924601327,38.6965971553061,12.419339757008,0,0,0,0,1,16.3409999999999,0.489000000000033,"0",0.310713189956438
"490","Tunisia","Wahbi Khazri","Center Forward","Steve Mandanda",2,57,20,1.404357,TRUE,"Regular Play","Normal","Left Foot","Goal",103.3,37.8,111,38.7,16.8442868652846,9.09340420304739,82.495267549388,81.7807907511009,0.714476798287052,12.5198774536412,7.75241897732573,0,1,3,0,1,7.46199999999999,104.828,"1",0.106007437020622
"491","France","Axel Disasi","Right Back","Aymen Dahmen",2,79,23,0.176081,TRUE,"From Corner","Normal","Head","Blocked",111.3,41.5,119.4,40.5,8.8283633817373,0.781024967590661,99.7824070318073,129.805571092265,30.0231640604582,5.7075298420164,8.16149496109629,2.87778858671373,4,7,3,1,1.88500000000022,0.576999999999316,"0",0.0126806076333027
"492","France","Adrien Rabiot","Left Defensive Midfield","Aymen Dahmen",2,81,8,0.186667,FALSE,"From Corner","Volley","Right Foot","Wayward",113.8,47.7,118.8,42.2,9.88584847142622,2.50599281722834,141.159163029143,151.389540334035,10.2303773048917,14.4245228324623,7.43303437365925,0.548676627856118,3,6,2,1,2.13799999999992,7.24900000000071,"0",0.115396950401483
"493","France","Ousmane Dembélé","Right Wing","Aymen Dahmen",2,81,14,0.983466,FALSE,"From Corner","Normal","Right Foot","Saved",95.9,53.5,117.7,40.7,27.6235406854371,2.40416305603426,119.256065222107,106.927513064147,12.32855215796,26.9069274338159,25.2800316455498,0.213735297982608,6,10,2,1,8.40300000000025,0.984000000000378,"0",0.0126165526751999
"494","France","Adrien Rabiot","Left Defensive Midfield","Aymen Dahmen",2,84,28,1.154385,FALSE,"Regular Play","Volley","Left Foot","Wayward",108.7,29.1,118.5,36.9,15.7003184681076,3.44383507154451,46.0322446915657,25.8209919741893,20.2112527173765,29.2346461362101,12.5251746494809,0.243463528792689,4,6,2,1,30.0160000000005,4.6869999999999,"0",0.146746102897343
"495","France","Kylian Mbappé Lottin","Left Wing","Aymen Dahmen",2,88,19,0.50489,FALSE,"Regular Play","Normal","Right Foot","Saved",116.8,24.7,119.2,35.9,15.6310588253004,4.17731971484109,11.8131447001372,11.0409401803237,0.77220451981349,21.4832111383105,11.4542568506211,0,0,1,0,1,62.0839999999998,5.14400000000023,"0",0.371059576818341
"496","France","Randal Kolo Muani","Center Forward","Aymen Dahmen",2,89,11,0.086643,FALSE,"From Throw In","Normal","Right Foot","Blocked",96.4,37.1,115.4,39.6,23.7775103827125,4.61735855224607,82.9945364864878,85.0302592718897,2.03572278540194,29.2210308996045,19.1637678967368,0.36935842757656,2,6,1,1,43.5780000000004,1.05400000000009,"0",0.0258948889966066
"497","France","Kylian Mbappé Lottin","Left Wing","Aymen Dahmen",2,92,37,1.523937,FALSE,"From Free Kick","Normal","Right Foot","Saved",87.6,15,119.6,40.5,40.9238316876609,0.640312423743288,52.34604483482,141.34019174591,88.9941469110895,26.3481742026405,40.9176001251295,0.0910917587134268,5,10,2,1,5.57300000000032,2.32899999999972,"0",0.0180916209853755
"498","Canada","Mark Anthony Kaye","Left Defensive Midfield","Yassine Bounou",1,2,5,0.397304,TRUE,"Regular Play","Normal","Left Foot","Blocked",96.5,40.7,118.5,39.1,23.5104232203506,1.74928556845359,91.7061782944469,59.0362434679265,32.6699348265203,19.406758075631,22.0581050863396,0.191803092410216,5,9,2,1,11.022,9.41399999999999,"0",0.0297753312106961
"499","Morocco","Sofiane Boufal","Left Wing","Milan Borjan",1,9,9,5.040604,FALSE,"From Corner","Half Volley","Left Foot","Wayward",107,48.3,118.9,42,15.4236830880306,2.28254244210266,122.556665792107,151.189206257027,28.6325404649203,9.65428666204001,13.4647688431699,0.537879399961621,5,7,4,1,4.14199999999994,5.04000000000008,"0",0.0464304336168475
"500","Canada","Tajon Buchanan","Left Midfield","Yassine Bounou",1,14,7,0.593391,FALSE,"From Counter","Half Volley","Right Foot","Off T",113.3,34.9,116.4,37.6,8.42021377400836,4.32666153055678,52.721825800131,56.3099324740202,3.58810667388921,17.0741275640864,4.1109609582189,0,0,0,0,1,12.491,0.592999999999961,"0",0.293695616464489
"501","Morocco","Hakim Ziyech","Right Wing","Milan Borjan",1,15,6,2.211207,FALSE,"From Goal Kick","Normal","Left Foot","Off T",97.5,54,118.5,42.6,26.5,3.00166620396073,121.890791801846,150.018360631151,28.1275688293049,15.6183225787081,23.8947693020879,0.293610109757352,4,7,1,1,31.406,2.21100000000001,"0",0.0390382751073563
"502","Morocco","Youssef En-Nesyri","Center Forward","Milan Borjan",1,22,36,0.567949,FALSE,"From Throw In","Half Volley","Right Foot","Goal",107.6,53.2,117,43.7,18.1107702762748,4.76340214552582,136.789910608246,140.964487101253,4.17457649300707,28.7229748648633,13.3645052284026,0,0,0,0,1,23.3900000000001,85.011,"1",0.116958364919039
"503","Morocco","Abdelhamid Sabiri","Left Center Midfield","Milan Borjan",1,32,45,0.149387,FALSE,"Regular Play","Normal","Right Foot","Blocked",107.9,34.2,118.1,37.9,13.4182711255959,2.83196045170126,64.3897900767942,42.1375947738883,22.2521953029059,7.6323604135509,10.8503456166152,0.428587998602802,2,5,2,1,29.2739999999999,1.67399999999998,"0",0.106640939885215
"504","Morocco","Youssef En-Nesyri","Center Forward","Milan Borjan",1,47,18,0.384591,FALSE,"From Free Kick","Volley","Right Foot","Wayward",106.8,46.7,119,42.1,14.8030402282774,2.3259406699226,116.911245027539,154.536654938128,37.6254099105894,26.6817965732226,13.0384048104053,0.308019644114924,2,7,2,1,2.846,0.450000000000273,"0",0.102282190690144
"505","Canada","Alphonso Davies","Center Attacking Midfield","Yassine Bounou",2,57,6,1.319403,FALSE,"Regular Play","Volley","Left Foot","Off T",105.1,41.2,117.9,41.5,14.9482440440341,2.58069758011278,94.6044871569815,125.537677791974,30.933190634993,12.1461028304308,12.8035151423349,0.392232270276368,2,3,1,1,10.9139999999998,1.31899999999996,"0",0.0794343300411501
"506","Canada","Atiba Hutchinson","Left Defensive Midfield","Yassine Bounou",2,70,55,0.499742,TRUE,"From Corner","Normal","Head","Post",112.2,37.7,116.7,38.8,8.13203541556479,3.51140997321589,73.5706985484666,70.0168934781,3.55380507036664,15.9744571489025,4.63249392876019,1.05552075462653,4,6,2,1,1.82099999999991,2.48399999999947,"0",0.0631150375026615
"507","Canada","Alistair Johnston","Right Back","Yassine Bounou",2,70,57,0.496004,TRUE,"From Corner","Normal","Head","Off T",118.8,41.6,120,39.3,2,0.700000000000003,143.130102354156,0,143.130102354156,4.70234263824107,2.59422435421457,0.587220219514705,1,1,1,1,3.80899999999929,0.496000000000095,"0",0.187204397344602
"508","Morocco","Noussair Mazraoui","Left Back","Dominik Livaković",1,6,59,0.086615,TRUE,"Regular Play","Half Volley","Right Foot","Blocked",96.9,32,118.7,39.2,24.4460630777228,1.52643375224737,70.8979894477613,58.3924977537511,12.5054916940102,19.7286930562085,22.9582229277442,0.6102509972,5,8,2,1,38.688,0.286999999999978,"0",0.0257591432658007
"509","Morocco","Hakim Ziyech","Right Midfield","Dominik Livaković",1,12,48,0.131717,FALSE,"Regular Play","Normal","Left Foot","Blocked",101.9,43.3,118.7,40.8,18.3983694929741,1.52643375224737,100.332700515922,121.607502246249,21.2748017303271,9.89880183302479,16.9849933765074,0.623782861551808,4,4,1,1,37.957,7.19600000000003,"0",0.041730385286382
"510","Croatia","Ivan Perišić","Left Wing","Yassine Bounou",1,16,13,1.387816,FALSE,"From Throw In","Normal","Left Foot","Off T",82.9,33.6,114.6,40.5,37.6479747131237,5.42309874518251,80.2124214022249,95.2900812053713,15.0776598031464,27.5951547404891,32.4422563950167,0.114034648990345,1,4,1,1,23.155,1.38800000000003,"0",0.00627208623640844
"511","Morocco","Sofiane Boufal","Left Midfield","Dominik Livaković",1,18,7,0.13327,FALSE,"From Throw In","Normal","Left Foot","Blocked",96.7,46.7,117.9,40.6,24.2441745580253,2.18403296678415,106.042782401212,105.945395900923,0.0973865002888061,13.5272427232835,22.0601450584533,0.683772590560395,3,6,2,1,7.43099999999981,17.212,"0",0.0162486021566817
"512","Morocco","Youssef En-Nesyri","Center Forward","Dominik Livaković",1,24,25,0.050238,TRUE,"From Throw In","Half Volley","Left Foot","Blocked",117.8,31.5,118.7,36.4,8.78009111570034,3.82753184180093,14.5110595001691,19.855214369321,5.34415486915193,25.1783722295345,4.98196748283246,0.790569415042092,0,1,1,1,35.7149999999999,3.52100000000019,"0",0.198299403213398
"513","Croatia","Nikola Vlašić","Right Wing","Yassine Bounou",1,45,11,0.199653,FALSE,"From Free Kick","Normal","Right Foot","Saved",114.7,35.7,118.2,37.1,6.82495421230062,3.4132096331752,50.9468630539735,31.8274465766731,19.1194164773004,17.4227556119127,3.76961536499415,0,0,0,0,1,37.373,31.4939999999997,"0",0.278104508482342
"514","Croatia","Nikola Vlašić","Right Wing","Yassine Bounou",1,46,48,0.070331,FALSE,"From Throw In","Half Volley","Right Foot","Blocked",105.2,33.9,115.7,37.9,16.0078105935821,4.78539444560216,67.6003964542219,63.9704078084865,3.62998864573535,11.7248599497168,11.2361025271221,1.05875610984275,2,6,2,1,3.64699999999993,2.33199999999988,"0",0.0446407886690647
"515","Croatia","Luka Modrić","Right Center Midfield","Yassine Bounou",1,46,49,0.960449,FALSE,"From Throw In","Normal","Left Foot","Off T",98.8,39.3,115.5,39.7,21.2115534556053,4.50998891351187,88.1088452983146,86.1859251657097,1.9229201326049,22.1210872482984,16.7047897322894,0.087383747714844,4,7,1,1,5.01800000000003,0.960999999999785,"0",0.0415148131100832
"516","Morocco","Sofiane Boufal","Left Midfield","Dominik Livaković",2,50,26,0.215108,FALSE,"Regular Play","Normal","Left Foot","Blocked",94,38.6,118.3,39.2,26.0376650258813,1.87882942280559,86.9178191754718,64.798876354525,22.1189428209468,33.0884200481139,24.3074062787456,0.131397082806909,3,6,1,1,6.721,2.88299999999981,"0",0.0244054204230257
"517","Morocco","Noussair Mazraoui","Left Back","Dominik Livaković",2,50,29,0.234245,TRUE,"From Counter","Diving Header","Head","Saved",115.3,29.2,117.7,34.8,11.7783700060747,5.6859475903318,23.5179616736923,23.8601751913423,0.342213517650041,25.7737989679585,6.09261848469113,0,0,0,0,1,9.36900000000014,0.234999999999673,"0",0.366657963135176
"518","Croatia","Dejan Lovren","Right Center Back","Yassine Bounou",2,51,55,0.479629,FALSE,"From Corner","Normal","Left Foot","Blocked",112.7,38.8,119,40.5,7.39797269527267,1.11803398874989,80.6650015368618,116.565051177078,35.9000496402162,11.7831666983813,6.52533524043018,0.73902952412313,4,5,3,1,3.5300000000002,0.576999999999771,"0",0.0811650066083755
"519","Morocco","Achraf Hakimi Mouh","Right Back","Dominik Livaković",2,64,6,0.963989,FALSE,"From Free Kick","Normal","Right Foot","Saved",88.5,31.5,118.7,40.5,32.6266762021509,1.39283882771841,74.8989018386145,111.037511025422,36.1386091868073,33.1676710897327,31.512537187602,0.242535625036333,7,10,1,1,1.38899999999967,39.8290000000002,"0",0.0129577992668763
"520","United States","Yunus Dimoara Musah","Right Center Midfield","Alireza Safar Beiranvand",1,8,38,1.289972,FALSE,"From Free Kick","Volley","Left Foot","Off T",100.5,38.2,118.7,39,19.5829007044411,1.64012194668567,84.7261040426482,52.4314079711724,32.2946960714758,15.3446672230701,18.2175739328814,0.499386290757133,5,9,4,1,24.8390000000001,1.28999999999996,"0",0.0394348250237336
"521","United States","Christian Pulisic","Left Wing","Alireza Safar Beiranvand",1,10,32,0.800206,TRUE,"From Free Kick","Normal","Head","Saved",110.1,35.6,118.6,39.2,10.8337435819757,1.61245154965971,66.0375110254218,60.255118703058,5.78239232236385,11.5796021610539,9.23092628071528,0,0,1,0,1,37.058,0.799999999999955,"0",0.176393949670604
"522","United States","Joshua Sargent","Center Forward","Alireza Safar Beiranvand",1,27,8,0.172583,FALSE,"From Corner","Normal","Right Foot","Blocked",99,32.1,117.2,38.7,22.4368001283605,3.08706980808662,69.3841782976571,65.0952311919048,4.2889471057523,21.8423330513095,19.3597520645281,0.265279054538646,2,4,1,1,32.451,2.17000000000007,"0",0.025214713741173
"523","United States","Timothy Weah","Right Wing","Alireza Safar Beiranvand",1,27,10,0.674723,FALSE,"From Corner","Normal","Head","Saved",109.7,35.9,118.4,39,11.0860272415325,1.88679622641132,68.2945632538944,57.9946167919164,10.299946461978,14.0915478784683,9.23579991121506,0,0,1,0,1,34.6210000000001,0,"0",0.0987123159220025
"524","United States","Sergino Dest","Right Back","Alireza Safar Beiranvand",1,29,16,0.187596,FALSE,"Regular Play","Normal","Left Foot","Blocked",101.3,48.2,118.2,42.4,20.4188638273534,3,113.677579440693,143.130102354156,29.4525229134632,25.2121230524862,17.8675683852056,0.208107644464858,3,5,1,1,58.5699999999999,11.289,"0",0.0547400133385897
"525","United States","Timothy Weah","Right Wing","Alireza Safar Beiranvand",1,32,45,0.709419,FALSE,"From Throw In","Normal","Right Foot","Off T",108.7,54.1,118.9,43.4,18.0693109995927,3.57351367704112,141.290670773355,162.072080237993,20.7814094646378,22.9285024550973,14.7827602294024,0.0809060429483484,4,6,1,1,13.952,0.70900000000006,"0",0.120903606114937
"526","United States","Sergino Dest","Right Back","Alireza Safar Beiranvand",1,36,0,0.079587,FALSE,"From Corner","Normal","Right Foot","Blocked",102,50.5,118.1,40.8,20.8386659841747,2.06155281280883,120.256437163529,112.833654177917,7.42278298561186,6.76638748430587,18.7962762269552,1.86162549822303,7,9,4,1,2.13599999999997,7.77599999999984,"0",0.00764238292669732
"527","United States","Christian Pulisic","Left Wing","Alireza Safar Beiranvand",1,37,49,0.427635,FALSE,"Regular Play","Half Volley","Right Foot","Goal",115.1,38.7,118.6,41.6,5.06951674225463,2.12602916254693,75.1413855520754,138.81407483429,63.6726892822149,12.6578681377571,4.5453272709454,0,0,0,0,1,31.2579999999998,176.244,"1",0.301386429524512
"528","United States","Joshua Sargent","Center Forward","Alireza Safar Beiranvand",1,41,31,4.534431,FALSE,"Regular Play","Half Volley","Right Foot","Wayward",114.2,56.9,118.5,44.5,17.8675683852056,4.74341649025257,161.058022116163,161.565051177078,0.50702906091476,12.5639066140472,13.1244047484067,0,0,0,0,1,11.9720000000002,15.6999999999998,"0",0.27219503226154
"529","United States","Joshua Sargent","Center Forward","Alireza Safar Beiranvand",2,46,45,0.489752,FALSE,"Regular Play","Normal","Left Foot","Saved",110,25.2,118.2,36.1,17.8616908494129,4.2953463189829,34.0459373566017,24.7751405688319,9.27079678776977,27.9740868003449,13.6400146627487,0,0,1,0,1,31.3910000000001,0,"0",0.212377063677364
"530","Iran","Saman Ghoddos","Left Wing","Matthew Charles Turner",2,51,11,0.567706,TRUE,"From Throw In","Diving Header","Head","Off T",114.1,38.7,118.8,40.6,6.04152298679729,1.34164078649988,77.5740571345726,116.565051177078,38.9909940425054,10.5409238587418,5.06951674225463,1.49071198499985,0,1,1,1,39.5769999999998,0.568000000000211,"0",0.081890025055955
"531","Iran","Saeid Ezatolahi Afagh","Center Defensive Midfield","Matthew Charles Turner",2,69,53,1.177634,FALSE,"From Throw In","Normal","Right Foot","Off T",90.8,21.8,117,38.5,34.4075573094052,3.35410196624968,58.0652215368473,63.434948822922,5.3697272860747,31.7749371916189,31.0697602179354,0.0718365594858895,5,8,1,1,22.085,69.9500000000007,"0",0.0204018488107426
"532","Iran","Morteza Pouraliganji","Left Center Back","Matthew Charles Turner",2,92,28,0.618319,TRUE,"From Free Kick","Diving Header","Head","Off T",111,35.6,117.5,38.1,10.0179838290946,3.14006369362152,63.9465046895091,52.7651660184254,11.1813386710837,14.5879033751571,6.96419413859206,0,2,2,0,1,1.07200000000012,0.618000000000393,"0",0.201242819701535
"533","Iran","Mehdi Taremi","Left Center Forward","Matthew Charles Turner",2,97,53,0.183111,FALSE,"From Free Kick","Volley","Left Foot","Saved",111.1,39.5,112,39.7,8.91403387922663,8.00562302385017,86.7845160082517,87.8524145717016,1.06789856344989,4.50339479945795,0.921954445729295,0,0,0,0,1,32.1880000000001,11.4220000000005,"0",0.232861077658144
"534","United States","Haji Wright","Center Forward","Alireza Safar Beiranvand",2,99,26,0.860772,FALSE,"Regular Play","Normal","Left Foot","Saved",105.1,23.9,114.6,34.3,21.9367271943652,7.85175139698145,42.7832056592598,43.451842301022,0.668636641762227,16.4427337440847,14.0858084610007,0,0,1,0,1,9.82600000000002,0,"0",0.146799802158057
"535","France","Ousmane Dembélé","Right Wing","Mathew Ryan",1,1,32,0.500583,FALSE,"From Corner","Volley","Left Foot","Blocked",95,47.8,118.5,40.4,26.1885471151036,1.552417469626,107.327921777241,104.931417178138,2.39650459910372,28.0108768975219,24.6375729324136,0.416199991111524,7,10,3,1,3.83500000000001,5.50099999999999,"0",0.0102611869259519
"536","Australia","Riley McGree","Left Center Midfield","Hugo Lloris",1,2,25,1.80039,FALSE,"From Throw In","Normal","Right Foot","Off T",89.5,39.1,118.4,41.2,30.513275799232,2,88.3097953256787,126.869897645844,38.5601023201655,18.8057271784629,28.9761971279877,0,2,4,0,1,31.117,1.79999999999998,"0",0.012942659321192
"537","Australia","Craig Goodwin","Left Midfield","Hugo Lloris",1,8,24,0.58669,FALSE,"From Throw In","Half Volley","Left Foot","Goal",114.2,31.3,118.6,38.5,10.4560986988456,2.05182845286832,33.6900675259798,43.0250659891181,9.33499846313837,19.7042336042795,8.43800924389159,0,0,1,0,1,17.058,165.314,"1",0.232323568943618
"538","France","Theo Bernard François Hernández","Left Back","Mathew Ryan",1,12,26,0.955886,FALSE,"From Corner","Volley","Left Foot","Wayward",92.7,34,119,38.5,27.9515652513415,1.80277563773199,77.6045931662415,33.6900675259798,43.9145256402618,14.7844331453161,26.6822038070321,0.33174081268678,8,10,3,1,3.28399999999999,8.77699999999993,"0",0.00959998589556643
"539","France","Antoine Griezmann","Center Attacking Midfield","Mathew Ryan",1,25,33,0.091224,FALSE,"From Throw In","Half Volley","Right Foot","Blocked",112.1,52.7,117.4,43.4,14.9566038925954,4.28018691180653,148.116436125391,142.594643368591,5.52179275679998,10.9620275366133,10.7042047812997,0.827605888602367,0,1,1,1,55.4780000000001,0.272999999999911,"0",0.109185984108642
"540","France","Adrien Rabiot","Left Defensive Midfield","Mathew Ryan",1,26,2,1.007723,FALSE,"From Corner","Normal","Head","Goal",111.6,42,117.7,41,8.63481325796917,2.50798724079689,103.392497753751,113.498565675952,10.106067922201,8.59216452715389,6.18142378421024,0,2,1,0,1,8.56899999999996,1.00700000000006,"1",0.127509776143171
"541","France","Olivier Giroud","Center Forward","Mathew Ryan",1,28,59,0.706883,TRUE,"From Corner","Normal","Head","Off T",112.3,39.8,117.7,40.1,7.70259696466069,2.30217288664426,88.5121324711723,92.4895529219991,3.97742045082678,12.2104199009115,5.40832691319599,0,0,0,0,1,14.684,0.707000000000107,"0",0.135597511694665
"542","France","Olivier Giroud","Center Forward","Mathew Ryan",1,31,18,0.815348,FALSE,"Regular Play","Normal","Right Foot","Goal",110.5,39.2,116.7,35.5,9.53362470417207,5.58032257132148,85.1864491062934,36.2538377374448,48.9326113688486,11.6540483694563,7.22011080247388,0,1,2,0,1,4.42699999999991,0.815000000000055,"1",0.199875980900794
"543","France","Kylian Mbappé Lottin","Left Wing","Mathew Ryan",1,36,3,0.081254,FALSE,"From Goal Kick","Half Volley","Right Foot","Blocked",105,47.2,116.9,41.4,16.6385095486345,3.40147027033898,115.641005824305,114.304549265937,1.33645655836858,22.2890814929416,13.2382022948737,0,1,4,0,1,124.411,1.18099999999959,"0",0.137397741308326
"544","France","Olivier Giroud","Center Forward","Mathew Ryan",1,36,5,0.113734,FALSE,"From Goal Kick","Half Volley","Right Foot","Off T",104.5,38.9,116.9,40.8,15.5389832357204,3.20156211871642,85.9406536352007,104.470294100066,18.5296404648651,138.335097285278,12.5447200048467,0.188144173676719,1,3,1,1,125.478,0.113999999999578,"0",0.148578494398301
"545","France","Ousmane Dembélé","Right Wing","Mathew Ryan",1,39,28,0.039804,FALSE,"From Throw In","Half Volley","Right Foot","Off T",106.5,38.2,118,37.8,13.6194713553794,2.9732137494637,82.4053566314086,42.2736890060937,40.1316676253149,437.495597609989,11.506954418959,0.352819664313905,2,5,2,1,21.1840000000002,0.0389999999997599,"0",0.163150569356452
"546","France","Antoine Griezmann","Center Attacking Midfield","Mathew Ryan",1,41,54,0.124858,FALSE,"Regular Play","Normal","Left Foot","Off T",99.5,47.5,117.2,42.2,21.8288799529431,3.56089876295297,110.095231191905,128.157226587369,18.0619953954643,165.129273520037,18.4764715246175,0.244170463629406,4,9,2,1,100.393,0.125,"0",0.055629242752453
"547","France","Kylian Mbappé Lottin","Left Wing","Mathew Ryan",1,44,38,0.18499,FALSE,"Regular Play","Volley","Right Foot","Off T",112.9,40.2,116.8,42.9,7.1028163428319,4.31856457633784,91.6135389328813,132.184443315789,40.5709043829074,39.5946593377587,4.74341649025256,0,0,1,0,1,58.3269999999998,0.184999999999945,"0",0.273296327271516
"548","Australia","Jackson Irvine","Right Center Midfield","Hugo Lloris",1,46,1,1.179568,FALSE,"From Throw In","Normal","Head","Post",110.1,43.4,119.2,40.7,10.4675689632312,1.06301458127346,108.954231699511,131.18592516571,22.2316934661987,10.4278909713963,9.49210198006744,0,2,6,0,1,18.7909999999997,1.18000000000029,"0",0.151451651668414
"549","France","Aurélien Djani Tchouaméni","Right Defensive Midfield","Mathew Ryan",2,49,11,0.482603,FALSE,"From Free Kick","Normal","Right Foot","Blocked",96.3,40.8,117.6,40.1,23.7134982657557,2.40208242989287,91.9333006949184,92.3859440303889,0.452643335470427,27.9855795050627,21.3114992433662,0.389058832135507,4,8,4,1,35.181,16.7909999999997,"0",0.0265155849575521
"550","France","Olivier Giroud","Center Forward","Mathew Ryan",2,49,28,0.267184,FALSE,"From Free Kick","Overhead Kick","Left Foot","Off T",111.6,44.2,118.7,39.8,9.39148550549912,1.31529464379659,116.565051177078,81.2538377374446,35.3112134396334,53.6035504819695,8.35284382710465,0.404888165089456,1,4,1,1,51.7049999999999,0.266999999999825,"0",0.166484083407906
"551","France","Kylian Mbappé Lottin","Left Wing","Mathew Ryan",2,60,12,0.068383,FALSE,"From Throw In","Normal","Right Foot","Blocked",107.5,31.1,116.3,37.1,15.3447059274526,4.70106370941726,54.5491339287359,51.9112271190247,2.63790680971123,13.4822170090416,10.6508215645555,0,0,2,0,1,45.2739999999999,0.114000000000033,"0",0.1311067720745
"552","France","Kylian Mbappé Lottin","Left Wing","Mathew Ryan",2,62,0,0.128023,FALSE,"From Corner","Normal","Left Foot","Blocked",109.2,30.1,117.8,36.7,14.6509385364897,3.96610640301039,47.4895529219992,33.6900675259798,13.7994853960193,8.90602020808082,10.8406641862941,1.18588379076822,2,6,3,1,52.145,2.80200000000013,"0",0.0419346297511623
"553","France","Ibrahima Konaté","Right Center Back","Mathew Ryan",2,62,31,0.404166,TRUE,"From Corner","Normal","Head","Off T",113,40,119.5,39,7,1.11803398874989,90,26.565051177078,63.434948822922,30.8128678821016,6.57647321898295,2.00000000000001,2,5,1,1,1.63400000000001,0.405000000000655,"0",0.0306941435772066
"554","France","Kylian Mbappé Lottin","Left Wing","Mathew Ryan",2,63,51,0.089177,FALSE,"From Free Kick","Normal","Right Foot","Blocked",108,25.2,117.5,36.2,19.0536085821033,4.54862616621766,39.0355128987469,33.340707346477,5.69480555226986,19.2926993889515,14.5344418537486,0.537603330570471,0,2,1,1,7.57999999999993,81.7880000000005,"0",0.120234969585191
"555","France","Antoine Griezmann","Center Attacking Midfield","Mathew Ryan",2,66,30,0.657302,FALSE,"Regular Play","Normal","Left Foot","Blocked",105.3,36.2,117.3,36.7,15.1832144159266,4.26380112106557,75.5061322417239,39.2894068625004,36.2167253792235,24.2375886658205,12.0104121494643,0.148445745201404,4,7,1,1,56.4569999999994,33.4430000000002,"0",0.102914593506394
"556","France","Kylian Mbappé Lottin","Left Wing","Mathew Ryan",2,66,54,0.582095,FALSE,"Regular Play","Normal","Left Foot","Wayward",115.7,24.7,118.7,36,15.8927656498169,4.20594816896262,15.6977925178613,18.0041616059133,2.30636908805203,42.9142874496155,11.6914498673176,0,0,0,0,1,79.8149999999996,10.085,"0",0.35275487259291
"557","France","Kylian Mbappé Lottin","Left Wing","Mathew Ryan",2,67,3,0.832167,TRUE,"Regular Play","Normal","Head","Goal",113.5,42.2,118.8,41.1,6.8622153857191,1.62788205960997,108.698982804181,132.510447078001,23.8114642738197,9.4322459089055,5.41294744108974,2.11896163198683,0,2,2,1,89.0679999999993,0.832000000000335,"1",0.0594755445130352
"558","France","Olivier Giroud","Center Forward","Mathew Ryan",2,70,50,0.716389,FALSE,"From Free Kick","Normal","Head","Goal",113.5,42.6,119.1,38.4,7.00071424927486,1.83575597506859,111.801409486352,29.3577535427914,82.4436559435604,9.07328281143345,7,1.03427397771357,0,5,2,1,23.808,109.57,"1",0.122793982460134
"559","France","Ibrahima Konaté","Right Center Back","Mathew Ryan",2,89,2,0.580135,FALSE,"From Corner","Normal","Head","Saved",112.1,41.4,119.6,40.2,8.02309167341369,0.447213595499964,100.049348588125,116.565051177078,16.5157025889531,12.9280253734045,7.5953933407033,1.20319069842716,4,8,2,1,1.86300000000028,27.9049999999997,"0",0.0523755366064736
"560","France","Theo Bernard François Hernández","Left Back","Mathew Ryan",2,90,25,0.331276,TRUE,"From Throw In","Normal","Head","Saved",112.8,32.1,118.5,37.6,10.688779163216,2.83019433961698,42.3458044865934,32.0053832080835,10.3404212785099,23.9101490579612,7.92085853932514,0.999999999999997,0,2,1,1,25.2979999999998,0,"0",0.104159539726158
"561","Brazil","Frederico Rodrigues Santos","Right Defensive Midfield","Devis Rogers Epassy Mboka",1,1,35,0.672434,FALSE,"From Throw In","Normal","Left Foot","Wayward",108.7,38.6,117.8,41.3,11.3863953909918,2.55538646783613,82.9373973295842,120.579226872489,37.6418295429047,11.0409117880836,9.49210198006742,0.262612865719445,4,5,1,1,27.747,28.312,"0",0.113898357154877
"562","Brazil","Antony Matheus dos Santos","Right Wing","Devis Rogers Epassy Mboka",1,1,45,0.501093,FALSE,"From Throw In","Normal","Left Foot","Wayward",103.3,25.5,118.1,37.9,22.1165096703797,2.83196045170126,49.0334110727702,42.1375947738883,6.89581629888188,29.5098047456641,19.3080294178355,0.147876580474058,4,8,1,1,37.658,18.401,"0",0.0774116071543643
"563","Brazil","Gabriel Teodoro Martinelli Silva","Left Wing","Devis Rogers Epassy Mboka",1,13,34,0.483456,FALSE,"From Throw In","Normal","Head","Saved",111.8,34.5,118.6,38,9.87370244639771,2.44131112314674,56.1489896964418,34.9920201985588,21.156969497883,14.626083473709,7.64787552199955,0,0,0,0,1,9.03800000000001,0.482999999999947,"0",0.18138536661889
"564","Brazil","Gabriel Fernando de Jesus","Center Forward","Devis Rogers Epassy Mboka",1,14,11,1.298687,FALSE,"From Corner","Normal","Head","Off T",113.4,48.9,119,42.5,11.0801624536827,2.69258240356725,143.440365275507,158.198590513648,14.7582252381415,5.64789539616312,8.50411665018771,0.925996703900795,3,6,2,1,1.89800000000002,1.29899999999998,"0",0.081480132563128
"565","Brazil","Frederico Rodrigues Santos","Right Defensive Midfield","Devis Rogers Epassy Mboka",1,21,9,0.225494,FALSE,"From Free Kick","Half Volley","Right Foot","Blocked",107.6,39.2,119.4,40.1,12.4257796536073,0.608276253029817,86.3086140135488,99.4623222080259,13.153708194477,4.5225323189023,11.8342722632192,1.22610625440325,1,3,2,1,36.8419999999999,0.283000000000129,"0",0.0525528759015106
"566","Brazil","Antony Matheus dos Santos","Right Wing","Devis Rogers Epassy Mboka",1,37,6,0.616786,FALSE,"Regular Play","Normal","Left Foot","Saved",105.6,52.3,117,43.3,18.938056922504,4.45982062419555,130.502848385332,137.726310993906,7.22346260857401,23.4423402756875,14.5244621242922,0.780868809443026,0,3,1,1,11.9139999999998,0.617000000000189,"0",0.0600188963283991
"567","Brazil","Gabriel Teodoro Martinelli Silva","Left Wing","Devis Rogers Epassy Mboka",1,45,55,0.813163,FALSE,"From Free Kick","Normal","Right Foot","Saved",101.3,45.2,118.6,41.6,19.4095337398919,2.12602916254693,105.539912369634,138.81407483429,33.2741624646566,21.1036544222791,17.6705970470723,0.499376169438922,3,5,1,1,24.8920000000003,0.813999999999851,"0",0.0438070479346529
"568","Brazil","Rodrygo Silva de Goes","Center Attacking Midfield","Devis Rogers Epassy Mboka",1,46,37,0.851971,TRUE,"From Corner","Normal","Right Foot","Off T",107.8,50,118.8,41.7,15.7746632293688,2.08086520466849,129.340518159838,144.782407031807,15.4418888719698,15.5205821240642,13.7800580550301,0.373494081917636,6,8,3,1,1.5010000000002,0.851999999999862,"0",0.0571182845280298
"569","Cameroon","Bryan Mbeumo","Right Midfield","Ederson Santana de Moraes",1,47,27,0.572451,FALSE,"From Goal Kick","Normal","Head","Saved",113.5,47.4,119.3,39.9,9.84936546179499,0.70710678118655,138.704627442077,81.869897645844,56.8347297962331,17.109562472904,9.48103369891701,0,1,3,0,1,21.4400000000001,12.0720000000001,"0",0.314934258169731
"570","Cameroon","Vincent Paté Aboubakar","Right Center Forward","Ederson Santana de Moraes",2,50,11,1.782846,FALSE,"From Throw In","Normal","Right Foot","Off T",109.5,54,118.2,44,17.5,4.38634243989226,143.130102354156,155.772254682046,12.6421523278899,14.0795074700287,13.2548104475319,0,1,2,0,1,21.5410000000002,101.118,"0",0.142120384885088
"571","Brazil","Gabriel Fernando de Jesus","Center Forward","Devis Rogers Epassy Mboka",2,52,25,0.193247,FALSE,"From Goal Kick","Normal","Right Foot","Saved",111.9,36.3,113.8,37.2,8.90505474435727,6.80294054067798,65.4495476107925,65.6954507340633,0.245903123270764,8.90293279279119,2.10237960416286,0,0,2,0,1,8.86499999999978,1,"0",0.310490249835422
"572","Cameroon","Pierre Kunde Malong","Right Defensive Midfield","Ederson Santana de Moraes",2,53,39,1.235003,FALSE,"Regular Play","Normal","Right Foot","Off T",91.8,17.8,117.1,37.7,35.8898314289716,3.70135110466435,51.7889745744388,51.5819446551781,0.207029919260698,34.5971837508737,32.1885072657929,0.127817055997835,5,9,1,1,37.8519999999999,30.3000000000002,"0",0.029093634844705
"573","Brazil","Gabriel Teodoro Martinelli Silva","Left Wing","Devis Rogers Epassy Mboka",2,55,29,0.660835,FALSE,"From Goal Kick","Normal","Right Foot","Saved",108.9,25.7,118.6,37.7,18.1024860171193,2.69258240356725,37.8194645022798,31.3286928678043,6.49077163447552,23.5195204821508,15.4301652615907,0.441941738241593,0,3,1,1,63.8299999999999,0.661000000000058,"0",0.178301224955642
"574","Brazil","Éder Gabriel Militão","Right Center Back","Devis Rogers Epassy Mboka",2,56,15,0.605175,FALSE,"From Corner","Half Volley","Left Foot","Saved",105.3,39.2,116,39.7,14.7217526130553,4.01123422402632,86.8849352400945,85.710846671181,1.17408856891355,16.3797549820085,10.7116758726168,0.828924342239375,4,8,2,1,8.24200000000019,0.605999999999767,"0",0.0333238789228496
"575","Brazil","Antony Matheus dos Santos","Right Wing","Devis Rogers Epassy Mboka",2,57,15,0.91285,FALSE,"From Free Kick","Normal","Left Foot","Saved",101,51.2,117,41,22.0553848300137,3.16227766016838,120.518230678875,108.434948822922,12.0832818559532,21.9843162554768,18.9747200242849,0.391330240097415,3,4,1,1,7.7489999999998,0.913000000000011,"0",0.042190557686925
"576","Brazil","Bruno Guimarães Rodriguez Moura","Right Defensive Midfield","Devis Rogers Epassy Mboka",2,72,12,1.015061,TRUE,"Regular Play","Normal","Right Foot","Off T",99.9,37.6,117.4,39.2,20.2427764894048,2.72029410174708,83.1909498203866,72.8972710309476,10.293678789439,20.9042561717207,17.572990639046,0,5,7,0,1,24.75,1.01500000000033,"0",0.0580716194841591
"577","Cameroon","Jules Olivier Ntcham","Right Defensive Midfield","Ederson Santana de Moraes",2,77,41,0.834775,FALSE,"Regular Play","Normal","Right Foot","Saved",92.8,35.5,117.8,40.1,27.5697297774207,2.20227155455453,80.6060090410489,92.6025622024998,11.9965531614509,29.8360934071044,25.419677417308,0.087726048739929,4,7,1,1,19.5109999999995,0,"0",0.0236136437790555
"578","Cameroon","Vincent Paté Aboubakar","Right Center Forward","Ederson Santana de Moraes",2,79,50,0.031489,FALSE,"From Corner","Normal","Right Foot","Blocked",104.1,25.5,117,36.6,21.5188289644209,4.53431361950185,47.6367584261405,41.4236656250027,6.21309280113779,29.2786193823015,17.0182255244194,0.698430295769573,3,5,1,1,8.1869999999999,0.329000000000633,"0",0.0388108687933571
"579","Cameroon","Christopher Wooh","Right Center Back","Ederson Santana de Moraes",2,80,16,0.516844,FALSE,"From Corner","Half Volley","Right Foot","Wayward",106.3,39.9,118.7,40.5,13.7003649586425,1.39283882771841,89.5817900585031,111.037511025422,21.4557209669188,6.88969739989817,12.4145076422708,1.55667479120104,5,9,3,1,1.72099999999955,3.00500000000011,"0",0.0193641687938301
"580","Brazil","Bruno Guimarães Rodriguez Moura","Right Defensive Midfield","Devis Rogers Epassy Mboka",2,83,30,0.384437,TRUE,"Regular Play","Normal","Right Foot","Blocked",114.9,44,118.4,42.7,6.48151216923952,3.13847096529504,128.107576877515,149.349332042947,21.2417551654324,1.74494232670094,3.73363094051889,0.894427190999916,1,3,1,1,43.3189999999995,0.701000000000022,"0",0.18257308187119
"581","Brazil","Pedro Guilherme Abreu dos Santos","Center Forward","Devis Rogers Epassy Mboka",2,88,4,1.098038,TRUE,"From Throw In","Normal","Left Foot","Off T",104.2,47.1,116.6,40.8,17.3219513912261,3.4928498393146,114.19758170952,103.240519915187,10.9570617943333,18.0139853491887,13.9086304142428,0,2,4,0,1,6.5689999999995,1.09799999999996,"0",0.0762561637435318
"582","Cameroon","Vincent Paté Aboubakar","Right Center Forward","Ederson Santana de Moraes",2,91,48,0.823635,FALSE,"Regular Play","Normal","Head","Goal",106.7,40.7,117.9,40.9,13.3184083133083,2.28473193175917,93.0127875041833,113.198590513648,20.1858030094649,16.5273382758,11.2017855719524,0,0,1,0,1,13.0330000000004,66.2380000000003,"1",0.126875262101833
"583","Brazil","Pedro Guilherme Abreu dos Santos","Center Forward","Devis Rogers Epassy Mboka",2,95,20,1.261854,FALSE,"From Throw In","Normal","Head","Off T",108.8,37.5,117.9,39.9,11.4756263445618,2.10237960416286,77.4170375059231,87.2736890060935,9.85665150017041,12.5523173826597,9.41116358374458,0,1,3,0,1,18.3940000000002,1.26199999999972,"0",0.134529872941268
"584","Brazil","Bruno Guimarães Rodriguez Moura","Right Defensive Midfield","Devis Rogers Epassy Mboka",2,96,16,0.996395,FALSE,"Regular Play","Normal","Head","Saved",112.9,39.8,119,39.6,7.1028163428319,1.0770329614269,88.3864610671187,68.1985905136483,20.1878705534704,7.1369875190305,6.10327780786685,0.703597544730297,3,4,1,1,17.5330000000004,0.996000000000095,"0",0.143238109099628
"585","Brazil","Gabriel Teodoro Martinelli Silva","Left Wing","Devis Rogers Epassy Mboka",2,97,10,1.757232,FALSE,"Regular Play","Normal","Head","Off T",115.1,36,118.9,37.3,6.32534584034739,2.91547594742265,50.7743259026633,22.1663458220823,28.607980080581,3.39400774655787,4.01621712560465,0.275973662330441,3,2,1,1,28.8310000000001,1.75699999999961,"0",0.233812018176057
"586","Brazil","Bruno Guimarães Rodriguez Moura","Right Defensive Midfield","Devis Rogers Epassy Mboka",2,98,29,0.918373,FALSE,"From Throw In","Half Volley","Right Foot","Off T",114.1,35.3,116.5,36.8,7.54320886625845,4.74236228055175,51.4588163787187,47.563770211465,3.8950461672537,7.25721801618804,2.83019433961699,0,1,2,0,1,29.2669999999998,0.918000000000575,"0",0.237297935739055
"587","Canada","Alphonso Davies","Left Midfield","Dominik Livaković",1,1,8,0.528806,TRUE,"Regular Play","Normal","Head","Goal",109.6,36.4,118.6,38.9,11.0054531937581,1.78044938147649,70.9065079995144,51.842773412631,19.0637345868834,21.0714527099679,9.3407708461347,0,0,0,0,1,45.392,0.528999999999996,"1",0.169389913017215
"588","Croatia","Marko Livaja","Center Forward","Milan Borjan",1,21,32,0.562821,FALSE,"Regular Play","Normal","Right Foot","Saved",109.5,36.8,115.8,38.4,10.9767937030811,4.49444101084885,73.0507757661785,69.1455419604216,3.90523380575689,10.5189821386307,6.5,0,0,0,0,1,110.061,0,"0",0.180467558093173
"589","Croatia","Marko Livaja","Center Forward","Milan Borjan",1,34,52,0.291905,FALSE,"From Throw In","Normal","Right Foot","Saved",109.9,50,117.6,43.6,14.2130221979704,4.32666153055679,134.714948722416,146.30993247402,11.594983751604,33.0333970077324,10.0124921972504,0,0,0,0,1,31.652,0.291999999999916,"0",0.161433093974269
"590","Croatia","Andrej Kramarić","Right Wing","Milan Borjan",1,35,53,0.661112,FALSE,"From Corner","Normal","Left Foot","Goal",114.1,29.4,117.8,35.9,12.1313643090957,4.65295604965274,29.1004774115435,28.2173558547293,0.883121556814146,22.9801188401591,7.47930478052606,0,0,0,0,1,23.0059999999999,0.661000000000058,"1",0.177518588504277
"591","Croatia","Marko Livaja","Center Forward","Milan Borjan",1,43,32,0.724415,FALSE,"From Free Kick","Normal","Right Foot","Goal",101,39.1,115.7,39.7,19.0213038459513,4.31045241245046,87.288016532555,86.0090869015702,1.27892963098478,26.4032969300862,14.7122398022871,0,1,2,0,1,30.2230000000004,0.724999999999909,"1",0.0698985473098068
"592","Croatia","Andrej Kramarić","Right Wing","Milan Borjan",1,46,25,0.878165,FALSE,"Regular Play","Normal","Left Foot","Off T",98.7,33.1,118,39,22.3897297884543,2.23606797749979,72.0505970070861,63.434948822922,8.6156481841641,24.6380942877719,20.1816748561659,0.31794847477098,3,6,2,1,7.5,0.878000000000156,"0",0.0412698304552543
"593","Canada","Jonathan Osorio","Right Center Midfield","Dominik Livaković",2,48,25,1.020975,FALSE,"Regular Play","Normal","Right Foot","Off T",98.3,50.1,118.6,41.7,23.9353295360645,2.20227155455453,114.959048187796,140.527540151656,25.5684919638604,25.837779636668,21.9692967570653,0.309913468854753,5,7,2,1,38.6299999999997,1.02100000000019,"0",0.0323700705473664
"594","Croatia","Andrej Kramarić","Right Wing","Milan Borjan",2,53,44,0.365865,FALSE,"Regular Play","Normal","Right Foot","Saved",108.2,42.1,118.7,41,11.9854077944807,1.64012194668567,100.091057238889,127.568592028828,27.4775347899387,29.5658673737001,10.5574618161753,0.272842723817341,2,6,2,1,33.531,0.365999999999985,"0",0.124734515095758
"595","Canada","Jonathan David","Right Center Forward","Dominik Livaković",2,55,17,0.870801,FALSE,"From Free Kick","Normal","Right Foot","Saved",96.4,39.9,118.7,40.9,23.6002118634558,1.58113883008419,89.7572227262336,124.695153531234,34.9379308050004,25.8507813556955,22.3224102641269,0.165204650113772,4,7,1,1,21.4169999999999,0.871000000000095,"0",0.032394361220248
"596","Canada","Tajon Buchanan","Right Wing Back","Dominik Livaković",2,57,26,0.101884,FALSE,"From Keeper","Normal","Right Foot","Blocked",99.8,52.9,118.6,42.2,23.9676865800602,2.60768096208106,122.562865459842,147.528807709151,24.9659422493097,25.9311468211356,21.6316897167096,0.450798610414076,4,6,2,1,15.607,52.0920000000001,"0",0.0351364630738839
"597","Croatia","Andrej Kramarić","Right Wing","Milan Borjan",2,69,36,0.744418,TRUE,"Regular Play","Normal","Left Foot","Goal",106.8,47.1,118.4,41.5,14.9883287927641,2.19317121994613,118.27486522122,133.152389734006,14.877524512786,22.6577424998384,12.8809937504837,0.295126583910074,2,4,2,1,21.2510000000002,0.743999999999687,"1",0.0999813217753763
"598","Croatia","Andrej Kramarić","Right Wing","Milan Borjan",2,71,5,1.334881,FALSE,"Regular Play","Half Volley","Left Foot","Wayward",115.1,46.8,118.4,43.3,8.3815273071201,3.66742416417844,144.223922282105,154.133643205906,9.90972092380025,18.2999550675432,4.81040538832228,0,0,1,0,1,12.0900000000001,88.9679999999998,"0",0.331700538396477
"599","Canada","David Junior Hoilett","Center Attacking Midfield","Dominik Livaković",2,76,16,1.185372,FALSE,"From Throw In","Normal","Right Foot","Off T",92.2,33,118.4,38.9,28.667751917442,1.94164878389476,75.8668094511371,55.4914770123315,20.3753324388056,23.5979150297248,26.8560980039916,0.672163621425682,5,8,3,1,22.9609999999993,1.1860000000006,"0",0.0112639933065059
"600","Croatia","Ivan Perišić","Left Wing","Milan Borjan",2,77,50,0.323777,FALSE,"Regular Play","Normal","Left Foot","Saved",115.3,26.9,118.4,36.4,13.9176147381654,3.93954312071844,19.7369014955009,23.9624889745781,4.22558747907721,30.0113825886217,9.9929975482835,0,0,0,0,1,16.3729999999996,3.10499999999956,"0",0.325167779320419
"601","Croatia","Marcelo Brozović","Center Defensive Midfield","Milan Borjan",2,77,53,0.353005,FALSE,"Regular Play","Normal","Left Foot","Saved",110.3,42.6,116.9,40.2,10.0424100693011,3.10644491340181,105.00492038286,93.6913859864513,11.313534396409,20.7783128521038,7.02281994643178,0.174130430750288,2,4,1,1,19.125,0.352999999999156,"0",0.170289265094861
"602","Croatia","Ivan Perišić","Left Wing","Milan Borjan",2,81,53,1.345464,FALSE,"From Throw In","Normal","Left Foot","Off T",96,26.3,117.2,37.9,27.6349416500198,3.5,60.2808349398916,53.1301023541559,7.15073258573562,24.8611729139087,24.1660919471891,0,5,7,0,1,7.56800000000021,1.34499999999935,"0",0.0368960622141947
"603","Croatia","Mislav Oršić","Left Wing","Milan Borjan",2,89,22,0.827074,FALSE,"From Throw In","Normal","Right Foot","Saved",98.2,35.1,118.7,39.8,22.3439029715043,1.31529464379659,77.3321251379374,81.2538377374446,3.92171259950726,24.695178303785,21.0318805626126,0.437910081439031,4,4,3,1,44.7150000000001,0,"0",0.0279864058306803
"604","Canada","David Junior Hoilett","Center Attacking Midfield","Dominik Livaković",2,92,4,0.529838,FALSE,"From Free Kick","Half Volley","Right Foot","Blocked",98.1,33.5,118.8,39.2,22.8442552953691,1.4422205101856,73.4689189965943,56.3099324740204,17.158986522574,29.6839460383551,21.4704448020995,0.260698689469391,6,9,3,1,32.4380000000001,11.4899999999998,"0",0.0388474406486962
"605","Canada","David Junior Hoilett","Center Attacking Midfield","Dominik Livaković",2,92,14,0.854852,FALSE,"From Free Kick","Volley","Right Foot","Off T",99.5,26.7,118.6,37.2,24.4364481870832,3.13049516849971,57.0252796096353,26.5650511770781,30.4602284325572,25.7848518712748,21.7958711686411,0.368030561192124,5,5,2,1,43.0729999999994,0.855000000000473,"0",0.0486282389367408
"606","Croatia","Lovro Majer","Right Center Midfield","Milan Borjan",2,93,26,0.432977,FALSE,"Regular Play","Normal","Left Foot","Goal",109.2,45.4,113.5,40,12.0747670784989,6.5,116.565051177078,90,26.565051177078,26.4425533575441,6.90289794216892,0,1,0,0,1,10.5370000000003,0.432999999999993,"1",0.184628951419477
"607","United States","Joshua Sargent","Center Forward","Wayne Hennessey",1,9,2,0.264282,FALSE,"From Throw In","Normal","Head","Post",116,35.3,119.4,36.7,6.17170964968379,3.35410196624968,40.3999043337367,10.3048464687659,30.0950578649708,15.4350868045278,3.67695526217005,0,1,2,0,1,36.086,0.26400000000001,"0",0.262879738450787
"608","Wales","Ethan Ampadu","Center Defensive Midfield","Matthew Charles Turner",1,13,45,1.389044,FALSE,"From Free Kick","Half Volley","Right Foot","Off T",87.6,43.1,119,40.6,32.547964606101,1.16619037896906,95.4653665966333,120.963756532074,25.4983899354402,23.7219789456564,31.4993650729662,0.446841308097047,7,10,3,1,7.274,1.38900000000001,"0",0.0077057117152712
"609","United States","Sergino Dest","Right Back","Wayne Hennessey",1,28,29,1.120279,FALSE,"From Throw In","Normal","Right Foot","Off T",90.9,56.6,116.6,42.2,33.5017909969004,4.04969134626332,119.702455699725,122.905242922988,3.20278722326259,29.6002323467358,29.4592939494483,0.0720413232279869,5,8,1,1,67.537,1.12099999999987,"0",0.0114662385284315
"610","United States","Timothy Weah","Right Wing","Wayne Hennessey",1,35,12,0.570745,TRUE,"From Counter","Normal","Right Foot","Goal",107.7,37.8,110.9,38.5,12.4951990780459,9.22279784013506,79.8592068538872,80.6398091980867,0.78060234419948,23.9781227580591,3.27566787083184,0,0,0,0,1,12.1360000000004,0.569999999999709,"1",0.203041833159438
"611","Wales","Ben Davies","Left Center Back","Matthew Charles Turner",1,44,29,1.09156,TRUE,"From Corner","Normal","Head","Off T",114.7,37.5,119,37.9,5.86003412959344,2.3259406699226,64.7468366054261,25.4633450618716,39.2834915435545,13.542783016419,4.31856457633783,0,5,5,0,1,2.12199999999984,1.0920000000001,"0",0.1637471452104
"612","Wales","Kieffer Roberto Francisco Moore","Left Center Forward","Matthew Charles Turner",2,60,3,0.334071,FALSE,"From Free Kick","Half Volley","Left Foot","Blocked",93.4,42.2,115.9,40.9,26.6908223927252,4.19761837236307,94.7279878188423,102.380756928807,7.65276910996489,26.6679365446775,22.5375242651006,0.109784102283243,4,6,1,1,20.2170000000001,36.547,"0",0.02389392447864
"613","Wales","Ben Davies","Left Center Back","Matthew Charles Turner",2,63,54,0.564695,FALSE,"From Free Kick","Diving Header","Head","Saved",109.2,38.3,118.4,39.9,10.9329776364904,1.60312195418813,81.054618166461,86.4236656250026,5.3690474585416,16.8455948651381,9.33809402394301,0,2,3,0,1,7.8090000000002,0.565000000000055,"0",0.16297367483833
"614","Wales","Kieffer Roberto Francisco Moore","Left Center Forward","Matthew Charles Turner",2,64,34,0.392221,FALSE,"From Corner","Normal","Head","Off T",116.3,43.4,117.6,41.9,5.02493781056045,3.0610455730028,132.580490783344,128.367485384861,4.21300539848218,16.2714539870214,1.98494332412792,0.519875244910035,1,2,1,1,1.4399999999996,37.6670000000004,"0",0.167212466717349
"615","United States","Haji Wright","Center Forward","Wayne Hennessey",2,74,48,2.16278,TRUE,"Regular Play","Normal","Head","Off T",106.6,46.9,117.3,40.6,15.0721597656076,2.76586333718787,117.245087842521,102.528807709152,14.7162801333692,11.6352375481201,12.4169239346949,1.24034734589208,0,3,1,1,30.2750000000005,2.16299999999956,"0",0.0465456140889006
"616","United States","Brenden Aaronson","Right Center Midfield","Wayne Hennessey",2,76,33,0.596245,TRUE,"From Corner","Normal","Head","Off T",116.3,46.7,118.4,43.4,7.65375724726099,3.75765884561118,151.090816348852,154.798876354525,3.70806000567282,6.31558181075321,3.9115214431216,2,1,2,1,1,2.18100000000049,0.595999999999549,"0",0.0577218653179814
"617","Wales","Brennan Johnson","Right Midfield","Matthew Charles Turner",2,88,36,0.402023,FALSE,"From Counter","Normal","Right Foot","Saved",109.9,56.2,118.4,43.9,19.0905735901256,4.2154477816716,148.058243394871,157.693794945092,9.6355515502211,36.2933227570273,14.9512541279988,0,0,1,0,1,9.90500000000065,0,"0",0.20121595293242
"618","United States","Tyler Adams","Center Defensive Midfield","Wayne Hennessey",2,91,13,0.127633,FALSE,"From Free Kick","Half Volley","Right Foot","Blocked",92.8,35.5,117.6,39.2,27.5697297774207,2.52982212813471,80.6060090410489,71.5650511770781,9.04095786397082,26.8225972415029,25.0744890276951,0.381246816708576,5,9,2,1,60.549,97.442,"0",0.0184256013361069
"619","Belgium","Michy Batshuayi Tunga","Center Forward","Munir Mohand Mohamedi",1,4,48,0.127812,FALSE,"Regular Play","Normal","Left Foot","Saved",110,29.6,112.3,32.1,14.4277510374971,11.0317722964173,43.8766972859246,44.2654789657452,0.388781679820617,22.1572344670395,3.3970575502926,0,0,1,0,1,14.255,0.127999999999986,"0",0.242017898098374
"620","Belgium","Kevin De Bruyne","Right Wing","Munir Mohand Mohamedi",1,15,51,0.31317,FALSE,"From Free Kick","Half Volley","Right Foot","Blocked",95.2,30.1,118,38.2,26.7029960865817,2.69072480941474,68.2384345819911,48.0127875041834,20.2256470778077,41.8351905629634,24.1960740617151,0.164133041074653,6,10,1,1,2.24800000000005,0.352999999999952,"0",0.0329523452769817
"621","Belgium","Amadou Onana","Right Defensive Midfield","Munir Mohand Mohamedi",1,16,21,1.33745,FALSE,"From Corner","Normal","Head","Off T",114.6,38.6,115.5,39.3,5.57853027239255,4.55411901469428,75.4655449194599,81.1581854398083,5.69264052034839,5.02457590681116,1.14017542509914,0,3,5,0,1,1.49099999999999,1.33799999999997,"0",0.179970406159297
"622","Belgium","Thomas Meunier","Right Back","Munir Mohand Mohamedi",1,18,26,0.708392,FALSE,"From Throw In","Normal","Right Foot","Saved",101.1,27.4,115.4,36.7,22.7149730354231,5.66127194188726,56.3099324740202,54.3446719020997,1.96526057192055,23.0289039813931,17.0581358887775,0.18854504950126,2,4,1,1,34.5240000000001,0,"0",0.0617910336999537
"623","Morocco","Hakim Ziyech","Right Wing","Thibaut Courtois",1,20,26,1.054305,TRUE,"From Throw In","Normal","Left Foot","Off T",88.5,52,118.1,40.4,33.7083075813663,1.94164878389477,110.854458039578,101.888658039628,8.96579999995042,30.9709915410552,31.7918228480218,0.192721765924835,5,9,2,1,12.9370000000001,1.05500000000006,"0",0.00758943305287501
"624","Morocco","Selim Amallah","Right Center Midfield","Thibaut Courtois",1,27,27,0.538776,FALSE,"From Goal Kick","Volley","Right Foot","Off T",106,49.7,118.7,41.9,17.0320286519252,2.30217288664426,124.716429348865,145.619655276155,20.9032259272905,28.1264892861072,14.9040263016408,1.01271250591163,3,6,2,1,51.5,0.538999999999987,"0",0.071828489056824
"625","Morocco","Achraf Hakimi Mouh","Right Back","Thibaut Courtois",1,34,13,0.390455,TRUE,"Regular Play","Normal","Right Foot","Off T",109.4,56.3,118.6,43.7,19.4435079139542,3.9560080889705,146.963778891244,159.274441134439,12.3106622431953,38.9398924701096,15.6012819986051,0,0,1,0,1,40.5500000000002,0.390999999999622,"0",0.163969574877605
"626","Belgium","Kevin De Bruyne","Right Wing","Munir Mohand Mohamedi",1,34,54,0.009438,TRUE,"From Goal Kick","Normal","Left Foot","Blocked",94.1,42.1,114.9,39.9,25.9849956705788,5.10098029794273,94.6354634269026,88.8766972859244,5.75876614097825,95.9460175687378,20.9160225664441,0.833333333333331,2,4,1,1,17.8229999999999,0.0889999999999418,"0",0.0239876502056309
"627","Morocco","Hakim Ziyech","Right Wing","Thibaut Courtois",2,49,45,0.840412,FALSE,"Regular Play","Normal","Left Foot","Saved",95.2,48.1,118.4,40.3,26.0892698249683,1.62788205960996,108.087705925836,100.619655276155,7.46805064968117,28.9733344874853,24.4761108021679,0.0752071046995234,5,7,1,1,16.6790000000001,0,"0",0.0256645195637118
"628","Belgium","Eden Hazard","Center Attacking Midfield","Munir Mohand Mohamedi",2,51,8,0.553005,FALSE,"Regular Play","Normal","Right Foot","Saved",104.9,58.7,117.6,44.2,24.0353905730695,4.83735464897913,141.079588957838,150.255118703058,9.17552974521925,34.6576523815878,19.2753728887407,0.20480798012976,3,3,1,1,43.4090000000001,0.552999999999884,"0",0.0791122301190604
"629","Belgium","Amadou Onana","Right Defensive Midfield","Munir Mohand Mohamedi",2,51,52,0.962366,TRUE,"From Corner","Normal","Head","Off T",111.4,40.8,119.4,40.7,8.63712915267567,0.921954445729287,95.3145456699447,139.398705354996,44.0841596850512,13.1622334569321,8.00062497558785,1.29751248912518,4,8,2,1,1.84999999999991,0.961999999999989,"0",0.0461628947306369
"630","Morocco","Sofiane Boufal","Left Wing","Thibaut Courtois",2,56,11,0.998964,FALSE,"From Throw In","Normal","Right Foot","Off T",106.6,22,118,36.8,22.4401426020424,3.77359245282264,36.6656354826422,32.0053832080835,4.66025227455871,26.9931275906145,18.6815416922694,0,3,6,0,1,45.9369999999999,0.999000000000251,"0",0.134159947468643
"631","Morocco","Noussair Mazraoui","Left Back","Thibaut Courtois",2,60,50,1.282406,FALSE,"Regular Play","Normal","Right Foot","Off T",87.4,35.3,117.9,39.6,32.9370611925229,2.13775583264319,81.7960946215963,79.2157021324374,2.5803924891589,25.6116097653594,30.801623333844,0.177555206057109,6,8,1,1,27.0140000000001,1.2829999999999,"0",0.0108532951819416
"632","Belgium","Dries Mertens","Right Wing","Munir Mohand Mohamedi",2,64,40,0.618813,FALSE,"Regular Play","Normal","Right Foot","Saved",97.9,37.7,116,39.7,22.2193609269034,4.01123422402632,84.0584802062472,85.710846671181,1.65236646493378,28.5899068263823,18.2101619981811,0,3,4,0,1,33.2940000000003,1.85599999999977,"0",0.0486165792063714
"633","Morocco","Azzedine Ounahi","Left Center Midfield","Thibaut Courtois",2,68,26,0.756823,FALSE,"From Free Kick","Normal","Right Foot","Off T",87.6,38.2,117.7,40.2,32.4499614791759,2.30867927612304,86.8201698801357,94.9697407281104,8.14957084797464,42.8178782612815,30.1663720059274,0.0724618656554705,5,7,1,1,22.0100000000002,0.756999999999607,"0",0.0120687127086904
"634","Morocco","Romain Saïss","Left Center Back","Thibaut Courtois",2,72,37,0.196009,FALSE,"From Free Kick","Normal","Other","Goal",118,36.4,118.8,38.8,4.1182520563948,1.69705627484772,29.0546040990771,45,15.9453959009229,14.0739600978871,2.5298221281347,0,0,0,0,1,1.01599999999962,86.0439999999999,"1",0.335358397293867
"635","Belgium","Jan Vertonghen","Left Back","Munir Mohand Mohamedi",2,81,40,0.956719,TRUE,"From Corner","Normal","Head","Off T",109.1,37.6,119.6,40.3,11.1610931364271,0.500000000000003,77.5825542099237,126.869897645843,49.2873434359197,14.0097121393595,10.8415865997556,1.34025567632372,3,7,2,1,2.02700000000004,0.957000000000335,"0",0.0331194253901254
"636","Morocco","Abderrazak Hamdallah","Center Forward","Thibaut Courtois",2,90,0,0.077507,FALSE,"Regular Play","Normal","Left Foot","Saved",116.6,28.9,118.3,32.2,11.6090481952656,7.98310716450681,17.0301567728871,12.2952664229982,4.7348903498889,43.8859750775929,3.71214223865412,0.760285921269705,0,1,1,1,13.5839999999998,0.0780000000004293,"0",0.253114224463809
"637","Morocco","Zakaria Aboukhlal","Left Wing","Thibaut Courtois",2,91,51,0.499931,FALSE,"From Goal Kick","Normal","Right Foot","Goal",110.3,46.8,118.6,42.7,11.8460964034571,3.04138126514911,125.031643829526,152.592424562182,27.5607807326554,20.9876526682542,9.25742944882649,0.214521160070072,2,4,1,1,11.433,0.5,"1",0.222277191206131
"638","Germany","Joshua Kimmich","Right Defensive Midfield","Shūichi Gonda",1,13,18,0.066763,FALSE,"From Throw In","Normal","Right Foot","Blocked",93,31.2,118.9,38.6,28.3978872453568,1.78044938147648,71.9478680607598,38.1572265873689,33.7906414733909,39.9672395312563,26.9364065903379,0,5,8,0,1,87.979,76.4209999999999,"0",0.0222700337924932
"639","Germany","Antonio Rüdiger","Right Center Back","Shūichi Gonda",1,15,59,0.839311,TRUE,"From Corner","Normal","Head","Off T",110.5,50.6,119.6,40.5,14.234113952052,0.640312423743288,138.132465198568,141.34019174591,3.20772654734148,13.1998849058407,13.5948519668292,1.368168724286,5,8,3,1,2.34199999999998,0.839000000000055,"0",0.0355754175430903
"640","Germany","Joshua Kimmich","Right Defensive Midfield","Shūichi Gonda",1,19,49,0.592131,TRUE,"Regular Play","Normal","Right Foot","Saved",96.9,39.6,116,39.4,23.1034629438965,4.04474968323134,89.0079644340115,81.4692343900518,7.53873004395967,32.5521100713208,19.1010470917172,0.126541733227416,6,6,1,1,33.1189999999999,2.07300000000009,"0",0.0379506135569109
"641","Germany","İlkay Gündoğan","Left Defensive Midfield","Shūichi Gonda",1,25,53,0.159651,FALSE,"From Throw In","Normal","Right Foot","Blocked",99.7,29.6,118.9,38.4,22.8089894559141,1.94164878389476,62.8732434903555,34.5085229876682,28.3647205026872,21.3791935733268,21.1206060519105,0.401509088764676,5,8,3,1,15.5999999999999,52.269,"0",0.0369151992821875
"642","Germany","İlkay Gündoğan","Left Defensive Midfield","Shūichi Gonda",1,27,31,0.905755,FALSE,"From Throw In","Normal","Right Foot","Saved",94.4,42.8,118.7,40.4,25.7526697645118,1.36014705087354,96.241914347415,107.102728969052,10.8608146216373,26.8002629716388,24.4182308941496,0.0826418058740938,5,7,1,1,36.913,0,"0",0.0207667278031743
"643","Germany","İlkay Gündoğan","Left Defensive Midfield","Shūichi Gonda",1,28,39,0.261551,FALSE,"From Throw In","Normal","Right Foot","Blocked",105.3,36.8,116.6,37.1,15.0442680114388,4.46878059430087,77.7190455949006,49.5377725079067,28.1812730869939,30.8248018485823,11.3039815994189,0.204082388251796,5,7,2,1,33.781,8.85500000000002,"0",0.0847562412153546
"644","Germany","Serge Gnabry","Right Wing","Shūichi Gonda",1,37,32,0.068945,FALSE,"Regular Play","Normal","Left Foot","Blocked",93.1,48.2,116.3,40.8,28.1220554014105,3.78549864614954,106.952936422712,102.200468727381,4.7524676953314,35.2905216059075,24.3515913237718,0,3,5,0,1,31.5030000000002,92.415,"0",0.0226143307386724
"645","Germany","Jamal Musiala","Left Wing","Shūichi Gonda",1,37,47,0.059939,FALSE,"Regular Play","Normal","Right Foot","Blocked",108.5,28.3,117.5,36.8,16.4054868870144,4.06078810084939,44.5060831013813,37.9987324425046,6.50735065887662,21.365469018278,12.3794184031399,0.819231920519039,1,5,1,1,47.143,76.7750000000001,"0",0.0978243305612482
"646","Germany","İlkay Gündoğan","Left Defensive Midfield","Shūichi Gonda",1,40,37,0.035834,FALSE,"From Free Kick","Normal","Right Foot","Saved",93.3,39,119,39.5,26.718720029223,1.11803398874989,87.8550931962678,63.434948822922,24.4201443733458,700.118461843344,25.70486335307,0.853557357375608,5,8,2,1,43.4500000000003,0.0360000000000582,"0",0.0425962242935344
"647","Germany","Joshua Kimmich","Right Defensive Midfield","Shūichi Gonda",1,41,5,0.861988,FALSE,"Regular Play","Normal","Right Foot","Off T",97,42.2,118.7,40.3,23.1049778186433,1.33416640641263,95.4638428132367,102.994616791916,7.53077397867975,26.827378545941,21.783020910792,0.288464073646447,5,7,2,1,9.85300000000007,0.86200000000008,"0",0.0298264368770025
"648","Germany","Jamal Musiala","Left Wing","Shūichi Gonda",1,44,29,0.682786,FALSE,"From Throw In","Normal","Right Foot","Off T",101.9,45.1,116.7,40.3,18.8047866246868,3.31360830515617,105.736135401459,95.1944289077347,10.5417064937242,28.2669226750677,15.5589202710214,0.433148081824212,1,4,1,1,99.5140000000001,0.682000000000244,"0",0.0422379262555763
"649","Germany","Joshua Kimmich","Right Defensive Midfield","Shūichi Gonda",1,48,33,0.81815,FALSE,"From Throw In","Half Volley","Left Foot","Saved",100.3,40.5,119,39.5,19.7063441561341,1.11803398874989,91.4538954651088,63.434948822922,28.0189466421868,22.834210516673,18.7267188797184,0.374177410528732,5,7,3,1,76.7249999999999,2.81099999999969,"0",0.0343877790043514
"650","Germany","Serge Gnabry","Right Wing","Shūichi Gonda",1,48,35,0.421807,FALSE,"From Throw In","Normal","Left Foot","Wayward",114.3,29.9,118.7,36.4,11.5974135047432,3.82753184180093,29.4384896746715,19.855214369321,9.58327530535051,31.6271178980357,7.84920378127616,0,2,0,0,1,78.9949999999999,0.540999999999713,"0",0.250282436259085
"651","Japan","Daizen Maeda","Center Forward","Manuel Neuer",1,50,28,1.095538,FALSE,"From Free Kick","Normal","Head","Off T",111,34.3,119.1,38.5,10.6531685427388,1.74928556845359,57.652556500558,30.9637565320737,26.6887999684843,14.0596873871553,9.12414379544733,0.420703161911672,2,3,1,1,26.3520000000003,32.078,"0",0.144104976055355
"652","Germany","Serge Gnabry","Right Wing","Shūichi Gonda",2,46,34,0.521731,FALSE,"From Free Kick","Normal","Right Foot","Post",108.3,57.9,118,44.1,21.3845738793178,4.56179789118282,146.830113326168,153.996654155489,7.16654082932052,34.5314039367759,16.8680170737405,0,2,4,0,1,27.5520000000001,0.521999999999935,"0",0.140828502205992
"653","Japan","Daichi Kamada","Left Wing","Manuel Neuer",2,49,41,0.034676,FALSE,"Regular Play","Normal","Right Foot","Blocked",103.3,47.4,118.6,41.7,18.2660887986454,2.20227155455453,113.898791636159,140.527540151656,26.6287485154975,54.716997234428,16.3272777890253,0.898889556128305,4,5,3,1,20.5419999999999,0.190000000000055,"0",0.043061257162253
"654","Germany","Jamal Musiala","Left Wing","Shūichi Gonda",2,50,46,0.541457,FALSE,"Regular Play","Normal","Right Foot","Off T",107.2,41,118,40.2,12.8390030765632,2.00997512422418,94.4671590613893,95.7105931374997,1.24343407611045,23.7270525242169,10.8295890965447,0.222167372851469,1,6,1,1,15.4699999999998,0.541000000000167,"0",0.113228379701738
"655","Japan","Takuma Asano","Center Forward","Manuel Neuer",2,57,6,0.473391,TRUE,"Regular Play","Normal","Head","Off T",114.7,49.4,118.6,43.4,10.7912001186152,3.67695526217005,150.584401166904,157.61986494804,7.03546378113589,11.2673332218775,7.15611626512593,0,0,1,0,1,9.01099999999997,0.473999999999705,"0",0.308721872750007
"656","Germany","İlkay Gündoğan","Left Defensive Midfield","Shūichi Gonda",2,59,14,0.714763,FALSE,"From Free Kick","Normal","Right Foot","Post",103,40,115,40.5,17,5.02493781056044,90,95.7105931374996,5.71059313749964,24.499224654715,12.0104121494643,0.37037037037037,3,4,1,1,78.9079999999999,0.714999999999691,"0",0.0684495053513395
"657","Japan","Takuma Asano","Center Forward","Manuel Neuer",2,60,18,1.753445,FALSE,"Regular Play","Normal","Left Foot","Off T",106.4,25.8,117.9,36.2,19.662146373171,4.34165866921848,43.7635923971439,28.9264258352536,14.8371665618903,15.7818178359437,15.5051604312887,0,0,1,0,1,20.5629999999996,1.75300000000016,"0",0.144819520832892
"658","Japan","Takuma Asano","Center Forward","Manuel Neuer",2,65,30,0.09922,FALSE,"From Throw In","Normal","Left Foot","Blocked",106.9,26.5,117.8,36.4,18.811166896288,4.2190046219458,44.1384742654327,31.4295656148385,12.7089086505942,12.9069224701327,14.7248089970634,0.693375245281537,0,1,1,1,23.0370000000003,0.139000000000124,"0",0.0765533668949627
"659","Japan","Ko Itakura","Right Center Back","Manuel Neuer",2,66,2,0.546156,FALSE,"From Corner","Normal","Head","Blocked",112.6,51.3,119.2,41.9,13.5074053763112,2.06155281280883,146.780523776915,157.166345822083,10.3858220451671,16.8061503953869,11.485643212289,0,2,6,0,1,2.09000000000015,34.6770000000006,"0",0.13873358862943
"660","Japan","Takuma Asano","Center Forward","Manuel Neuer",2,67,51,0.090769,TRUE,"From Throw In","Normal","Right Foot","Blocked",112.5,51.1,118.4,43.9,13.3962681370597,4.2154477816716,145.954062643398,157.693794945092,11.7397323016941,12.8478927714204,9.3085981758802,0.819231920519039,1,1,1,1,45.5290000000005,0.171000000000276,"0",0.120115309025219
"661","Germany","Jonas Hofmann","Right Wing","Shūichi Gonda",2,69,46,0.216143,FALSE,"Regular Play","Half Volley","Right Foot","Saved",111.1,48.5,113.6,44.5,12.3069086288962,7.82368199762746,133.683087594207,125.112011184422,8.57107640978452,20.9476715372171,4.7169905660283,0,1,1,0,1,15.9409999999998,52.4760000000006,"0",0.234565215934692
"662","Germany","Serge Gnabry","Left Wing","Shūichi Gonda",2,69,51,0.822517,FALSE,"Regular Play","Normal","Left Foot","Saved",103.3,57.9,118.5,42.8,24.4806045676981,3.17647603485372,136.986340695882,151.821409890041,14.8350691941586,26.8420511570811,21.425452153922,0,2,5,0,1,21.3230000000003,47.094,"0",0.0714493074547098
"663","Germany","Serge Gnabry","Left Wing","Shūichi Gonda",2,70,2,0.544359,FALSE,"Regular Play","Normal","Head","Saved",112.2,43.5,119.6,40.9,8.5492689745966,0.984885780179611,114.166629842985,156.037511025421,41.870881182436,13.6249656133461,7.84346862045102,0.757821643026388,2,3,2,1,32.2789999999995,36.1380000000008,"0",0.138255135559812
"664","Germany","Serge Gnabry","Left Wing","Shūichi Gonda",2,70,4,0.223579,FALSE,"Regular Play","Normal","Right Foot","Saved",117.7,49.5,119,45.2,9.77445650662992,5.29528091794949,166.390268104188,169.114472945341,2.72420484115344,18.8119106399197,4.49221548904324,0,0,1,0,1,34.1689999999999,34.2480000000005,"0",0.432427676143004
"665","Japan","Junya Ito","Right Wing","Manuel Neuer",2,72,39,0.066621,FALSE,"From Free Kick","Half Volley","Right Foot","Saved",109.2,36.3,118.9,38.4,11.4162165361384,1.94164878389476,71.0889199254361,34.5085229876682,36.5803969377679,153.794971846877,9.92471662063961,0.790569415042092,1,2,1,1,20.8980000000001,2.00799999999981,"0",0.11546254350722
"666","Japan","Hiroki Sakai","Right Wing Back","Manuel Neuer",2,72,40,0.570916,FALSE,"From Free Kick","Half Volley","Right Foot","Off T",113.4,46.3,118.4,41.9,9.12414379544732,2.48394846967484,133.66778014613,139.899092453788,6.23131230765748,11.8175898334837,6.66033032213868,0.186177455833564,1,2,1,1,22.335,0.570999999999913,"0",0.236609055236302
"667","Japan","Takumi Minamino","Left Wing","Manuel Neuer",2,74,45,0.540449,FALSE,"From Throw In","Normal","Left Foot","Saved",112.8,24.4,118.6,36.2,17.1813852759316,4.04969134626332,24.7751405688319,20.2248594311682,4.55028113766375,24.2729800919286,13.1483839311149,0,0,1,0,1,46.7260000000006,1.75900000000001,"0",0.236436514090689
"668","Japan","Ritsu Doan","Right Wing","Manuel Neuer",2,74,46,0.474796,FALSE,"From Throw In","Normal","Left Foot","Goal",112.1,41.5,117.5,38.2,8.04114419718985,3.08058436014987,100.750966993188,54.2461127455633,46.5048542476247,17.5836624274356,6.3285069329187,0.444994159489983,4,4,1,1,48.0100000000002,0.475000000000364,"1",0.142929017535528
"669","Germany","Antonio Rüdiger","Right Center Back","Shūichi Gonda",2,79,46,0.880874,TRUE,"From Corner","Normal","Head","Off T",115.5,39.4,116.1,40.7,4.53982378512647,3.9623225512318,82.4053566314085,100.175510843043,17.7701542116347,6.26851862685402,1.43178210632764,1.76378929183954,1,2,2,1,1.62400000000071,0.880999999999403,"0",0.0558431071209586
"670","Japan","Takuma Asano","Center Forward","Manuel Neuer",2,82,42,0.528993,FALSE,"From Free Kick","Normal","Right Foot","Goal",117.7,50.2,119.1,44.5,10.4560986988456,4.58911756223351,167.292886498683,168.69006752598,1.39718102729628,15.7356742124427,5.86941223633168,0,0,0,0,1,6.41100000000006,0.529000000000451,"1",0.420761102473105
"671","Germany","Niclas Füllkrug","Left Center Forward","Shūichi Gonda",2,89,16,1.007976,TRUE,"From Throw In","Normal","Head","Off T",106.9,41,118.8,40.7,13.1381124976155,1.38924439894498,94.3652577350279,120.256437163529,25.8911794285014,13.9827982998913,11.9037809119624,1.25,1,3,1,1,5.71399999999994,1.00799999999981,"0",0.0413656589956317
"672","Germany","Antonio Rüdiger","Right Center Back","Shūichi Gonda",2,93,50,1.313128,FALSE,"From Throw In","Normal","Right Foot","Off T",86.2,37.2,117.4,40,33.9157780391369,2.59999999999999,85.2644169649707,90,4.73558303502929,26.3335555143537,31.3253890638249,0.228172923390363,9,10,2,1,6.89100000000053,1.31299999999919,"0",0.00731820780362904
"673","Germany","Leon Goretzka","Left Defensive Midfield","Shūichi Gonda",2,94,42,0.796787,FALSE,"From Free Kick","Half Volley","Right Foot","Off T",100.3,40.9,116.5,40.3,19.7205476597381,3.51283361405006,92.6157548754219,94.8990924537877,2.28333757836579,26.0353618487561,16.2111073033276,0,2,3,0,1,8.66299999999956,0.796000000000276,"0",0.0614069317020378
"674","Germany","Niklas Süle","Right Back","Shūichi Gonda",2,97,16,0.069238,FALSE,"From Free Kick","Volley","Right Foot","Blocked",116.5,31.6,119,36.6,9.1,3.54400902933387,22.6198649480404,16.3895403340348,6.23032461400564,28.4492845021407,5.59016994374947,0.455960752587553,1,3,1,1,2.81500000000051,0.318999999999505,"0",0.253116905664115
"675","Senegal","Boulaye Dia","Center Forward","Andries Noppert",1,0,45,0.066384,FALSE,"Regular Play","Half Volley","Left Foot","Blocked",107,27.1,117.3,36.1,18.3142021393235,4.74341649025257,45.2212181266649,34.695153531234,10.5260645954309,11.7652592129227,13.6780846612382,1.00000000000001,1,4,1,1,4.548,0.146999999999998,"0",0.0739758254238887
"676","Netherlands","Vincent Janssen","Right Center Forward","Edouard Mendy",1,3,55,0.073655,FALSE,"From Throw In","Normal","Left Foot","Blocked",103.2,34.3,116.1,42,17.740631330367,4.38292140016223,71.2586595548073,117.149681697783,45.8910221429759,15.479946033523,15.0233152133609,1.0282371418793,4,6,2,1,13.913,4.71199999999999,"0",0.0371793937852626
"677","Senegal","Ismaïla Sarr","Left Wing","Andries Noppert",1,8,48,1.170185,TRUE,"Regular Play","Normal","Left Foot","Off T",97.5,44.1,117.2,39.9,22.8705050228455,2.80178514522438,100.327253890194,87.9545915111128,12.3726623790815,19.409368258847,20.1427406278292,0.148331386496662,3,4,1,1,4.82899999999995,1.16999999999996,"0",0.0352420260172554
"678","Netherlands","Daley Blind","Left Wing Back","Edouard Mendy",1,16,18,0.588258,TRUE,"From Throw In","Normal","Head","Off T",112.8,32.9,118.4,38.4,10.1118742080783,2.26274169979695,45.4006632557922,44.9999999999999,0.400663255792281,12.4687608640374,7.84920378127617,1.28036879932896,0,3,1,1,38.7589999999999,0.588000000000079,"0",0.0817223404657045
"679","Netherlands","Vincent Janssen","Right Center Forward","Edouard Mendy",1,18,51,0.170498,TRUE,"From Throw In","Normal","Left Foot","Blocked",98.3,44.3,115.4,40.8,22.1219348159242,4.6690470119715,101.208344318926,99.8658069430844,1.34253737584208,6.12341875500624,17.4545123105746,1.08465228909328,3,7,1,1,15.3420000000001,1.85399999999981,"0",0.0161761416333416
"680","Senegal","Ismaïla Sarr","Left Wing","Andries Noppert",1,24,39,0.384256,FALSE,"From Free Kick","Normal","Right Foot","Blocked",102.7,25.9,117.7,37.6,22.3181540455298,3.32415402771893,50.8189709013946,43.7811247648687,7.03784613652589,32.5761670006845,19.0234066349852,0,3,6,0,1,16.5519999999999,0.504000000000133,"0",0.0975495535107881
"681","Netherlands","Virgil van Dijk","Center Back","Edouard Mendy",1,26,38,1.14867,TRUE,"From Corner","Normal","Head","Off T",109.4,38,118.5,40,10.7870292481294,1.5,79.3150875999973,90,10.6849124000027,14.6703661074129,9.31718841711382,0.564553807357557,3,6,2,1,1.73700000000008,1.14899999999989,"0",0.0626939218224209
"682","Senegal","Idrissa Gana Gueye","Center Attacking Midfield","Andries Noppert",1,28,20,0.065473,FALSE,"From Free Kick","Normal","Right Foot","Blocked",100.9,48.4,117,41.4,20.8655218003289,3.31058907144937,113.739440838028,115.0168934781,1.2774526400718,11.6319293538769,17.5559106855782,0.91213666513226,4,6,2,1,51.2369999999999,16.375,"0",0.0287292847342583
"683","Senegal","Krépin Diatta","Right Wing","Andries Noppert",1,28,35,0.935149,FALSE,"From Free Kick","Normal","Left Foot","Off T",100,56.6,117.4,41.9,25.9915370842126,3.22024843762092,129.692673150669,126.158185439808,3.53448771086042,23.3228273342929,22.7782791272739,0,4,6,0,1,66.6769999999999,0.934999999999945,"0",0.0465320948683544
"684","Senegal","Youssouf Sabaly","Right Back","Andries Noppert",1,32,51,1.330547,FALSE,"From Throw In","Normal","Right Foot","Saved",84.7,54,116.6,41.3,37.9748601050748,3.64005494464026,111.633304992147,110.924501744921,0.708803247226044,24.9813292661986,34.3351132224724,0.0564692439315782,6,8,1,1,13.693,0,"0",0.00521460010561857
"685","Netherlands","Steven Berghuis","Right Defensive Midfield","Edouard Mendy",1,39,17,0.955625,FALSE,"Regular Play","Volley","Left Foot","Off T",97.2,47.3,117.7,40.9,23.9401336671289,2.46981780704569,107.753789349282,111.370622269343,3.61683292006133,24.927360666921,21.4758003343298,0.204765038944651,5,7,1,1,19.6779999999999,0.954999999999927,"0",0.0313919484249791
"686","Netherlands","Virgil van Dijk","Center Back","Edouard Mendy",2,52,40,0.680184,TRUE,"From Corner","Normal","Head","Off T",111.1,40.2,118.4,39.8,8.90224690738243,1.6124515496597,91.2873289415252,82.8749836510981,8.41234529042708,13.1053272044427,7.31095069057371,0.74535599249993,3,4,1,1,1.58500000000004,0.679999999999836,"0",0.0662394515780088
"687","Senegal","Youssouf Sabaly","Right Back","Andries Noppert",2,53,58,0.222053,FALSE,"From Throw In","Normal","Right Foot","Blocked",96.9,57.9,116.3,42.7,29.2236205833569,4.58039299623952,127.771810090022,126.11934084948,1.6524692405424,31.9838613386258,24.6454864021792,0.130144801573838,4,5,1,1,34.75,0.342000000000098,"0",0.0241980183667431
"688","Senegal","Krépin Diatta","Right Wing","Andries Noppert",2,57,53,0.845421,FALSE,"Regular Play","Half Volley","Right Foot","Wayward",115.2,50.5,119.4,41.2,11.5451288429363,1.34164078649987,155.432828679399,153.434948822922,1.99787985647643,10.1373132964834,10.204410811017,0,0,0,0,1,25.0410000000002,0.8449999999998,"0",0.30160771951369
"689","Netherlands","Steven Berghuis","Right Defensive Midfield","Edouard Mendy",2,59,9,0.341534,FALSE,"From Goal Kick","Normal","Left Foot","Blocked",95.3,32.8,117.3,39,25.7280003109453,2.8792360097776,73.7487032175356,69.6768631703371,4.07184004719851,27.0769598849822,22.8569464277274,0.107057545514438,4,6,1,1,61.5140000000001,47.5889999999999,"0",0.0462479899129306
"690","Senegal","Boulaye Dia","Center Forward","Andries Noppert",2,64,40,0.558677,FALSE,"From Free Kick","Normal","Right Foot","Saved",107.6,56.5,118.3,43.6,20.6400096899202,3.98120584747888,143.074583205338,154.722277764447,11.6476945591094,30.2627441270603,16.7600715988924,0,0,0,0,1,17.123,0.558999999999742,"0",0.129432209001291
"691","Senegal","Idrissa Gana Gueye","Left Center Midfield","Andries Noppert",2,72,34,0.464476,TRUE,"Regular Play","Half Volley","Right Foot","Saved",103.3,40.4,119.2,39.6,16.7047897322894,0.894427190999913,91.3720916494609,63.434948822922,27.9371428265389,33.3959312347139,15.9201130649251,0.454225312566885,4,7,2,1,14.7909999999993,38.1980000000003,"0",0.0571840474285796
"692","Senegal","Cheikh Ahmadou Bamba Mbacke Dieng","Center Forward","Andries Noppert",2,74,59,1.103057,FALSE,"Regular Play","Half Volley","Left Foot","Off T",104.3,31.7,117.8,37.9,17.7589414098927,3.04138126514911,62.136274503576,46.3322198538697,15.8040546497063,14.6878566895279,14.8556386601183,0,3,5,0,1,10.9350000000004,1.10399999999936,"0",0.102941532790224
"693","Senegal","Ismaïla Sarr","Left Wing","Andries Noppert",2,81,24,0.985939,TRUE,"Regular Play","Normal","Head","Off T",111.3,40.6,118.6,40.6,8.72066511224918,1.52315462117279,93.9451862290376,113.198590513648,19.2534042846105,8.97205912990263,7.3,1.42857142857142,1,4,1,1,35.6459999999997,0.985999999999876,"0",0.0741030829121815
"694","Netherlands","Cody Mathès Gakpo","Right Center Forward","Edouard Mendy",2,83,50,1.028595,FALSE,"Regular Play","Normal","Head","Goal",112.3,39,113.6,40,7.76466354712167,6.40000000000001,82.6004053401129,90,7.39959465988706,7.90118084310302,1.64012194668567,0,0,0,0,1,20.0529999999999,1.02899999999954,"1",0.252329784257438
"695","Senegal","Pape Gueye","Right Center Midfield","Andries Noppert",2,85,51,1.084811,FALSE,"From Throw In","Normal","Left Foot","Saved",93.8,56.8,117.4,41.5,31.123624467597,3.00166620396072,122.668860534012,119.981639368849,2.68722116516251,25.9360777065374,28.125611104472,0.14197614717146,4,7,1,1,26.2529999999997,1.08500000000004,"0",0.015130722876774
"696","Senegal","Ismail Jakobs","Left Back","Andries Noppert",2,91,0,1.466381,FALSE,"Regular Play","Half Volley","Left Foot","Off T",91,27.5,118.5,38.4,31.5792653492763,2.19317121994613,66.682291613245,43.1523897340054,23.5299018792396,22.3920978299467,29.5814130832183,0.196827263177415,3,7,2,1,42.9679999999998,1.46699999999964,"0",0.0188948230069332
"697","Senegal","Cheikh Ahmadou Bamba Mbacke Dieng","Center Forward","Andries Noppert",2,92,55,1.383159,FALSE,"From Throw In","Normal","Head","Off T",112.8,35.7,117.5,40.3,8.386298349093,2.51793566240283,59.1534125878514,96.8427734126309,37.6893608247794,5.25544260504722,6.57647321898295,0,0,0,0,1,23.5290000000005,45.8860000000004,"0",0.205029522332521
"698","Netherlands","Memphis Depay","Center Forward","Edouard Mendy",2,98,16,0.806881,FALSE,"Regular Play","Normal","Left Foot","Saved",101.2,50.1,114.9,42.2,21.3412745636244,5.55427763079952,118.246205690918,113.33404127671,4.91216441420826,20.1445197230113,15.8145502623375,0,0,1,0,1,21.8720000000003,2.84900000000016,"0",0.0647110775657319
"699","Netherlands","Davy Klaassen","Left Attacking Midfield","Edouard Mendy",2,98,18,0.616563,FALSE,"Regular Play","Normal","Left Foot","Goal",109.5,34.8,114.6,38.2,11.7170815478941,5.69209978830309,63.653633942345,71.5650511770781,7.91141723473309,17.8031988670761,6.12943716828878,0,0,1,0,1,24.1050000000005,0.615999999999985,"1",0.191723300717171
"700","Ecuador","Romario Andrés Ibarra Mina","Left Midfield","Saad Abdullah Al Sheeb",1,28,7,0.957356,TRUE,"From Throw In","Normal","Right Foot","Off T",96.5,46.4,118.8,40.9,24.3559027753027,1.5,105.234486446293,126.869897645844,21.6354111995512,24.6036010723018,22.9682389398926,0,3,3,0,1,74.672,0.957000000000107,"0",0.0278496928743727
"701","Ecuador","Enner Remberto Valencia Lastra","Right Center Forward","Saad Abdullah Al Sheeb",1,30,44,0.626872,FALSE,"Regular Play","Normal","Head","Goal",109.6,38,118.9,40.2,10.590561835899,1.11803398874989,79.1144729453413,100.304846468766,21.190373523425,16.7619805723381,9.55667306126982,0,1,3,0,1,13.1659999999999,0.626999999999953,"1",0.16977647799813
"702","Qatar","Abdelkarim Hassan Al Haj Fadlalla","Left Center Back","Hernán Ismael Galíndez",1,32,40,0.62443,FALSE,"From Kick Off","Normal","Left Foot","Off T",88.4,22.4,116,37.8,36.1707063796106,4.56508488420533,60.8838537339211,61.1892062570269,0.30535252310586,55.8138289644736,31.6056956892266,0.0661208510829214,5,8,1,1,37.0030000000002,0.625,"0",0.0257511587803656
"703","Qatar","Almoez Ali Zainalabiddin Abdulla","Right Center Forward","Hernán Ismael Galíndez",1,49,51,0.575175,FALSE,"From Free Kick","Normal","Head","Off T",113,43.7,117.3,40.6,7.91770168672703,2.76586333718787,117.859650695242,102.528807709152,15.3308429860908,23.2583008763464,5.30094331227943,0,0,0,0,1,11.0129999999999,11.4070000000002,"0",0.255719273807365
"704","Ecuador","Angelo Smit Preciado Quiñónez","Right Back","Saad Abdullah Al Sheeb",2,51,26,1.043432,FALSE,"Regular Play","Normal","Right Foot","Off T",91.7,61.5,116.9,42.2,35.5406809163809,3.80131556174964,127.22456592084,125.362461887069,1.86210403377083,34.7691034393373,31.7416130655013,0.0713921561463532,4,8,1,1,20.7269999999999,1.04300000000012,"0",0.0139730507506891
"705","Ecuador","Romario Andrés Ibarra Mina","Left Midfield","Saad Abdullah Al Sheeb",2,54,46,0.580855,FALSE,"Regular Play","Normal","Right Foot","Saved",101.9,32.3,114.6,38.7,19.6697737658571,5.55427763079953,66.9544018584174,76.4641436308658,9.50974177244841,23.6818587778989,14.2214626533279,0.400000000000001,1,3,1,1,4.03999999999996,16.6690000000003,"0",0.0650252467444994
"706","Qatar","Pedro Miguel Correia","Right Wing Back","Hernán Ismael Galíndez",2,61,23,0.687738,TRUE,"From Throw In","Normal","Head","Off T",106.5,47.5,118.8,40.4,15.4434452114805,1.26491106406735,119.054604099077,108.434948822922,10.6196552761552,27.5555362944616,14.2021125189177,1.1111111111111,1,2,1,1,20.299,37.328,"0",0.0412993516160271
"707","Qatar","Akram Hassan Afif","Left Center Forward","Hernán Ismael Galíndez",2,74,36,0.753485,FALSE,"From Throw In","Normal","Right Foot","Off T",92.1,23.1,115.5,37.8,32.6193194288293,5.00899191454728,58.7952531771238,63.946504689509,5.15125151238526,42.9512150436958,27.6342179190944,0.177897827050305,5,8,2,1,45.4130000000005,81.2709999999997,"0",0.0232355556801889
"708","Qatar","Mohammed Muntari","Right Center Forward","Hernán Ismael Galíndez",2,85,28,0.569608,FALSE,"From Goal Kick","Half Volley","Right Foot","Off T",100.2,55.2,113.7,42.9,24.9615704634144,6.93541635375988,127.512611802856,114.717440911083,12.795170891773,41.7772194527857,18.2630775062693,0,0,1,0,1,18.4399999999996,0.569000000000415,"0",0.0784556423626942
"709","Ecuador","Kevin José Rodríguez Cortez","Center Forward","Saad Abdullah Al Sheeb",2,94,26,0.816401,FALSE,"From Corner","Normal","Head","Off T",112.3,37.4,119.1,39,8.12711510931155,1.34536240470737,71.3421115258805,41.9872124958168,29.3548990300636,12.912553358569,6.98569967862919,0,3,6,0,1,1.46399999999994,0.815999999999804,"0",0.126092452374048
"710","Uruguay","Matías Vecino Falero","Left Center Midfield","Seung-Gyu Kim",1,12,38,1.0495,FALSE,"From Throw In","Normal","Head","Saved",109.5,28.6,117.4,36.7,15.4987096237074,4.20119030752,42.6467031338917,38.2338251774469,4.41287795644481,10.7146249532108,11.3145923479372,0,0,1,0,1,13.052,0,"0",0.161493452572626
"711","Uruguay","Federico Santiago Valverde Dipetta","Right Center Midfield","Seung-Gyu Kim",1,18,45,0.886212,TRUE,"From Goal Kick","Half Volley","Left Foot","Off T",103.9,35.4,117.9,39.5,16.7442527453452,2.15870331449228,74.0546040990772,76.6075022462489,2.55289814717172,20.4912261168907,14.5880087743324,0.600841768126113,0,1,1,1,28.261,0.885999999999967,"0",0.082793335778428
"712","South Korea","Ui-Jo Hwang","Center Forward","Sergio Rochet Álvarez",1,33,36,0.238528,FALSE,"From Throw In","Normal","Right Foot","Off T",108.9,42.7,118.5,40.9,11.4236596587959,1.74928556845359,103.671307132196,120.963756532073,17.2924493998776,50.2141420152195,9.76729235765982,0,2,4,0,1,81.9760000000001,0.239000000000033,"0",0.143036130199172
"713","South Korea","In-Beom Hwang","Right Defensive Midfield","Sergio Rochet Álvarez",1,38,40,0.913769,FALSE,"From Throw In","Normal","Right Foot","Off T",89.7,57.6,118.3,40.4,35.0406906324633,1.7464249196573,120.15050835743,103.240519915187,16.9099884422427,40.4072502216044,33.3736422944814,0.0995382184416917,5,8,1,1,19.8240000000001,0.91399999999976,"0",0.00866926042460016
"714","Uruguay","Diego Roberto Godín Leal","Right Center Back","Seung-Gyu Kim",1,42,50,0.633348,TRUE,"From Corner","Normal","Head","Post",110,40.4,119.1,40,10.0079968025574,0.900000000000006,92.2906100426386,90,2.2906100426386,17.2499166761372,9.1087869664407,2.38637087278753,4,9,3,1,1.57499999999982,2.06100000000015,"0",0.015741699031176
"715","Uruguay","José María Giménez de Vargas","Left Center Back","Seung-Gyu Kim",1,45,10,2.055432,FALSE,"From Free Kick","Normal","Head","Off T",103.5,35.9,118.7,38.9,17.0017646142981,1.70293863659264,76.0454908268632,49.7636416907261,26.2818491361371,10.5909680674569,15.4932243254915,0.168311056968985,4,5,1,1,17.752,2.05500000000029,"0",0.0747801386555456
"716","South Korea","Min Jae Kim","Right Center Back","Sergio Rochet Álvarez",2,52,7,0.640167,FALSE,"From Corner","Normal","Other","Wayward",111.5,46.1,118.5,41.2,10.4623133197205,1.92093727122986,125.665001536862,128.65980825409,2.99480671722839,14.4364721712453,8.54458893101359,0.785674201318384,2,3,1,1,1.16800000000012,10.0059999999999,"0",0.0697621030273168
"717","Uruguay","Rodrigo Bentancur Colmán","Center Defensive Midfield","Seung-Gyu Kim",2,54,21,0.063826,FALSE,"From Free Kick","Normal","Right Foot","Blocked",101.3,38.3,118.7,40.5,18.7771137292183,1.39283882771841,84.8055710922652,111.037511025422,26.2319399331567,40.8560925340938,17.538529014715,0.368105086916155,4,7,1,1,5.81399999999985,10.4299999999998,"0",0.052650400468576
"718","Uruguay","Federico Santiago Valverde Dipetta","Right Defensive Midfield","Seung-Gyu Kim",2,68,9,3.482943,FALSE,"Regular Play","Half Volley","Right Foot","Wayward",90.5,27.4,118.3,40.2,32.0781857342338,1.71172427686237,66.871768574415,96.7098368077569,29.8380682333419,15.7114327786412,30.6052283115157,0.128263640178758,5,9,2,1,16.6759999999995,10.5290000000005,"0",0.0191326047138202
"719","Uruguay","Edinson Roberto Cavani Gómez","Right Center Forward","Seung-Gyu Kim",2,68,37,0.123126,FALSE,"From Throw In","Normal","Right Foot","Blocked",106.6,47.5,118.4,41.6,15.3561062773087,2.26274169979695,119.2358045687,135,15.7641954313001,9.0804053469608,13.1928010672488,0.798086884467617,1,3,1,1,7.38699999999972,71.5100000000002,"0",0.0545511768943689
"720","South Korea","Kang-In Lee","Right Wing","Sergio Rochet Álvarez",2,74,42,0.053274,FALSE,"From Goal Kick","Normal","Left Foot","Blocked",94.5,54.2,118.4,40.1,29.1871547088784,1.60312195418813,119.111804525511,93.5763343749974,25.5354701505137,24.474236607736,27.7492342236682,0.801376013850084,3,6,2,1,19.7930000000006,11.1039999999994,"0",0.0161740884440574
"721","South Korea","Gue-Sung Cho","Center Forward","Sergio Rochet Álvarez",2,76,51,0.701119,FALSE,"From Throw In","Half Volley","Left Foot","Off T",93.4,42,116.5,41.6,26.6750820054972,3.84837628097877,94.299862820192,114.567171320601,20.2673085004093,38.5024715017388,23.1034629438965,0,0,3,0,1,25.4430000000002,0.701000000000022,"0",0.0221955148467686
"722","Uruguay","Darwin Gabriel Núñez Ribeiro","Left Center Forward","Seung-Gyu Kim",2,80,43,0.702777,FALSE,"Regular Play","Normal","Right Foot","Off T",100.6,28.3,118.3,38.3,22.6550215184184,2.40416305603427,58.9061245859895,45,13.9061245859895,37.6567753308192,20.3295351643858,0.378777009539284,4,6,1,1,11.9759999999997,54.3180000000002,"0",0.054255749566512
"723","Uruguay","Edinson Roberto Cavani Gómez","Right Center Forward","Seung-Gyu Kim",2,86,56,1.233002,FALSE,"Regular Play","Normal","Head","Off T",110.5,39.7,119,39.6,9.50473566176356,1.0770329614269,88.1912606775079,68.1985905136483,19.9926701638597,9.112801542189,8.50058821494136,0.653720450460614,0,3,1,1,99.402,25.8580000000002,"0",0.11348930792898
"724","Uruguay","Federico Santiago Valverde Dipetta","Right Defensive Midfield","Seung-Gyu Kim",2,88,58,1.056971,FALSE,"Regular Play","Normal","Right Foot","Post",95.7,22.6,118.2,40,29.8872882677569,1.8,54.3954660195669,90,35.6045339804331,26.2172076702975,28.443101096751,0.282771048877105,4,7,2,1,26.5459999999994,1.0570000000007,"0",0.0359254408230879
"725","South Korea","Heung-Min Son","Left Wing","Sergio Rochet Álvarez",2,89,54,0.250517,FALSE,"From Goal Kick","Normal","Left Foot","Off T",93.8,36.6,118.3,39.8,26.4196896272458,1.71172427686237,82.6059913574017,83.2901631922431,0.684171834841337,111.246576403071,24.7080958392184,0.198575367697384,3,6,1,1,12.3130000000001,0.25,"0",0.0381339741570592
"726","South Korea","In-Beom Hwang","Center Attacking Midfield","Sergio Rochet Álvarez",2,93,6,0.514855,FALSE,"From Throw In","Normal","Left Foot","Off T",94.9,26.7,117.3,38.8,28.4059852847952,2.95465734053883,62.0817568691423,66.0375110254218,3.95575415627952,49.5989137634007,25.4591830190994,0.190866111437956,4,6,1,1,26.2860000000001,0.514000000000124,"0",0.0286402812294175
"727","Australia","Fran Karačić","Right Back","Aymen Dahmen",1,5,35,0.037121,TRUE,"From Free Kick","Volley","Right Foot","Blocked",90.9,41.2,118.7,39.3,29.1247317584214,1.47648230602334,92.3613746581757,61.6992442339935,30.6621304241823,24.3942381351185,27.864852413031,1.00814882851427,7,10,4,1,3.65500000000003,61.217,"0",0.00748189399402724
"728","Tunisia","Mohamed Dräger","Right Wing Back","Mathew Ryan",1,20,20,1.158633,FALSE,"From Throw In","Normal","Right Foot","Off T",92,42.5,117.4,40,28.1113855937412,2.59999999999999,95.1021652523581,90,5.10216525235815,24.2342826142396,25.5227349631657,0,4,7,0,1,11.4870000000001,1.1579999999999,"0",0.0167490940423325
"729","Australia","Mitchell Thomas Duke","Right Center Forward","Aymen Dahmen",1,22,50,1.104271,FALSE,"From Throw In","Normal","Head","Goal",110.1,32.5,117.8,37.9,12.4201449266907,3.04138126514911,52.8533133019782,46.3322198538697,6.52109344810858,13.4690364117944,9.40478601564119,0.57166195047503,0,1,1,1,27.673,1.10400000000004,"1",0.10674590867455
"730","Australia","Mitchell Thomas Duke","Right Center Forward","Aymen Dahmen",1,26,6,0.095529,FALSE,"From Free Kick","Normal","Head","Blocked",110.7,34.3,119.5,39.8,10.9077953776187,0.538516480713451,58.4957332807958,68.1985905136479,9.7028572328521,9.00493595352474,10.3773792452623,0.766964988847372,3,6,1,1,1.22499999999991,35.7449999999999,"0",0.107387630751071
"731","Australia","Jackson Irvine","Right Defensive Midfield","Aymen Dahmen",1,33,45,0.629841,FALSE,"From Corner","Backheel","Right Foot","Off T",114.3,48.2,119.2,41.3,9.98649087517733,1.52643375224737,145.195988247287,148.392497753751,3.19650950646434,9.18811972941126,8.46286003665428,0,2,3,0,1,1.05899999999997,0.630000000000109,"0",0.172166284235475
"732","Tunisia","Youssef Msakni","Left Attacking Midfield","Mathew Ryan",1,37,17,0.257117,FALSE,"From Counter","Normal","Right Foot","Blocked",102.8,54.8,116.7,42.9,22.6909673658925,4.39317652729776,130.710846671181,131.308614013549,0.597767342367774,14.1411567206353,18.2980873317404,0.281606358518076,3,4,1,1,5.9989999999998,87.0720000000001,"0",0.0674444238570847
"733","Tunisia","Mohamed Dräger","Right Wing Back","Mathew Ryan",1,40,6,0.299246,FALSE,"From Throw In","Normal","Right Foot","Blocked",109.2,48.4,115.9,42.9,13.6821051011897,5.02195181179588,127.874983651098,125.272421448598,2.6025622024998,23.1931624141484,8.66833317310774,0.142784312292706,0,2,1,1,7.86599999999999,0.378999999999905,"0",0.135462608902567
"734","Australia","Mitchell Thomas Duke","Right Center Forward","Aymen Dahmen",1,43,4,0.864072,TRUE,"From Free Kick","Normal","Head","Saved",104.9,40.6,117.7,39.3,15.1119158282463,2.40416305603426,92.2754564382541,73.0724869358529,19.2029695024012,14.3025094603547,12.8658462605458,0,2,5,0,1,1.70800000000008,0.864000000000033,"0",0.0995606882240319
"735","Australia","Fran Karačić","Right Back","Aymen Dahmen",1,43,38,0.124913,FALSE,"Regular Play","Half Volley","Left Foot","Blocked",106.4,54.9,116,44.7,20.1734974657346,6.17170964968379,137.611681377898,139.600095666263,1.98841428836488,31.7812129102322,14.0071410359145,0.2351802170959,0,3,1,1,23.2890000000002,12.4249999999997,"0",0.102950654577429
"736","Australia","Fran Karačić","Right Back","Aymen Dahmen",1,45,44,2.472547,FALSE,"From Corner","Volley","Right Foot","Wayward",87.2,52.2,118.5,41.4,34.9954282728473,2.05182845286832,110.402745840877,133.025065989118,22.6223201482408,18.9328621546542,33.1108743466554,0.286196470717598,8,9,3,1,9.1569999999997,2.47200000000021,"0",0.00383729667591276
"737","Tunisia","Youssef Msakni","Left Attacking Midfield","Mathew Ryan",1,47,16,0.399224,FALSE,"From Throw In","Normal","Right Foot","Off T",111,45.5,117.4,42.7,10.5475115548645,3.74833296279826,121.429565614839,136.080924186661,14.6513585718223,22.5562556656969,6.9856996786292,0,2,4,0,1,19.873,0.400000000000091,"0",0.184176746948801
"738","Australia","Mitchell Thomas Duke","Right Center Forward","Aymen Dahmen",2,56,17,0.473073,FALSE,"From Throw In","Normal","Head","Wayward",107.3,39.8,117.5,39.5,12.7015747055237,2.54950975679639,89.09777883847,78.6900675259798,10.4077113124902,83.2433854174477,10.204410811017,0,0,1,0,1,15.77,3.39300000000003,"0",0.127119013867371
"739","Tunisia","Ferjani Sassi","Right Center Midfield","Mathew Ryan",2,60,25,1.165965,FALSE,"From Throw In","Normal","Right Foot","Off T",91.2,52.7,117.2,41.1,31.4758637689262,3.00832179129826,113.796146856244,111.447736327105,2.34841052913897,25.0555261697542,28.4703354388388,0.100804607762965,4,7,1,1,25.5829999999996,1.16600000000017,"0",0.0119154396293294
"740","Tunisia","Youssef Msakni","Left Wing","Mathew Ryan",2,65,18,0.273131,FALSE,"Regular Play","Normal","Right Foot","Blocked",101.8,31.8,116.6,38.3,19.9619638312467,3.80131556174965,65.7460802756834,63.434948822922,2.3111314527614,16.8933910761639,16.1644672043343,0.219053977169162,3,6,1,1,16.1049999999996,13.2799999999997,"0",0.0684555363852839
"741","Tunisia","Youssef Msakni","Left Wing","Mathew Ryan",2,71,22,0.500791,FALSE,"Regular Play","Normal","Left Foot","Saved",108.1,25,116.5,36.6,19.147062437878,4.87954915950234,38.4261399757142,45.830315486258,7.40417551054385,29.1976121398895,14.3220110319745,0.600841768126109,0,1,1,1,35.299,27.8820000000005,"0",0.12110608612396
"742","Tunisia","Youssef Msakni","Left Wing","Mathew Ryan",2,71,50,0.945685,FALSE,"Regular Play","Normal","Right Foot","Saved",95.6,42.2,116.8,40,24.4989795705862,3.2,95.1520817022062,90,5.15208170220616,22.3321566804574,21.3138452654607,0.117851130197758,4,8,1,1,63.1810000000005,0,"0",0.0298421306866801
"743","Australia","Aaron Mooy","Left Defensive Midfield","Aymen Dahmen",2,73,15,0.980509,FALSE,"From Throw In","Half Volley","Right Foot","Off T",95.6,44.1,117.9,40.2,24.7420694364881,2.10950231097289,99.5384627339861,95.4403320310055,4.0981307029806,24.8883778407658,22.6384628453436,0.251252121454671,5,7,2,1,4.65700000000015,0.979999999999563,"0",0.0209835508156945
"744","Tunisia","Youssef Msakni","Left Wing","Mathew Ryan",2,74,6,1.764605,TRUE,"From Throw In","Normal","Head","Off T",110.1,38,118.2,40.6,10.1,1.89736659610103,78.5788137250007,108.434948822922,29.8561350979214,5.83039429111879,8.50705589496155,0.877058019307023,0,2,1,1,8.79899999999998,43.7290000000003,"0",0.0820832121079879
"745","Tunisia","Montassar Omar Talbi","Left Center Back","Mathew Ryan",2,83,13,1.20112,FALSE,"From Throw In","Volley","Right Foot","Saved",89.6,34.9,118.4,40,30.8248276556415,1.59999999999999,80.4765623170057,90,9.52343768299427,24.1867271936081,29.2480768598553,0.189163782665997,8,10,2,1,3.65800000000036,1.20100000000002,"0",0.0117423605123832
"746","Tunisia","Taha Yassine Khenissi","Center Forward","Mathew Ryan",2,85,32,0.068568,FALSE,"From Counter","Normal","Right Foot","Blocked",98.4,54.6,117,42.9,26.0714403131089,4.17252920900501,124.055780300932,134.028978068921,9.97319776798835,13.7585770797698,21.973848092676,0.877058019307033,0,1,1,1,9.84000000000015,0.149000000000342,"0",0.0238451999136922
"747","Tunisia","Naïm Sliti","Right Wing","Mathew Ryan",2,86,36,0.3057,FALSE,"Regular Play","Normal","Left Foot","Blocked",109.8,47.4,116.3,43.8,12.6015872016187,5.30377224247045,125.960517196645,135.76389846093,9.80338126428506,8.33990761137191,7.43034319530397,0.370116605098802,1,3,1,1,20.4120000000003,2.07499999999982,"0",0.146903448835657
"748","Tunisia","Wahbi Khazri","Center Attacking Midfield","Mathew Ryan",2,87,48,0.576221,FALSE,"Regular Play","Normal","Left Foot","Saved",109.9,49.4,116.7,43.8,13.7974635350125,5.03289181286464,132.944111214995,139.028263666485,6.08415245148981,15.3985931279027,8.8090862182181,0.371390676354104,2,4,1,1,6.52300000000014,0,"0",0.146152568367824
"749","Tunisia","Wahbi Khazri","Center Attacking Midfield","Mathew Ryan",2,91,46,0.149533,FALSE,"Regular Play","Normal","Right Foot","Blocked",108.4,24.1,118.4,36.7,19.6817174047388,3.66742416417844,36.1129852444572,25.8663567940945,10.2466284503628,9.09596577928311,16.0860187740783,0.565233418944225,5,8,1,1,47.9279999999999,0.189000000000306,"0",0.119248139433285
"750","Mexico","César Jasib Montes Castro","Center Back","Damián Emiliano Martínez",1,9,14,1.436874,TRUE,"From Free Kick","Volley","Left Foot","Off T",107.6,38.6,117.2,39.8,12.4787819918452,2.80713376952364,83.558399900665,85.9143832200251,2.35598331936012,11.3532465974917,9.67470929795827,0,2,3,0,1,1.42599999999993,1.43700000000001,"0",0.140479817967155
"751","Argentina","Lautaro Javier Martínez","Left Center Forward","Francisco Guillermo Ochoa Magaña",1,39,59,0.697638,TRUE,"From Corner","Normal","Head","Off T",112.7,39.5,118.9,40,7.31710325197068,1.09999999999999,86.0817511359326,90,3.91824886406738,15.952100500183,6.2201286160336,1.00000000000001,2,1,1,1,4.14000000000033,52.719,"0",0.0658308363149166
"752","Mexico","Ernesto Alexis Vega Rojas","Left Center Forward","Damián Emiliano Martínez",1,49,14,1.13492,FALSE,"From Throw In","Half Volley","Right Foot","Off T",92.8,23,116.8,37.4,32.0755358489925,4.12310562561766,57.9946167919165,50.9061411137705,7.088475678146,30.7692386058028,27.9885690952574,0,1,5,0,1,4.20900000000029,1.13499999999976,"0",0.0273816448614109
"753","Mexico","Hirving Rodrigo Lozano Bahena","Left Center Forward","Damián Emiliano Martínez",2,47,14,0.090971,FALSE,"From Free Kick","Normal","Right Foot","Blocked",93.5,36.8,116.3,40.7,26.6925083122587,3.76563407675255,83.1146021498277,100.713123022791,17.5985208729634,16.5253722377163,23.1311478314415,0,0,4,0,1,28.6970000000001,10.076,"0",0.0279808582595355
"754","Argentina","Lionel Andrés Messi Cuccittini","Right Center Forward","Francisco Guillermo Ochoa Magaña",2,63,32,1.125274,FALSE,"From Goal Kick","Normal","Left Foot","Goal",94.9,37.4,117.1,39.4,25.2343020509781,2.96141857899218,84.0860709591994,78.3106308245608,5.77544013463864,22.9975655321993,22.2899080303172,0.152640627718166,5,7,1,1,23.5100000000002,117.915999999999,"1",0.0394301651941993
"755","Argentina","Nahuel Molina Lucero","Right Wing Back","Francisco Guillermo Ochoa Magaña",2,69,39,0.846495,FALSE,"From Throw In","Half Volley","Right Foot","Off T",101.5,49.2,117.8,41.9,20.6613165117811,2.90688837074973,116.44103453198,130.815083874882,14.3740493429011,22.8002044496645,17.8600111982048,0.0954113342993911,3,7,1,1,11.2889999999998,0.847000000000662,"0",0.0494037057693875
"756","Argentina","Enzo Fernandez","Center Defensive Midfield","Francisco Guillermo Ochoa Magaña",2,86,39,1.172862,FALSE,"From Corner","Normal","Right Foot","Goal",106.5,22.8,117.9,36.7,21.8652692642922,3.91152144312158,38.127791306366,32.4711922908484,5.65659901551761,20.785982835619,17.9769296599837,0,3,6,0,1,5.07300000000032,1.17299999999977,"1",0.0877176121068795
"757","Cameroon","Bryan Mbeumo","Right Wing","Yann Sommer",1,9,36,0.487493,FALSE,"Regular Play","Normal","Left Foot","Saved",109.4,22.7,118.7,35.8,20.289159667172,4.39658958739612,31.4964999062501,17.1985412200658,14.2979586861843,33.1228058022525,16.0654909666652,0,0,0,0,1,30.427,3.14700000000005,"0",0.209738292590325
"758","Cameroon","Karl Brillant Toko Ekambi","Left Wing","Yann Sommer",1,9,38,0.794515,FALSE,"Regular Play","Half Volley","Right Foot","Off T",108.7,32.1,118.1,37.2,13.7876756561793,3.38378486313773,55.0420236355295,34.1596945456695,20.88232908986,17.4990239745652,10.6943910532578,0.0807055450770746,1,3,1,1,32.78,0.794000000000096,"0",0.155956456606455
"759","Switzerland","Granit Xhaka","Left Defensive Midfield","André Onana",1,11,18,1.130503,FALSE,"Regular Play","Normal","Left Foot","Off T",88.1,28.2,118.4,40.4,34.0124977030503,1.64924225024706,69.700265917739,104.036243467926,34.3359775501875,32.4870374424116,32.6638944401919,0.0736070553093952,4,7,1,1,5.00599999999997,1.13099999999997,"0",0.0150870195743235
"760","Cameroon","Ngoran Suiru Fai Collins","Right Back","Yann Sommer",1,25,42,1.029769,FALSE,"Regular Play","Normal","Right Foot","Off T",98.8,59.8,118,42.9,29.0082746815456,3.52278299076171,133.044318602477,145.40771131249,12.363392710013,24.7247238098525,25.5783111248573,0.0738153133498351,3,7,1,1,22.201,1.02999999999997,"0",0.03643179074576
"761","Cameroon","Martin Hongla Yma II","Left Center Midfield","Yann Sommer",1,29,7,0.832042,TRUE,"Regular Play","Normal","Right Foot","Saved",110.6,53.8,117.2,43,16.6973051717934,4.10365690573664,145.738897100905,136.974934010882,8.76396309002342,14.9698222737066,12.6570138658374,0,0,0,0,1,26.827,39.0650000000001,"0",0.186510946588383
"762","Switzerland","Nico Elvedi","Left Center Back","André Onana",1,39,41,0.860243,TRUE,"From Corner","Normal","Head","Off T",113.3,38.7,119.1,38.9,6.82495421230062,1.42126704035519,79.0193499898265,39.2894068625005,39.729943127326,9.58097396309255,5.80344725141876,0.157309726061003,5,6,1,1,1.59999999999991,0.860000000000127,"0",0.125276563464126
"763","Cameroon","Jean-Eric Maxim Choupo-Moting","Center Forward","Yann Sommer",1,40,49,0.147891,FALSE,"From Goal Kick","Normal","Right Foot","Blocked",105.2,53.5,117.6,43.8,20.0322240402807,4.49444101084885,132.369887336642,147.724355685422,15.3544683487798,21.2322838686703,15.7432525229064,0.304855380424847,2,4,1,1,34.114,0.153999999999996,"0",0.109954216297618
"764","Switzerland","Manuel Obafemi Akanji","Right Center Back","André Onana",1,45,50,0.892749,FALSE,"From Corner","Normal","Head","Off T",114.7,38.7,119.2,40.2,5.4571054598569,0.82462112512353,76.2184027643464,104.036243467927,27.8178407035803,10.1048406764669,4.74341649025257,1.13311431674641,3,5,3,1,1.64300000000003,0.893000000000029,"0",0.0740463787410878
"765","Switzerland","Breel-Donald Embolo","Center Forward","André Onana",2,47,33,0.327412,TRUE,"From Throw In","Normal","Right Foot","Goal",111.9,39.5,118.9,41.8,8.11541742610939,2.10950231097289,86.4677054161092,148.570434385162,62.1027289690524,25.4824525473912,7.36817480791546,0,2,2,0,1,29.5189999999998,0.327000000000226,"1",0.198999153480318
"766","Cameroon","Nicolas Alexis Julio N'Koulou Ndoubena","Left Center Back","Yann Sommer",2,49,37,0.034098,FALSE,"From Free Kick","Normal","Head","Saved",116.1,35.1,116.7,35.9,6.26258732474047,5.26307894677631,38.5169263071028,38.8298249049704,0.312898597867544,23.644371365765,1,0,2,3,0,1,3.45100000000002,1.85699999999997,"0",0.327282423567622
"767","Cameroon","Jean-Eric Maxim Choupo-Moting","Center Forward","Yann Sommer",2,56,31,0.111898,FALSE,"Regular Play","Normal","Right Foot","Saved",119.2,47.9,119.4,45.1,7.94040301244212,5.13517283058711,174.217607677636,173.290163192243,0.927444485392869,24.2776058682123,2.80713376952364,0,0,1,0,1,32.4339999999997,0.11200000000008,"0",0.501427397227885
"768","Cameroon","André-Frank Zambo Anguissa","Right Center Midfield","Yann Sommer",2,65,26,0.743338,TRUE,"From Free Kick","Normal","Head","Saved",107.5,44.3,118.5,41.1,13.2189258262538,1.86010752377383,108.983217059226,126.253837737445,17.2706206782186,15.7185255364085,11.4560027932957,0,3,3,0,1,1.81899999999996,0,"0",0.134451260843477
"769","Switzerland","Ruben Vargas","Left Wing","André Onana",2,65,50,0.403979,FALSE,"From Keeper","Normal","Right Foot","Saved",107.5,41.8,119.2,42.3,12.6289350303183,2.43515913237718,98.1942633346302,160.820991974189,62.6267286395591,29.9356813657339,11.7106788872379,0,2,4,0,1,13.5349999999999,0.404000000000451,"0",0.150356036264948
"770","Switzerland","Granit Xhaka","Left Defensive Midfield","André Onana",2,88,2,0.779647,FALSE,"Regular Play","Normal","Left Foot","Saved",96.2,37.3,118.9,41.5,23.952661647508,1.86010752377382,83.527729697097,143.746162262555,60.2184325654584,30.1131780733161,23.0852766931653,0.169103339341979,2,5,1,1,5.97900000000027,0,"0",0.0340484588767296
"771","Switzerland","Haris Seferović","Center Forward","André Onana",2,94,52,0.190854,FALSE,"From Throw In","Normal","Left Foot","Blocked",108,45.8,117.5,41.2,13.3281656652369,2.77308492477241,115.7960264945,115.641005824305,0.155020670194631,31.8281881406467,10.555093557141,0.163670724568874,0,1,1,1,14.3509999999997,0.805000000000291,"0",0.111208083083206
"772","Spain","Daniel Olmo Carvajal","Left Wing","Keylor Navas Gamboa",1,4,25,0.553929,FALSE,"Regular Play","Volley","Right Foot","Off T",112.4,45.9,118,42.9,9.62133046932699,3.52278299076171,127.822754149145,145.40771131249,17.5849571633451,29.5543489589943,6.35295206970743,0,0,0,0,1,38.818,0.553999999999974,"0",0.25246966919374
"773","Spain","Marco Asensio Willemsen","Center Forward","Keylor Navas Gamboa",1,8,9,1.83967,FALSE,"From Throw In","Normal","Left Foot","Off T",102.5,40.7,118.5,40.2,17.5139944044755,1.51327459504216,92.2906100426386,97.5946433685915,5.30403332595293,9.78270243307518,16.0078105935821,0,2,4,0,1,15.08,1.83999999999997,"0",0.0614689834899971
"774","Spain","Daniel Olmo Carvajal","Left Wing","Keylor Navas Gamboa",1,10,52,1.017586,FALSE,"From Throw In","Lob","Right Foot","Goal",112.3,39.3,114.7,39.4,7.73175271203108,5.33385414123783,84.8055710922652,83.5411836212812,1.26438747098396,7.72856259462365,2.40208242989287,0,1,0,0,1,74.398,1.01699999999994,"1",0.210684892380287
"775","Spain","Marco Asensio Willemsen","Center Forward","Keylor Navas Gamboa",1,20,32,0.568311,FALSE,"Regular Play","Half Volley","Left Foot","Goal",105.8,33.4,118.4,38.8,15.6588633048507,2,65.0715258645387,53.1301023541558,11.9414235103829,28.6787800790473,13.708391590555,0,3,4,0,1,79.384,0.567999999999984,"1",0.118558666042297
"776","Spain","Marco Asensio Willemsen","Center Forward","Keylor Navas Gamboa",1,42,20,0.117301,FALSE,"From Free Kick","Normal","Left Foot","Blocked",91.7,29.8,118,38.7,30.0820544511175,2.38537208837531,70.1796189125252,56.9761324442034,13.2034864683218,22.9544710067881,27.765085989422,0.300828418798094,4,7,1,1,76.8120000000004,76.9469999999997,"0",0.0185129791225155
"777","Spain","Marco Asensio Willemsen","Center Forward","Keylor Navas Gamboa",1,49,16,0.361703,FALSE,"Regular Play","Normal","Left Foot","Off T",110.5,30.5,117.5,37,13.4350288425444,3.90512483795333,45,39.8055710922652,5.1944289077348,26.4401240045125,9.5524865872714,0.830454798537396,0,1,1,1,31.259,0.36200000000008,"0",0.11712940793465
"778","Spain","Marco Asensio Willemsen","Center Forward","Keylor Navas Gamboa",2,47,37,0.412319,FALSE,"From Throw In","Normal","Left Foot","Off T",100.5,45.7,116.9,40.9,20.3160035440044,3.22800247831379,106.294047456599,106.189206257027,0.104841199571993,48.5364392525921,17.0880074906351,0.454076609186499,3,5,1,1,56.6779999999999,0.412000000000262,"0",0.0359726257996737
"779","Spain","Ferrán Torres García","Right Wing","Keylor Navas Gamboa",2,53,41,0.88963,FALSE,"From Corner","Normal","Left Foot","Goal",114.7,49.4,117.4,46.6,10.7912001186152,7.09365914038728,150.584401166904,158.498565675952,7.91416450904768,13.3214485581072,3.88973006775534,0,0,1,0,1,98.0740000000001,0.889999999999873,"1",0.211938043406384
"780","Spain","Daniel Olmo Carvajal","Left Wing","Keylor Navas Gamboa",2,61,13,0.860276,FALSE,"From Free Kick","Normal","Right Foot","Off T",92,25.7,118.1,38.3,31.4402608131676,2.5495097567964,62.9459497757343,48.1798301198643,14.76611965587,37.8971327853625,28.9822359385883,0.137490333050799,1,5,1,1,8.62300000000005,0.860999999999876,"0",0.0243029895240401
"781","Spain","Álvaro Borja Morata Martín","Center Forward","Keylor Navas Gamboa",2,62,42,0.397914,FALSE,"From Free Kick","Normal","Right Foot","Off T",112,54,118.4,43.9,16.1245154965971,4.2154477816716,150.255118703058,157.693794945092,7.43867624203463,28.790147602989,11.9570063142912,0,0,0,0,1,45.8520000000003,42.1639999999998,"0",0.226310625683669
"782","Spain","Daniel Olmo Carvajal","Left Wing","Keylor Navas Gamboa",2,69,3,1.061923,FALSE,"From Free Kick","Normal","Head","Saved",110.3,29.3,119,37.4,14.4422989859648,2.78567765543683,42.1936297482118,21.0375110254218,21.15611872279,11.3959795387073,11.8869676536954,0,1,2,0,1,26.5100000000002,1.0619999999999,"0",0.191882521797333
"783","Spain","Pablo Martín Páez Gavira","Right Center Midfield","Keylor Navas Gamboa",2,73,59,0.969609,FALSE,"From Free Kick","Volley","Right Foot","Goal",103,45.8,118.6,39.7,17.9621824954542,1.43178210632764,108.838433557981,77.9052429229881,30.9331906349927,17.73671063425,16.7502238791008,0.212419553042876,4,5,2,1,28.1539999999995,0.970000000000255,"1",0.0619416474450254
"784","Spain","Carlos Soler Barragán","Left Center Midfield","Keylor Navas Gamboa",2,89,11,0.404186,FALSE,"Regular Play","Normal","Right Foot","Goal",109.7,40.1,113.4,40.2,10.3004854254545,6.60302960768766,90.5562522270812,91.7357045889281,1.17945236184691,26.3443179820376,3.70135110466435,0.103076352194092,2,4,1,1,26.2759999999998,0.404000000000451,"1",0.188126592247696
"785","Spain","Álvaro Borja Morata Martín","Center Forward","Keylor Navas Gamboa",2,91,57,0.729166,FALSE,"From Keeper","Normal","Left Foot","Goal",104,36.4,118.5,38.4,16.4,2.19317121994613,77.3196165081801,43.1523897340054,34.1672267741748,21.9445914252388,14.6372811683044,0,2,3,0,1,66.1190000000006,0.72899999999936,"1",0.0944506105818108
"786","Spain","Carlos Soler Barragán","Left Center Midfield","Keylor Navas Gamboa",2,95,14,0.84514,FALSE,"Regular Play","Normal","Right Foot","Off T",102.5,42.5,118.1,39.7,17.6776695296637,1.92353840616714,98.130102354156,81.0273733851037,17.1027289690523,21.2406501538399,15.8492902049272,0,4,6,0,1,66.3460000000005,0.845000000000255,"0",0.0732933735099024
"787","Germany","Jamal Musiala","Center Attacking Midfield","Keylor Navas Gamboa",1,1,49,0.687186,FALSE,"Regular Play","Normal","Right Foot","Saved",99.6,29.7,117.1,38.8,22.8527897640529,3.13847096529505,63.2107003416983,67.5205656028969,4.30986526119857,28.9338071964397,19.7246039250475,0,4,7,0,1,37.272,0.686999999999998,"0",0.0647137281267533
"788","Germany","Leon Goretzka","Right Defensive Midfield","Keylor Navas Gamboa",1,6,57,1.915868,FALSE,"From Throw In","Normal","Right Foot","Wayward",109.5,48,118.8,41.5,13.2003787824441,1.92093727122986,127.303948277983,141.34019174591,14.0362434679264,6.80548180271568,11.3463650567043,0.398522950098461,1,8,2,1,48.339,4.34800000000001,"0",0.105152547382567
"789","Germany","Thomas Müller","Center Forward","Keylor Navas Gamboa",1,8,2,0.749551,FALSE,"From Free Kick","Diving Header","Head","Off T",108.2,42.4,117.5,40.9,12.0415945787923,2.65706605111728,101.496563017586,109.798876354525,8.30231333693915,16.5803146642948,9.42019108086455,0,0,0,0,1,22.004,0.75,"0",0.149891058059679
"790","Germany","Serge Gnabry","Left Wing","Keylor Navas Gamboa",1,9,31,0.983048,FALSE,"Regular Play","Normal","Head","Goal",111.9,33.1,118.4,37.3,10.6404887105809,3.13847096529504,49.5739212599008,30.6506679570528,18.9232533028481,13.5705883326315,7.73886296557834,0,0,3,0,1,10.4309999999999,0.983000000000061,"1",0.21873491743994
"791","Germany","Leon Goretzka","Right Defensive Midfield","Keylor Navas Gamboa",1,13,56,0.580574,FALSE,"Regular Play","Normal","Head","Saved",113.1,35.8,119,38,8.07774721070176,2.23606797749979,58.6713071321958,26.565051177078,32.1062559551178,10.7082170695688,6.29682459657247,0,0,0,0,1,44.376,1.06899999999996,"0",0.232737413340899
"792","Germany","Thomas Müller","Center Forward","Keylor Navas Gamboa",1,20,33,0.809318,TRUE,"From Corner","Normal","Head","Wayward",111.6,41.1,119.7,40,8.4717176534632,0.299999999999997,97.4605661261684,90,7.46056612616842,6.99511433316357,8.17435012707433,1.88973160928272,3,6,3,1,1.77400000000011,11.731,"0",0.0275935351591631
"793","Germany","Serge Gnabry","Left Wing","Keylor Navas Gamboa",1,29,32,0.147628,FALSE,"From Goal Kick","Normal","Right Foot","Blocked",105.2,30.9,116.9,36.9,17.3738308959193,4.38406204335659,58.4141024961333,45,13.4141024961333,10.7102909345394,13.1487642004867,0.542326144546642,2,6,1,1,56.277,0.567999999999984,"0",0.109109645606395
"794","Germany","Joshua Kimmich","Right Back","Keylor Navas Gamboa",1,34,3,0.984352,FALSE,"Regular Play","Normal","Right Foot","Saved",92.4,55.8,116.9,41.6,31.8025156237679,3.48855270850248,119.789573783598,117.299572211333,2.490001572265,28.5783150296109,28.3176623328975,0,6,8,0,1,10.202,0,"0",0.0176910243656815
"795","Germany","Jamal Musiala","Center Attacking Midfield","Keylor Navas Gamboa",1,35,30,0.935532,FALSE,"Regular Play","Normal","Right Foot","Off T",105.7,33.6,116.4,37.6,15.6668439706279,4.32666153055678,65.8889804974491,56.3099324740202,9.57904802342889,22.3074737414742,11.4232219623012,0,1,3,0,1,28.5160000000001,0.936000000000149,"0",0.124777869148783
"796","Germany","Serge Gnabry","Left Wing","Keylor Navas Gamboa",1,38,59,1.011256,FALSE,"From Throw In","Normal","Right Foot","Off T",106.4,28.9,117.6,36.7,17.5547714311523,4.08044115262063,50.7794858251559,36.0273733851037,14.7521124400522,20.8407574749929,13.6484431346582,0.778562624153858,2,7,2,1,5.59999999999991,1.01099999999997,"0",0.0661787819123095
"797","Costa Rica","Keysher Fuller Spence","Right Wing Back","Manuel Neuer",1,41,56,0.274195,FALSE,"From Free Kick","Half Volley","Right Foot","Saved",107.3,51.1,114.9,44.7,16.867127793433,6.93541635375988,131.153969909953,132.662694140876,1.50872423092363,36.4357318084138,9.93579387869938,0,0,0,0,1,30.5909999999999,0.273999999999887,"0",0.147640356703516
"798","Germany","Leroy Sané","Right Wing","Keylor Navas Gamboa",1,44,35,0.699028,TRUE,"Regular Play","Normal","Left Foot","Off T",98.5,47.8,115.7,41.9,22.8711608800253,4.70106370941726,109.94030056833,113.838740183172,3.89843961484135,31.6104735064072,18.1837839846386,0,4,5,0,1,53.0420000000004,0.698999999999614,"0",0.0472803457792157
"799","Germany","Leroy Sané","Right Wing","Keylor Navas Gamboa",1,45,12,0.124595,FALSE,"From Throw In","Normal","Left Foot","Blocked",99.5,44.5,116.8,40.1,20.9880918618154,3.20156211871643,102.380756928807,91.7899106082459,10.5908463205613,24.3705228150231,17.8507702915028,0.380529612397526,3,7,2,1,8.15599999999995,0.641000000000076,"0",0.0321771087820445
"800","Costa Rica","Keysher Fuller Spence","Right Wing","Manuel Neuer",2,51,11,0.206691,FALSE,"From Throw In","Normal","Right Foot","Blocked",108.9,54.5,118.2,43.3,18.2608871635526,3.7589892258425,142.565321068432,151.389540334035,8.82421926560249,36.3891174680538,14.5578157702315,0.127817055997835,3,4,1,1,8.14300000000003,0.541999999999916,"0",0.121474114077256
"801","Costa Rica","Yeltsin Ignacio Tejeda Valverde","Left Defensive Midfield","Manuel Neuer",2,51,29,1.192249,TRUE,"From Throw In","Half Volley","Right Foot","Saved",97.2,48.9,119.5,41.6,24.4754979520336,1.67630546142402,111.323231230098,162.645975363739,51.3227441336403,18.918064751427,23.4644411823508,0,3,5,0,1,6.88299999999981,0,"0",0.0300269758036719
"802","Germany","Serge Gnabry","Left Midfield","Keylor Navas Gamboa",2,54,46,0.124596,FALSE,"From Corner","Normal","Right Foot","Blocked",100.7,26.9,118.1,38.5,23.3259512131874,2.42074368738205,55.8330463919707,51.709836807757,4.12320958421366,38.658045455046,20.9121973976911,0.480146037470709,6,8,3,1,10.9960000000001,8.88000000000011,"0",0.028535287240534
"803","Germany","Leroy Sané","Right Midfield","Keylor Navas Gamboa",2,54,54,1.127472,FALSE,"From Corner","Normal","Left Foot","Off T",91,39.6,117.7,40.3,29.0027584894954,2.31948270094864,89.2097634975712,97.4314079711724,8.2216444736012,26.0712082600194,26.7091744537341,0.202377759062514,7,9,2,1,18.748,1.12800000000016,"0",0.00852488525421654
"804","Costa Rica","Kendall Jamaal Waston Manley","Right Center Back","Manuel Neuer",2,57,38,0.720493,FALSE,"Regular Play","Diving Header","Head","Saved",108.9,45.4,118.4,42.4,12.3438243668646,2.88444102037119,115.942295489872,146.30993247402,30.3676369841486,13.5656348581467,9.96242942258564,0,1,2,0,1,8.36400000000003,2.15599999999995,"0",0.163976146011812
"805","Costa Rica","Yeltsin Ignacio Tejeda Valverde","Left Defensive Midfield","Manuel Neuer",2,57,39,0.301874,FALSE,"Regular Play","Normal","Right Foot","Goal",114.3,38.1,117.5,39.8,6.00832755431992,2.50798724079689,71.565051177078,85.426078740099,13.861027563021,19.2304408775847,3.62353418639869,0,3,4,0,1,10.2179999999998,0.302000000000135,"1",0.275694823886147
"806","Germany","Jamal Musiala","Right Defensive Midfield","Keylor Navas Gamboa",2,60,12,0.616273,FALSE,"Regular Play","Normal","Left Foot","Post",111.2,28.5,118.3,35.7,14.4806767797641,4.62385120867876,37.4238451043109,21.5713071912546,15.8525379130563,28.9220206181024,10.1118742080783,0,1,1,0,1,10.348,2.06299999999965,"0",0.228448190634903
"807","Germany","Jamal Musiala","Right Defensive Midfield","Keylor Navas Gamboa",2,60,14,0.495131,FALSE,"From Counter","Volley","Right Foot","Off T",117.3,31.5,117.3,35.6,8.91852005660132,5.16236379965612,17.6222972286683,31.5347919051883,13.91249467652,21.5054288822309,4.1,0,1,0,0,0,11.9159999999997,0.494999999999891,"0",0.403836304499987
"808","Germany","Thomas Müller","Left Center Forward","Keylor Navas Gamboa",2,61,1,0.06298,FALSE,"Regular Play","Normal","Right Foot","Blocked",106.3,47.2,116.2,42.3,15.4767567661962,4.44184646290256,117.724056235971,121.184974658738,3.46091842276699,25.1054117193425,11.0462663375459,0.554700196225228,1,3,1,1,9.76700000000028,0.340999999999894,"0",0.082810359509061
"809","Germany","Antonio Rüdiger","Left Center Back","Keylor Navas Gamboa",2,61,42,0.405299,TRUE,"From Corner","Normal","Right Foot","Post",114.5,44.2,117.8,43.1,6.92026011071838,3.80131556174965,127.366669412769,144.637538112931,17.2708687001622,13.5791974871066,3.47850542618521,0,0,2,0,1,12.7690000000002,0.4050000000002,"0",0.194100182697357
"810","Germany","Jamal Musiala","Left Center Midfield","Keylor Navas Gamboa",2,66,28,0.885653,FALSE,"From Throw In","Normal","Right Foot","Post",100.6,27.6,117,38.4,23.0243349523933,3.4,57.4142926460856,61.927513064147,4.51322041806143,28.5376926076901,19.6367003338137,0.110940039245046,5,7,1,1,18.7049999999999,23.2330000000002,"0",0.0580818379974299
"811","Germany","Kai Havertz","Left Center Forward","Keylor Navas Gamboa",2,66,50,0.855041,FALSE,"From Throw In","Half Volley","Right Foot","Off T",107.3,35.1,118,39.4,13.6124942607885,2.08806130178211,68.9020504110109,73.3007557660063,4.39870535499546,15.6442461608608,11.5316954521007,0,1,2,0,1,41.0830000000001,0.855000000000018,"0",0.11557659165049
"812","Costa Rica","Juan Pablo Vargas Campos","Left Center Back","Manuel Neuer",2,69,6,0.178164,FALSE,"From Free Kick","Volley","Left Foot","Saved",116.1,43.1,118,42.6,4.98196748283247,3.28024389337135,128.480198248343,142.431407971173,13.9512097228296,6.82827342257497,1.96468827043886,1.17851130197757,1,1,1,1,5.24200000000019,0.987999999999374,"0",0.176393342408403
"813","Germany","Kai Havertz","Left Center Forward","Keylor Navas Gamboa",2,72,4,0.71275,FALSE,"From Kick Off","Half Volley","Right Foot","Goal",109.3,42.6,114.4,41.2,11.0113577727726,5.72712842531054,103.657642505812,102.094757077012,1.5628854288,16.3407758630243,5.28866712887095,0,0,2,0,1,64.915,0.713000000000648,"1",0.229185635938734
"814","Germany","Kai Havertz","Left Center Forward","Keylor Navas Gamboa",2,73,55,2.139059,FALSE,"From Free Kick","Normal","Left Foot","Off T",102.8,36,116.8,38.4,17.6589920437153,3.57770876399967,76.9081069356532,63.434948822922,13.4731581127312,10.6691396956621,14.2042247236518,0,2,4,0,1,16.1030000000001,2.13900000000012,"0",0.0839439521522952
"815","Germany","Niclas Füllkrug","Right Center Forward","Keylor Navas Gamboa",2,75,18,0.065998,FALSE,"From Counter","Half Volley","Right Foot","Saved",115.2,44.6,118.8,42.3,6.64830805543786,2.59422435421457,133.781124764869,152.447188423282,18.6660636584134,59.9413329035803,4.27200187265876,0,1,0,0,1,10.1049999999996,39.0730000000003,"0",0.38826686711202
"816","Costa Rica","Jewison Bennette","Right Wing","Manuel Neuer",2,79,4,1.277174,FALSE,"From Throw In","Normal","Left Foot","Off T",94.4,46.4,118.5,40.8,26.387876003953,1.7,104.036243467926,118.072486935853,14.0362434679264,22.4452823244373,24.7420694364881,0.0972525245563477,3,7,1,1,16.3640000000005,1.27700000000004,"0",0.0195388423789904
"817","Germany","Jamal Musiala","Left Center Midfield","Keylor Navas Gamboa",2,83,2,0.897148,FALSE,"From Free Kick","Normal","Right Foot","Off T",104.6,30.8,117.8,38.6,17.9387847971929,2.60768096208106,59.145795494103,57.5288077091516,1.61698778495141,21.0301614103291,15.3323188070168,0.52765974770901,4,8,3,1,39.7510000000002,0.896999999999935,"0",0.0732918231161485
"818","Germany","Kai Havertz","Left Center Forward","Keylor Navas Gamboa",2,84,2,0.682053,FALSE,"Regular Play","Half Volley","Left Foot","Goal",113.1,37.6,118.3,40,7.30547739713156,1.7,70.8209919741893,90,19.1790080258107,12.5799751451061,5.72712842531054,0,0,0,0,1,23.2929999999997,0.682000000000698,"1",0.24054682010837
"819","Germany","Kai Havertz","Left Center Forward","Keylor Navas Gamboa",2,85,21,0.35769,FALSE,"From Counter","Normal","Left Foot","Saved",110.4,27,116.9,36.6,16.1604455384126,4.60108682813093,36.4444417565871,42.3574547059352,5.91301294934815,29.5474351323556,11.5935326799039,0,2,0,0,1,6.51699999999983,1.85199999999986,"0",0.251421807146758
"820","Germany","Mario Götze","Right Center Midfield","Keylor Navas Gamboa",2,85,23,1.062768,FALSE,"From Counter","Normal","Head","Saved",107,43.6,118.3,38.9,13.4892549831338,2.02484567313166,105.478638165418,57.0947570770121,48.3838810884062,10.5724885648816,12.2384639559056,0.194229292973035,4,5,2,1,8.36899999999969,0,"0",0.12225694050534
"821","Germany","Niclas Füllkrug","Right Center Forward","Keylor Navas Gamboa",2,88,13,0.540873,FALSE,"From Throw In","Half Volley","Left Foot","Goal",114.8,42.5,117.9,40,5.76974869470067,2.09999999999999,115.676815681838,90,25.6768156818382,9.63007333929068,3.98246155034798,0,1,0,0,1,81.0479999999998,0.541000000000167,"1",0.256951782808034
"822","Germany","Niclas Füllkrug","Right Center Forward","Keylor Navas Gamboa",2,94,58,0.165898,FALSE,"Regular Play","Half Volley","Right Foot","Blocked",101.1,39.1,118,40.5,18.9214164374658,2.06155281280883,87.2736890060938,104.036243467926,16.7625544618327,14.4667205150153,16.9578890195684,0.392232270276368,4,5,1,1,53.5079999999998,16.3140000000003,"0",0.0483693089043933
"823","Germany","Niclas Füllkrug","Right Center Forward","Keylor Navas Gamboa",2,95,14,0.562518,FALSE,"Regular Play","Normal","Head","Off T",117.9,32.7,119.4,37.9,7.59605160593317,2.18403296678416,16.0490047925332,15.9453959009227,0.103608891610461,13.8456955892048,5.41202365109392,0,0,0,0,1,69.259,0.563000000000102,"0",0.340869299155127
"824","Germany","Jamal Musiala","Left Center Midfield","Keylor Navas Gamboa",2,99,26,0.114631,FALSE,"Regular Play","Normal","Left Foot","Saved",107.5,40.3,117.8,40.4,12.5035994817492,2.23606797749979,91.3748347805697,100.304846468766,8.93001168819636,84.2949579497556,10.3004854254545,0.454545454545454,3,6,1,1,38.009,0.115000000000691,"0",0.111816308993268
"825","Ghana","Jordan Ayew","Left Wing","Sergio Rochet Álvarez",1,15,0,0.776726,TRUE,"From Throw In","Normal","Right Foot","Saved",101.8,36.6,118,39.9,18.514858897653,2.00249843945008,79.4183644790562,87.1375947738882,7.71923029483203,21.2398910033399,16.5326948801458,0.903152420527665,2,5,2,1,13.26,238.113,"0",0.0303463519513959
"826","Uruguay","Darwin Gabriel Núñez Ribeiro","Left Center Forward","Lawrence Ati-Zigi",1,22,15,1.135934,FALSE,"Regular Play","Lob","Right Foot","Blocked",106.8,29,108.8,30.4,17.1825492869946,14.7512711316686,50.1944289077348,49.3987053549955,0.795723552739268,13.5794015205072,2.44131112314674,0,0,1,0,1,11.6990000000001,1.22600000000011,"0",0.198133397390344
"827","Uruguay","Luis Alberto Suárez Díaz","Right Center Forward","Lawrence Ati-Zigi",1,25,28,0.381924,FALSE,"Regular Play","Normal","Right Foot","Saved",108.6,33.4,116.3,37.5,13.1726990400601,4.46542271235322,59.9314171781376,55.9540626433984,3.9773545347392,22.1507562678013,8.72353139502576,0.150142703384551,1,4,1,1,21.3340000000001,2.07600000000002,"0",0.153729286700481
"828","Uruguay","Giorgian Daniel De Arrascaeta Benedetti","Left Midfield","Lawrence Ati-Zigi",1,25,30,0.152502,FALSE,"Regular Play","Normal","Head","Goal",118,42.7,118.3,40.9,3.36005952328229,1.92353840616714,143.471144633015,117.897271030948,25.5738736020673,13.2613004525558,1.82482875908947,0,0,0,0,1,23.2570000000001,0.15300000000002,"1",0.420232865321973
"829","Uruguay","Giorgian Daniel De Arrascaeta Benedetti","Left Midfield","Lawrence Ati-Zigi",1,31,2,0.478135,TRUE,"From Free Kick","Volley","Right Foot","Goal",110.8,31.2,116.7,36.7,12.7310643702716,4.66690475583121,46.2730300200567,45,1.27303002005673,25.9146942509611,8.06597793203032,0,0,1,0,1,18.2630000000001,0.477999999999838,"1",0.215913469607639
"830","Ghana","Mohammed Kudus","Right Wing","Sergio Rochet Álvarez",1,36,13,0.386439,FALSE,"From Throw In","Normal","Left Foot","Blocked",94.7,45.8,117.4,40.8,25.9563094449115,2.72029410174708,102.911891207598,107.102728969052,4.19083776145449,14.5742306965174,23.2441390462198,0.180627869959758,2,5,1,1,40.3420000000001,0.712999999999738,"0",0.0194194816606206
"831","Uruguay","José María Giménez de Vargas","Right Center Back","Lawrence Ati-Zigi",1,49,25,1.194235,TRUE,"From Free Kick","Normal","Head","Off T",106.5,42.5,119,40.7,13.729530217746,1.22065556157337,100.491477012332,124.992020198559,24.5005431862271,11.3154670190258,12.6289350303183,0,2,3,0,1,1.54399999999987,1.19399999999996,"0",0.118023622077041
"832","Ghana","Osman Bukari","Right Wing","Sergio Rochet Álvarez",2,45,56,1.221194,FALSE,"From Throw In","Half Volley","Right Foot","Off T",104.7,50.8,117.6,42.6,18.7277868420163,3.53836120259083,125.217592968193,137.290610042638,12.0730170744458,19.0965495729718,15.285614151875,0,2,4,0,1,15.7159999999999,11.3520000000003,"0",0.0795759281460498
"833","Uruguay","Facundo Pellistri Rebollo","Right Midfield","Lawrence Ati-Zigi",2,64,30,0.561195,FALSE,"From Throw In","Normal","Right Foot","Off T",107.5,33.2,116.8,37.7,14.2298981022353,3.94081209904761,61.4538092689567,54.2933085993972,7.16050066955948,22.5860397591773,10.3315052146335,0.444994159489984,2,4,1,1,23.8320000000003,56.5359999999991,"0",0.0921081251055305
"834","Uruguay","Federico Santiago Valverde Dipetta","Right Defensive Midfield","Lawrence Ati-Zigi",2,69,30,0.935989,FALSE,"From Throw In","Volley","Right Foot","Saved",92.5,22.5,118.9,38.1,32.5960120260132,2.19544984001001,57.5288077091515,30.0685828218623,27.4602248872892,32.0861846966292,30.6646376140335,0.0539281454735689,5,9,1,1,22.4700000000003,2.1880000000001,"0",0.0235045656895598
"835","Uruguay","Federico Santiago Valverde Dipetta","Right Defensive Midfield","Lawrence Ati-Zigi",2,69,56,1.567594,FALSE,"From Throw In","Normal","Right Foot","Off T",93,21.1,118.2,39.1,32.957700162481,2.01246117974981,55.0079798014413,63.434948822922,8.42696902148067,19.3723060277965,30.9683709613535,0,6,9,0,1,3.85699999999997,1.56800000000021,"0",0.026820075035256
"836","Ghana","Mohammed Kudus","Center Attacking Midfield","Sergio Rochet Álvarez",2,70,46,0.88034,FALSE,"From Goal Kick","Normal","Right Foot","Off T",95.7,47.2,115.5,41.9,25.3442301125917,4.88466989672792,106.504361381755,112.890551656248,6.3861902744933,27.7372729787918,20.497072961767,0.156767544200708,2,6,1,1,36.5209999999997,0.881000000000313,"0",0.0410010659116035
"837","Uruguay","Federico Santiago Valverde Dipetta","Right Defensive Midfield","Lawrence Ati-Zigi",2,76,52,3.088424,FALSE,"Regular Play","Normal","Right Foot","Off T",59,4,111.9,37.9,70.8307842678591,8.36779540858881,59.452428251093,75.4655449194598,16.0131166683668,22.7392625655112,62.8300883335365,0,3,6,0,1,13.2489999999998,3.08800000000065,"0",0.000804320868261716
"838","Ghana","Antoine Semenyo","Center Forward","Sergio Rochet Álvarez",2,78,51,0.824843,FALSE,"From Goal Kick","Normal","Left Foot","Off T",109.6,28,117,35.9,15.8795465930234,5.08035431835222,40.9143832200251,36.1932073055647,4.72117591446046,24.888672667372,10.8245092267502,0,0,0,0,1,110.427,49.4319999999998,"0",0.262369734859217
"839","Ghana","Mohammed Kudus","Center Attacking Midfield","Sergio Rochet Álvarez",2,80,50,0.693512,FALSE,"Regular Play","Normal","Left Foot","Saved",96.8,42.8,115.8,40.4,23.3683546703657,4.2190046219458,96.881723630637,95.4403320310055,1.44139159963143,27.8864629402101,19.1509790872425,0,4,4,0,1,46.9780000000001,0.693000000000211,"0",0.039689485812966
"840","Ghana","Mohammed Kudus","Center Attacking Midfield","Sergio Rochet Álvarez",2,94,0,0.149142,FALSE,"Regular Play","Half Volley","Left Foot","Blocked",108,43.6,117.5,41.3,12.5283678106927,2.81780056072107,106.699244233994,117.474431626277,10.7751873922834,31.1981604756053,9.77445650662992,0.220272866818363,2,4,1,1,40.9549999999999,5.96900000000005,"0",0.129067513757462
"841","Uruguay","Maximiliano Gómez González","Left Center Forward","Lawrence Ati-Zigi",2,94,18,0.797817,FALSE,"Regular Play","Normal","Right Foot","Saved",93,49.4,116.8,41.1,28.5895085652062,3.38378486313773,109.195467600053,108.970407808487,0.225059791566338,32.0606186659643,25.2057533114962,0.116460294244992,5,4,1,1,11.6859999999997,0.798000000000684,"0",0.0196254231063844
"842","Ghana","Kamaldeen Sulemana","Left Wing","Sergio Rochet Álvarez",2,95,18,0.572386,FALSE,"From Throw In","Normal","Right Foot","Saved",99.5,50.6,114.7,42.9,23.0783448279984,6.04152298679728,117.342271827956,118.686147573739,1.34387574578325,30.1034378917205,17.0390727447241,0,3,3,0,1,12.3850000000002,15.3709999999992,"0",0.044816784616208
"843","Uruguay","Sebastián Coates Nión","Left Center Back","Lawrence Ati-Zigi",2,96,3,0.554422,FALSE,"Regular Play","Normal","Right Foot","Off T",108.8,43,117.7,41.6,11.5948264325086,2.80178514522438,104.995079129176,124.824489156957,19.8294100277809,20.8229394788256,9.00943949421939,1,0,1,1,1,11.3590000000004,74.8890000000001,"0",0.0799103300855478
"844","Netherlands","Memphis Depay","Left Center Forward","Meshaal Aissa Barsham",1,0,33,0.670725,FALSE,"From Kick Off","Half Volley","Right Foot","Off T",114.9,52.7,118.5,44.8,13.6857590216984,5.02891638427206,158.120848662425,162.645975363739,4.52512670131392,9.13852498160763,8.68158971617526,0,0,0,0,1,33.023,0.670999999999999,"0",0.373813235822324
"845","Netherlands","Daley Blind","Left Wing Back","Meshaal Aissa Barsham",1,3,20,0.241851,FALSE,"Regular Play","Normal","Right Foot","Saved",114.1,29,116.7,33.7,12.4823875921236,7.11196175467781,28.2074908790153,27.6459753637387,0.56151551527665,18.8620179002064,5.37121960079832,0,0,0,0,1,10.868,2.28100000000001,"0",0.307059697610491
"846","Netherlands","Daley Blind","Left Wing Back","Meshaal Aissa Barsham",1,3,22,0.809347,TRUE,"Regular Play","Volley","Right Foot","Off T",115.2,28.6,117.6,35.1,12.369316876853,5.4561891462815,22.8336541779175,26.0954241573884,3.26176997947087,8.21440995696267,6.928924880528,0,1,3,0,1,12.34,0.808999999999997,"0",0.318207691187991
"847","Netherlands","Cody Mathès Gakpo","Right Center Forward","Meshaal Aissa Barsham",1,6,50,0.144407,TRUE,"Regular Play","Normal","Right Foot","Blocked",93.2,29.5,117.4,37.9,28.7835022191532,3.34215499341368,68.6051988970184,51.0724564072076,17.5327424898108,5.91661328420195,25.6164009962368,0.114467136623908,3,6,1,1,5.17500000000001,0.30400000000003,"0",0.025965507872388
"848","Netherlands","Frenkie de Jong","Left Defensive Midfield","Meshaal Aissa Barsham",1,13,57,0.318812,FALSE,"From Throw In","Normal","Right Foot","Blocked",96.9,32.3,117.1,38.5,24.3495379832965,3.26496554346291,71.565051177078,62.6501242199302,8.91492695714778,16.6685447920234,21.1300733552915,0.297482058654365,4,8,1,1,41.616,2.27099999999996,"0",0.0288774830095715
"849","Netherlands","Memphis Depay","Left Center Forward","Meshaal Aissa Barsham",1,13,59,0.838866,FALSE,"From Throw In","Half Volley","Right Foot","Off T",107.4,31.3,117,37.9,15.3117601862098,3.66196668472011,55.375844920051,55.0079798014413,0.367865118609728,17.4191391307864,11.6498927033686,0,2,2,0,1,43.048,0.838999999999942,"0",0.126447216716941
"850","Netherlands","Davy Klaassen","Center Attacking Midfield","Meshaal Aissa Barsham",1,18,14,0.819264,TRUE,"From Corner","Normal","Head","Off T",113,44.5,119.2,42.5,8.32165848854662,2.62488094968134,122.735226272108,162.255328374943,39.5201021028355,16.6419472903725,6.51459898996093,1.26942839436737,1,3,2,1,1.42100000000005,0.81899999999996,"0",0.0631305747433988
"851","Qatar","Abdelkarim Hassan Al Haj Fadlalla","Left Center Back","Andries Noppert",1,24,6,0.632653,FALSE,"From Corner","Volley","Right Foot","Off T",109.2,45.5,118.8,41.8,12.1198184804889,2.16333076527839,116.987890581749,146.30993247402,29.3220418922716,17.0775541461456,10.2883429180797,1.21454405122416,4,6,3,1,1.23199999999997,0.632000000000062,"0",0.0381307296931983
"852","Netherlands","Memphis Depay","Left Center Forward","Meshaal Aissa Barsham",1,25,15,0.112854,TRUE,"Regular Play","Normal","Right Foot","Blocked",113.6,30.5,117.1,35.3,11.4546933612384,5.52268050859364,33.9675267591023,31.6754687381093,2.29205802099309,10.1031015745932,5.94053869611166,0.61429511683395,0,1,1,1,19.7549999999999,2.90700000000015,"0",0.187707257218974
"853","Netherlands","Cody Mathès Gakpo","Right Center Forward","Meshaal Aissa Barsham",1,25,55,0.758799,TRUE,"From Goal Kick","Normal","Right Foot","Goal",103.3,39.8,114.5,40.6,16.7011975618517,5.53263047744922,89.3138558021647,96.2258290644258,6.91197326226104,22.5421620718719,11.2285350780946,0,1,2,0,1,15.0350000000001,0.759000000000015,"1",0.129150217823591
"854","Qatar","Ismaeel Mohammad Mohammad","Right Wing Back","Andries Noppert",1,28,31,1.099915,TRUE,"From Throw In","Normal","Right Foot","Saved",93.9,39.3,116.5,39.9,26.109385285755,3.50142828000232,88.4636998711162,88.3634229583833,0.100276912732866,20.4383392706105,22.6079631988377,0.161206470054791,1,4,1,1,43.9419999999998,0,"0",0.0203442066541827
"855","Netherlands","Memphis Depay","Left Center Forward","Meshaal Aissa Barsham",1,47,52,1.048751,FALSE,"Regular Play","Half Volley","Right Foot","Off T",93.6,49.7,116.2,42,28.125611104472,4.29418211071677,110.174555862431,117.75854060106,7.58398473862904,29.9403766957076,23.8757198844349,0,1,4,0,1,1.0300000000002,10.7069999999999,"0",0.0239888541739583
"856","Netherlands","Memphis Depay","Left Center Forward","Meshaal Aissa Barsham",2,48,53,0.205541,TRUE,"From Goal Kick","Volley","Right Foot","Saved",116.4,34.2,118.8,36.7,6.8264192663504,3.51140997321589,31.8274465766731,19.9831065219,11.844340054773,14.1426205513728,3.46554469023269,0,0,0,0,1,57.4119999999998,1.93600000000015,"0",0.392389511670006
"857","Netherlands","Frenkie de Jong","Left Defensive Midfield","Meshaal Aissa Barsham",2,48,55,0.360582,FALSE,"From Goal Kick","Half Volley","Right Foot","Goal",117.6,40.3,118.8,38.5,2.41867732448957,1.92093727122986,97.1250163489017,38.6598082540902,58.4652080948116,7.84896178848912,2.16333076527839,0,1,0,0,1,58.9869999999996,0.361000000000331,"1",0.441729708248546
"858","Qatar","Abdulaziz Hatem Mohammed Abdullah","Right Center Midfield","Andries Noppert",2,76,12,1.255867,FALSE,"Regular Play","Normal","Right Foot","Saved",94.7,53.1,116.3,42,28.4903492432087,4.20594816896262,117.374513826074,118.393019421383,1.01850559530939,19.665269790584,24.2851806664064,0.189388504769643,4,6,1,1,10.299,0,"0",0.0218849625796348
"859","Qatar","Pedro Miguel Correia","Right Center Back","Andries Noppert",2,87,32,1.3874,FALSE,"From Free Kick","Normal","Right Foot","Off T",88.8,53.2,117.5,41,33.8774261123835,2.69258240356725,112.93210043759,111.801409486352,1.13069095123799,28.3278330479262,31.1854132568417,0.0707018409408262,6,8,1,1,27.1499999999996,1.38700000000063,"0",0.0105826342052474
"860","Netherlands","Steven Berghuis","Center Attacking Midfield","Meshaal Aissa Barsham",2,91,22,1.323396,FALSE,"Regular Play","Normal","Left Foot","Post",102.2,59.1,117.7,42.5,26.1084277581014,3.3970575502926,137.017715992487,137.385944030389,0.368228037901588,21.6787304284377,22.7114508563412,0,3,6,0,1,92.9409999999998,1.32400000000052,"0",0.0598039628417317
"861","Japan","Ritsu Doan","Right Midfield","Keylor Navas Gamboa",1,2,18,2.010808,FALSE,"Regular Play","Half Volley","Left Foot","Wayward",91.7,53.8,116.8,42.7,31.485393438863,4.18688428309167,115.995367597746,130.155999624919,14.1606320271729,23.8027821764244,27.4448537981167,0,2,4,0,1,2.03900000000002,2.00999999999999,"0",0.0172391414943591
"862","Costa Rica","Gerson Torres Barrantes","Right Wing","Shūichi Gonda",1,3,36,0.653217,FALSE,"From Free Kick","Volley","Left Foot","Wayward",90.1,47.7,118.6,39.6,30.8755566751435,1.45602197785611,104.441312929289,74.0546040990773,30.3867088302113,19.3770353459245,29.6287023003033,0.263003544829895,6,9,4,1,2.79400000000001,7.72999999999999,"0",0.0108894016739532
"863","Costa Rica","Francisco Javier Calvo Quesada","Left Center Back","Shūichi Gonda",1,34,14,0.722476,FALSE,"Regular Play","Half Volley","Left Foot","Blocked",91,26.8,118.1,38.2,31.8628310104422,2.61725046566048,65.5262811809553,46.5481576989781,18.9781234819772,23.4608848647248,29.4001700675353,0.123016373477402,5,9,2,1,112.724,5.5319999999997,"0",0.0207208759205922
"864","Costa Rica","Joel Nathaniel Campbell Samuels","Left Wing","Shūichi Gonda",1,34,18,1.604579,FALSE,"Regular Play","Normal","Left Foot","Off T",101,29.1,118,38.5,21.9045657341112,2.5,60.1577873479064,53.130102354156,7.02768499375042,15.9723453620232,19.4257560985409,0.422319260529766,3,6,2,1,116.652,1.60399999999981,"0",0.0527140171145408
"865","Japan","Wataru Endo","Right Defensive Midfield","Keylor Navas Gamboa",1,37,45,0.14482,FALSE,"Regular Play","Normal","Left Foot","Blocked",100.1,51.7,117.6,43.1,23.0846269192292,3.92045915678254,120.452960737911,142.253194612725,21.8002338748142,22.5766920650074,19.4989743320001,0.40424740128225,5,9,2,1,15.7779999999998,15.9989999999998,"0",0.0390352745179364
"866","Japan","Hidemasa Morita","Left Defensive Midfield","Keylor Navas Gamboa",2,45,25,0.614826,FALSE,"From Kick Off","Normal","Right Foot","Saved",101.4,30.9,118.8,37.7,20.7067621805052,2.59422435421457,63.9299324436793,27.5528115767179,36.3771208669614,29.6648078135342,18.6815416922694,0,3,4,0,1,24.471,3.37300000000005,"0",0.0956488607558006
"867","Japan","Takuma Asano","Center Forward","Keylor Navas Gamboa",2,45,28,0.509524,FALSE,"From Kick Off","Volley","Right Foot","Blocked",104.1,50.2,117.4,41.2,18.8904737897174,2.86356421265527,122.680554743363,114.775140568832,7.90541417453136,13.4263597997245,16.0589538887189,0.277645789549425,3,5,2,1,27.2539999999999,0.590000000000146,"0",0.0880315385525506
"868","Japan","Wataru Endo","Right Defensive Midfield","Keylor Navas Gamboa",2,47,9,0.451737,TRUE,"From Throw In","Normal","Right Foot","Blocked",95.2,41.1,118.2,41.6,24.8243831746128,2.40831891575846,92.5396804503408,131.63353933657,39.0938588862295,26.3464815890717,23.0054341406547,0.0828485912949187,4,6,1,1,16.5389999999998,3.91000000000031,"0",0.0250801557332449
"869","Japan","Takuma Asano","Center Forward","Keylor Navas Gamboa",2,47,13,0.921649,FALSE,"From Throw In","Normal","Head","Saved",107.6,37.5,119.2,39.4,12.6495059192049,0.999999999999999,78.6012369312421,53.1301023541558,25.4711345770863,12.3734162194598,11.7545735779738,0,0,2,0,1,20.4490000000001,0,"0",0.110653314565425
"870","Japan","Ko Itakura","Right Center Back","Keylor Navas Gamboa",2,49,26,0.105329,FALSE,"From Corner","Normal","Left Foot","Blocked",105,40,118.7,40.4,15,1.36014705087354,90,107.102728969052,17.1027289690524,22.0213113287759,13.7058381721075,0.788258493938427,3,5,2,1,4.9399999999996,4.91100000000006,"0",0.0308822424229316
"871","Japan","Wataru Endo","Right Defensive Midfield","Keylor Navas Gamboa",2,49,29,0.090906,FALSE,"From Corner","Normal","Right Foot","Blocked",103.1,34.1,118.1,39.3,17.9002793274295,2.02484567313167,70.7552707601671,69.7751405688319,0.980130191335206,17.7716480995793,15.8757676979729,0.769568149778101,3,6,3,1,7.375,2.47599999999966,"0",0.0261247159849359
"872","Japan","Yuki Soma","Left Wing Back","Keylor Navas Gamboa",2,56,21,1.686043,FALSE,"From Goal Kick","Normal","Right Foot","Wayward",105.4,22.1,118.4,37.4,23.0991341829082,3.05286750449475,39.2021456148403,31.6075022462488,7.59464336859154,25.2551189478595,20.077101384413,0,3,7,0,1,47.355,1.68600000000015,"0",0.181159284754607
"873","Japan","Yuki Soma","Right Wing Back","Keylor Navas Gamboa",2,71,24,0.449593,FALSE,"From Free Kick","Half Volley","Right Foot","Blocked",95.7,44.3,119.2,40.7,24.6775201347299,1.06301458127346,100.034879226466,131.18592516571,31.1510459392434,26.3785140590276,23.774145620821,0.482714440006701,6,10,4,1,2.43199999999979,16.7550000000001,"0",0.021186122749339
"874","Costa Rica","Keysher Fuller Spence","Right Wing Back","Shūichi Gonda",2,80,8,0.342671,FALSE,"Regular Play","Normal","Left Foot","Goal",102.6,47.5,116,42.3,18.9475592095658,4.61410879802373,113.317708386755,119.898901838615,6.58119345185948,59.4578877662367,14.3735868870648,0,1,3,0,1,2.96399999999994,0,"1",0.0838921036252968
"875","Japan","Daichi Kamada","Left Wing","Keylor Navas Gamboa",2,87,48,0.429374,FALSE,"Regular Play","Normal","Right Foot","Saved",108,37.6,117.9,37.2,12.2376468326227,3.49999999999999,78.6900675259798,36.869897645844,41.8201698801358,22.8251132830616,9.90807751281752,0.573861059275244,4,7,4,1,25.3509999999997,2.48400000000038,"0",0.0983987402004654
"876","Croatia","Ivan Perišić","Left Wing","Thibaut Courtois",1,0,8,1.049006,FALSE,"From Kick Off","Half Volley","Right Foot","Off T",102.9,23.8,118.6,37.2,23.5552541909443,3.13049516849971,46.548157698978,26.5650511770781,19.9831065218998,26.7132052041686,20.6409786589687,0,2,4,0,1,7.76,1.049,"0",0.127848835904635
"877","Belgium","Yannick Ferreira Carrasco","Left Wing","Dominik Livaković",1,9,7,0.076508,FALSE,"From Free Kick","Normal","Right Foot","Blocked",105.3,27.8,118.8,38,19.1031411029705,2.33238075793812,50.3096347434536,30.9637565320736,19.34587821138,18.5767114596538,16.9201063826443,0.680024388372459,2,5,2,1,37.8650000000001,0.370999999999981,"0",0.0714610825134063
"878","Belgium","Yannick Ferreira Carrasco","Left Wing","Dominik Livaković",1,10,51,0.10798,FALSE,"From Free Kick","Normal","Right Foot","Blocked",117,29.2,119,35.2,11.2089250153616,4.9030602688525,15.5241109967543,11.7682889320207,3.75582206473361,40.4313390497186,6.32455532033676,0.234082294392261,1,2,1,1,32.401,0.295999999999935,"0",0.324308666779488
"879","Belgium","Dries Mertens","Center Attacking Midfield","Dominik Livaković",1,12,56,0.372698,TRUE,"From Counter","Normal","Right Foot","Off T",105.2,33.9,117.1,39.5,16.0078105935821,2.94278779391244,67.6003964542219,80.2175929681928,12.6171965139709,48.8448960652265,13.1518059596391,0,0,1,0,1,8.97199999999998,0.373000000000047,"0",0.140043662887965
"880","Belgium","Axel Witsel","Left Defensive Midfield","Dominik Livaković",1,24,50,0.280491,FALSE,"Regular Play","Normal","Right Foot","Blocked",92.7,34.9,119.2,39.6,27.7722883464795,0.894427190999913,79.4183644790562,63.434948822922,15.9834156561342,29.5070882082613,26.9135653528105,0.596649997794612,6,9,3,1,62.039,4.94000000000005,"0",0.0146082817059492
"881","Croatia","Marcelo Brozović","Center Defensive Midfield","Thibaut Courtois",1,32,19,0.177959,FALSE,"From Throw In","Normal","Left Foot","Blocked",99.8,36.6,118.4,39.2,20.484140206511,1.78885438199983,80.4457103275982,63.434948822922,17.0107615046762,5.61927185475306,18.7808413017096,0.163934426229508,4,6,1,1,27.9949999999999,9.73500000000013,"0",0.0399367812356495
"882","Croatia","Marko Livaja","Center Forward","Thibaut Courtois",1,32,28,1.185215,TRUE,"From Throw In","Normal","Head","Off T",112.2,42.5,119,40.5,8.19084855189009,1.11803398874989,107.771320822909,116.565051177078,8.79373035416924,8.56665210841801,7.08801805866774,0,1,4,0,1,36.5449999999998,1.18500000000017,"0",0.190740959614962
"883","Belgium","Dries Mertens","Center Attacking Midfield","Dominik Livaković",1,41,14,0.124227,FALSE,"Regular Play","Volley","Left Foot","Wayward",116.9,49.2,119,44.1,9.7082439194738,4.22018956920184,161.378420633512,166.29303899592,4.91461836240777,262.422822735798,5.51543289325507,0,1,1,0,1,68.9070000000002,69.7129999999997,"0",0.510565121424078
"884","Croatia","Borna Sosa","Left Back","Thibaut Courtois",1,44,42,1.062719,FALSE,"Regular Play","Normal","Left Foot","Off T",94.9,25.7,118.7,38.4,28.8877136513086,2.06155281280883,60.3289217273056,39.0938588862294,21.2350628410762,27.4666978109898,26.9764712295734,0.0773985462058007,4,8,1,1,55.0950000000003,1.0619999999999,"0",0.0348871226032122
"885","Croatia","Ivan Perišić","Left Wing","Thibaut Courtois",1,48,47,0.537684,FALSE,"From Throw In","Normal","Head","Wayward",108.5,38,119.2,39.8,11.6726175299288,0.82462112512353,80.1341930569156,75.9637565320733,4.17043652484234,43.7482888475298,10.8503456166152,0,2,3,0,1,18.6680000000001,14.9610000000002,"0",0.130286921732995
"886","Croatia","Josip Juranović","Right Back","Thibaut Courtois",1,48,56,0.888897,FALSE,"From Throw In","Volley","Right Foot","Off T",103.1,51.5,118.3,42.2,20.4416242016137,2.78028775489157,124.234244455257,142.305759533311,18.0715150780537,19.1449984860102,17.8193714816208,0.284813343521477,4,7,2,1,27.5100000000002,6.11900000000014,"0",0.0505432659672481
"887","Belgium","Yannick Ferreira Carrasco","Left Wing","Dominik Livaković",2,47,54,0.294469,FALSE,"From Corner","Half Volley","Left Foot","Wayward",100.9,28.3,119,38.1,22.3986606742457,2.14709105535839,58.5098039532814,27.75854060106,30.7512633522213,70.7481828845494,20.5827597760844,0.296446047688945,7,10,4,1,2.96600000000035,8.04399999999987,"0",0.0339595839394747
"888","Belgium","Romelu Lukaku Menama","Center Forward","Dominik Livaković",2,48,2,0.353955,TRUE,"From Corner","Normal","Head","Saved",117.5,34.2,119.5,37,6.31585306985525,3.04138126514911,23.3177083867551,9.46232220802562,13.8553861787295,8.87136413843997,3.44093010681705,0,0,3,0,1,11.0100000000002,0,"0",0.207375865284308
"889","Croatia","Mateo Kovačić","Left Center Midfield","Thibaut Courtois",2,49,15,0.62266,FALSE,"From Keeper","Normal","Right Foot","Saved",103.9,29.2,118,38.2,19.3868512141606,2.69072480941474,56.1459964993119,48.0127875041834,8.13320899512848,26.7992502284404,16.7275222313408,0,0,3,0,1,58.2440000000001,0.623000000000047,"0",0.10563176916419
"890","Croatia","Borna Sosa","Left Back","Thibaut Courtois",2,49,54,0.883138,FALSE,"From Corner","Half Volley","Left Foot","Off T",94.7,35.3,118.8,39.8,25.732858372128,1.21655250605965,79.4760883579527,80.5376777919743,1.06158943402158,29.0036821474055,24.5165250392465,0.272434373174517,7,9,3,1,7.53200000000015,0.882999999999811,"0",0.0133267863452427
"891","Belgium","Kevin De Bruyne","Right Wing","Dominik Livaković",2,50,38,0.42936,TRUE,"From Goal Kick","Normal","Left Foot","Off T",100.9,32.5,118.9,38.1,20.5197465871292,2.19544984001001,68.561545347771,30.0685828218623,38.4929625259087,44.5725247088798,18.8509946687171,0.615986329717039,3,7,2,1,37.221,0.429000000000087,"0",0.0601613279806192
"892","Croatia","Marcelo Brozović","Center Defensive Midfield","Thibaut Courtois",2,53,8,0.726389,TRUE,"Regular Play","Normal","Left Foot","Saved",100.6,37.7,118.8,39.7,19.5358644548942,1.2369316876853,83.2387614899628,75.9637565320737,7.27500495788912,25.2235617300413,18.3095603442573,0.163736530665978,4,6,1,1,73.1909999999998,3.73799999999983,"0",0.0535532733584477
"893","Croatia","Luka Modrić","Right Center Midfield","Thibaut Courtois",2,53,42,0.796057,TRUE,"From Throw In","Normal","Left Foot","Saved",105.6,52.9,118.9,42.5,19.3331321828616,2.73130005674953,131.855042535302,156.250505507133,24.3954629718314,21.842203871989,16.8834238233837,0,2,5,0,1,26.1959999999999,13.2649999999999,"0",0.0858191206720554
"894","Belgium","Yannick Ferreira Carrasco","Left Wing","Dominik Livaković",2,59,47,0.043458,FALSE,"From Keeper","Normal","Right Foot","Blocked",112.8,36.3,115.4,36.8,8.09506022213548,5.60357029044876,62.8018720514909,55.1755108430431,7.62636120844771,28.8323532747521,2.64764045897475,0.808452083454441,0,2,1,1,45.4870000000001,2.00500000000011,"0",0.157252745005326
"895","Belgium","Romelu Lukaku Menama","Center Forward","Dominik Livaković",2,59,49,0.184789,TRUE,"From Keeper","Normal","Right Foot","Post",110.7,45.1,115.3,42.2,10.6066017177982,5.18941229813165,118.739795291688,115.083594006191,3.65620128549712,50.6177798958709,5.437830449729,0.290007395282871,2,3,1,1,47.3069999999998,0.1850000000004,"0",0.1885672661436
"896","Belgium","Romelu Lukaku Menama","Center Forward","Dominik Livaković",2,61,50,0.426498,FALSE,"Regular Play","Normal","Head","Off T",113.1,42.1,113.4,36.1,7.21248916810279,7.66615940350838,106.927513064147,59.420773127511,47.5067399366361,16.2866461149288,6.00749531835024,0,1,4,0,1,36.6730000000002,0.42699999999968,"0",0.282164592339918
"897","Croatia","Luka Modrić","Right Center Midfield","Thibaut Courtois",2,67,9,0.795043,FALSE,"From Free Kick","Half Volley","Right Foot","Saved",106.7,39,118.9,40.3,13.3375410027486,1.14017542509913,85.700137179808,105.255118703058,19.5549815232498,15.4360538898976,12.269066794178,0.43437224276307,2,5,1,1,46.5169999999998,0,"0",0.0896756886058115
"898","Belgium","Kevin De Bruyne","Right Wing","Dominik Livaković",2,68,11,0.824437,TRUE,"From Goal Kick","Normal","Right Foot","Saved",111.9,60.4,119.1,43.9,21.9492596686084,4.0024992192379,158.344010961578,167.005383208083,8.66137224650589,21.7046701163956,18.002499826413,0,0,0,0,1,14.1799999999994,0,"0",0.259804265280195
"899","Belgium","Jan Vertonghen","Left Center Back","Dominik Livaković",2,77,41,0.099814,TRUE,"From Corner","Normal","Head","Blocked",112.6,36.5,119.4,39.3,8.18596359630313,0.921954445729287,64.6871161981259,40.6012946450041,24.0858215531218,7.01304426232796,7.3539105243401,2.03494847555159,4,7,3,1,1.64400000000023,0.324000000000524,"0",0.0270813119768962
"900","Belgium","Thomas Meunier","Right Back","Dominik Livaković",2,86,9,0.394728,FALSE,"From Corner","Volley","Right Foot","Blocked",110.5,53.1,119.1,43.5,16.1820888639261,3.61386219991853,144.050721677184,165.579226872489,21.5285051953052,27.4180230695764,12.8887547885744,0.287593044104412,4,4,2,1,59.9300000000003,28.4449999999997,"0",0.0904178131126688
"901","Belgium","Romelu Lukaku Menama","Center Forward","Dominik Livaković",2,86,9,0.313184,FALSE,"From Corner","Half Volley","Left Foot","Off T",115.5,43.8,119,42.9,5.88982172905089,3.06757233003559,130.179233921907,160.974393962431,30.795160040524,14.8706588104054,3.61386219991853,0,2,1,0,1,60.4200000000001,27.9549999999999,"0",0.217539640384647
"902","Belgium","Romelu Lukaku Menama","Center Forward","Dominik Livaković",2,89,41,0.753223,FALSE,"Regular Play","Normal","Other","Saved",117.4,37.3,117.3,43.1,3.74833296279826,4.1109609582189,43.9190758133392,138.945186229038,95.0261104156983,5.25210739577854,5.80086200490928,0.743294146247164,0,2,1,0,27.2839999999997,0.753000000000611,"0",0.235876237751906
"903","Saudi Arabia","Mohammed Al Burayk","Left Back","Wojciech Szczęsny",1,7,5,0.250032,FALSE,"From Goal Kick","Normal","Right Foot","Blocked",91.6,24.8,118.1,38.6,32.2117990804612,2.36008474424119,61.8438085517274,53.6156481841642,8.22816036756322,26.8889363185058,29.8779182675099,0.216244588236977,5,8,2,1,29.339,0.384999999999991,"0",0.0302445651081056
"904","Saudi Arabia","Mohammed Kanoo","Right Defensive Midfield","Wojciech Szczęsny",1,12,17,0.62361,FALSE,"From Free Kick","Normal","Right Foot","Saved",105.5,54.5,119.4,41.9,20.5060966544099,1.99248588451712,135,162.474431626277,27.4744316262773,28.9753387527343,18.7608635195718,0.340826844355231,4,7,2,1,27.039,0.623000000000047,"0",0.0756844695955516
"905","Poland","Krystian Bielik","Right Defensive Midfield","Mohammed Khalil Al Owais",1,25,36,0.339811,TRUE,"From Corner","Normal","Head","Blocked",111.7,39.3,119.2,40.1,8.32946576918352,0.806225774829852,85.1792339219072,97.1250163489019,11.9457824269946,13.8343482389248,7.54254598925323,1.62295119700556,5,7,4,1,1.43999999999983,0.380000000000109,"0",0.0357154918420902
"906","Saudi Arabia","Saleh Khalid Al Shehri","Center Forward","Wojciech Szczęsny",1,32,3,1.24,FALSE,"From Throw In","Normal","Head","Wayward",108.5,45,118.4,41.9,12.5399362039845,2.48394846967484,113.498565675952,139.899092453788,26.4005267778358,36.2100366387814,10.3740059764779,0.632455532033677,0,3,1,1,36.395,1.24000000000001,"0",0.0861191298688494
"907","Poland","Piotr Zieliński","Center Attacking Midfield","Mohammed Khalil Al Owais",1,38,57,0.279236,FALSE,"From Goal Kick","Half Volley","Right Foot","Goal",111.9,44.7,118.8,43.2,9.36482781475452,3.41760149812702,120.124317998361,159.443954780417,39.3196367820553,31.8907832240731,7.06116137756388,0.104473190134537,3,5,1,1,14.143,0.278999999999996,"1",0.293679286089262
"908","Poland","Robert Lewandowski","Center Forward","Mohammed Khalil Al Owais",1,40,16,2.852917,FALSE,"Regular Play","Half Volley","Right Foot","Wayward",112.9,58.5,118.5,43.5,19.8156503804442,3.80788655293195,159.004007648118,156.801409486352,2.20259816176582,19.5775449916688,16.0112460477003,0,0,0,0,1,8.83200000000033,2.85300000000007,"0",0.226616611215611
"909","Saudi Arabia","Mohammed Al Burayk","Left Back","Wojciech Szczęsny",1,45,37,0.259624,FALSE,"Other","Normal","Right Foot","Saved",112.7,32.9,118,37.2,10.1833196944808,3.44093010681705,45.7957235527393,35.5376777919744,10.2580457607649,24.0663410960671,6.82495421230062,0,0,0,0,1,1.5590000000002,0.259000000000015,"0",6.163307108902e-07
"910","Saudi Arabia","Saud Abdullah Abdul Hamid","Left Back","Wojciech Szczęsny",2,50,48,0.374784,FALSE,"From Corner","Normal","Right Foot","Blocked",85.9,24.5,117.6,39.3,37.4574425181432,2.50000000000001,65.5560452195835,73.739795291688,8.18375007210456,13.9794515213347,34.9847109463548,0.274053208050815,9,10,3,1,5.16599999999971,7.23900000000003,"0",0.0054089783330848
"911","Saudi Arabia","Mohammed Kanoo","Right Defensive Midfield","Wojciech Szczęsny",2,50,53,2.021556,FALSE,"From Corner","Overhead Kick","Right Foot","Off T",104.2,39.3,117.5,40.6,15.8154987275141,2.57099202643649,87.4632382618401,103.495733280796,16.0324950189558,10.709086690401,13.363382805263,0,3,4,0,1,10.3829999999998,2.02199999999993,"0",0.0529726622129794
"912","Saudi Arabia","Salem Mohammed Al Dawsari","Left Wing","Wojciech Szczęsny",2,53,43,1.17334,FALSE,"From Free Kick","Normal","Right Foot","Off T",97.6,21.6,117.7,39.5,28.9882734911895,2.35372045918796,50.5993393365206,77.7352262721076,27.135886935587,32.872802037167,26.9150515511303,0.114972912698292,5,8,1,1,14.422,1.17300000000023,"0",0.0534485750638508
"913","Saudi Arabia","Salem Mohammed Al Dawsari","Left Wing","Wojciech Szczęsny",2,54,34,0.242345,FALSE,"Regular Play","Normal","Left Foot","Saved",114.6,36.1,117.3,37.2,6.66108099335236,3.88973006775534,54.1623470457218,43.9583733239901,10.2039737217317,11.2702967123297,2.91547594742265,1.11803398874989,0,1,1,1,18.846,3.6869999999999,"0",0.13515869761622
"914","Saudi Arabia","Abdulelah Saad Hameed Al-Malki","Left Defensive Midfield","Wojciech Szczęsny",2,54,36,1.279882,FALSE,"Regular Play","Volley","Right Foot","Off T",97,40,117.4,36.6,23,4.28018691180653,90,37.4053566314085,52.5946433685915,18.1435020753086,20.681392603014,0.10837627715217,5,7,2,1,21.2530000000002,1.27999999999975,"0",0.0365681357451172
"915","Saudi Arabia","Firas Tariq Nasser Al Albirakan","Right Wing","Wojciech Szczęsny",2,59,26,0.544313,TRUE,"From Goal Kick","Normal","Left Foot","Off T",112.9,27.5,117.6,35.6,14.3756738972474,5.01198563445667,29.5965750375304,28.6104596659653,0.986115371565081,19.2421948000892,9.36482781475452,0,0,0,0,1,111.146,0.543999999999869,"0",0.341844579980622
"916","Saudi Arabia","Mohammed Kanoo","Right Defensive Midfield","Wojciech Szczęsny",2,60,4,0.716283,FALSE,"Regular Play","Normal","Right Foot","Off T",107.3,49.4,117,43.6,15.8003164525271,4.68614980554399,126.507270971881,140.194428907735,13.6871579358533,19.2666338780683,11.3017697729161,0.478089942059216,3,5,2,1,5.42599999999948,0.717000000000553,"0",0.0979323316302075
"917","Poland","Arkadiusz Milik","Left Midfield","Mohammed Khalil Al Owais",2,62,31,0.73685,FALSE,"From Goal Kick","Normal","Head","Post",111,38.8,119.3,40.1,9.07964757025293,0.70710678118655,82.4053566314085,98.130102354156,15.7247457227475,12.3826339084581,8.40119039184329,0,1,4,0,1,11.2790000000005,0.73700000000008,"0",0.250816349919111
"918","Poland","Robert Lewandowski","Right Center Forward","Mohammed Khalil Al Owais",2,65,1,0.409663,FALSE,"From Free Kick","Normal","Other","Post",115.1,44.4,116.3,43.7,6.58559033041079,5.23259018078046,131.922544600576,135,3.07745539942442,11.9834475738679,1.38924439894498,0,1,2,0,1,3.83399999999983,19.2259999999997,"0",0.340411827674406
"919","Saudi Arabia","Salem Mohammed Al Dawsari","Left Wing","Wojciech Szczęsny",2,68,29,0.916865,FALSE,"From Free Kick","Normal","Right Foot","Saved",96,34.2,117.9,40.1,24.6908890078911,2.10237960416286,76.4140087921111,92.7263109939065,16.3123022017953,25.2527923717981,22.6808289090148,0.351373121320529,4,8,2,1,36.9170000000004,0,"0",0.0288928327880441
"920","Poland","Robert Lewandowski","Right Center Forward","Mohammed Khalil Al Owais",2,72,28,0.114374,FALSE,"From Throw In","Normal","Right Foot","Blocked",107.3,49,118.8,42.6,15.5656673483664,2.86356421265527,125.323728900228,155.224859431168,29.9011305309403,17.222197005956,13.1609270190211,0.38547167224585,2,6,1,1,6.34600000000046,12.7529999999997,"0",0.0842792749880223
"921","Saudi Arabia","Abdulelah Saad Hameed Al-Malki","Left Defensive Midfield","Wojciech Szczęsny",2,77,50,0.930285,FALSE,"Regular Play","Normal","Left Foot","Off T",103.2,34.7,118.8,38.2,17.616185739257,2.16333076527839,72.4907552097424,33.6900675259799,38.8006876837625,21.6447529880196,15.9878078547373,0.106673114658698,5,9,1,1,27.1030000000001,0.930999999999585,"0",0.0785273189076733
"922","Poland","Krzysztof Piątek","Left Center Forward","Mohammed Khalil Al Owais",2,80,55,1.239658,TRUE,"From Free Kick","Normal","Head","Off T",107.4,41.4,118.6,40.5,12.6775391933924,1.48660687473186,96.3401917459099,109.653824058053,13.3136323121433,12.3059449141779,11.2361025271221,1.21267812518167,2,5,1,1,13.9769999999999,1.23999999999978,"0",0.0536693934609195
"923","Saudi Arabia","Abdulrahman Al-Obood","Right Wing","Wojciech Szczęsny",2,86,25,0.589205,TRUE,"Regular Play","Normal","Head","Off T",118,48.2,119.1,43.6,8.44037913840368,3.7107950630559,166.29303899592,165.963756532073,0.329282463846766,9.13971335466349,4.72969343615419,1.24034734589208,0,1,1,1,25.2119999999995,0.588999999999942,"0",0.216677738396354
"924","Poland","Robert Lewandowski","Right Center Forward","Mohammed Khalil Al Owais",2,89,28,0.141388,FALSE,"From Free Kick","Lob","Right Foot","Saved",109.9,48.1,111.8,46.1,12.9468142799686,10.2200782775867,128.728922550499,126.64564916462,2.08327338587858,18.0320094830989,2.75862284482674,0,0,0,0,1,25.5609999999997,1.05000000000018,"0",0.219457772862377
"925","Saudi Arabia","Mohammed Kanoo","Right Defensive Midfield","Wojciech Szczęsny",2,95,43,1.229643,FALSE,"From Throw In","Normal","Right Foot","Off T",95.3,32.9,117.9,40.6,25.7001945517928,2.18403296678415,73.9627349428856,105.945395900923,31.9826609580374,22.5868228370046,23.8757198844349,0,6,7,0,1,6.31700000000001,1.23000000000047,"0",0.0300004100901448
"926","Portugal","Otávio Edmilson da Silva Monteiro","Left Center Midfield","Lawrence Ati-Zigi",1,4,10,1.097634,FALSE,"From Corner","Volley","Right Foot","Off T",96.6,34.3,119.2,39.4,24.0842272037116,0.999999999999999,76.3099503825345,53.1301023541558,23.1798480283787,21.9419471369432,23.1682973047223,0.400936019934357,7,10,6,1,2.91,1.09799999999998,"0",0.0148661953053357
"927","Portugal","Rúben Diogo Da Silva Neves","Center Defensive Midfield","Lawrence Ati-Zigi",1,5,47,0.08491,FALSE,"Regular Play","Normal","Right Foot","Blocked",98.1,36.6,115.1,38.8,22.1623554704819,5.04479930225178,81.175215790891,76.2392148882087,4.93600090268227,28.8721014536127,17.1417618697729,0,2,5,0,1,1.29700000000003,34.706,"0",0.052071941036781
"928","Portugal","Cristiano Ronaldo dos Santos Aveiro","Center Forward","Lawrence Ati-Zigi",1,9,27,0.089506,FALSE,"Regular Play","Normal","Right Foot","Saved",107.7,39.2,109.3,39.5,12.3259888041487,10.7116758726168,86.2786867352502,87.3245733439708,1.04588660872056,11.2281585827999,1.62788205960996,0,0,0,0,1,3.74600000000009,0.245000000000005,"0",0.179481301031893
"929","Portugal","Cristiano Ronaldo dos Santos Aveiro","Center Forward","Lawrence Ati-Zigi",1,12,26,0.686028,TRUE,"From Corner","Normal","Head","Off T",116.3,43.7,119.2,39.7,5.23259018078046,0.85440037453175,135,69.4439547804166,65.5560452195834,11.1566251629102,4.94064773081425,1.08465228909327,0,4,1,1,4.59000000000003,0.685999999999922,"0",0.0992943861050828
"930","Portugal","João Félix Sequeira","Left Wing","Lawrence Ati-Zigi",1,27,31,0.972446,FALSE,"From Free Kick","Normal","Left Foot","Off T",104.2,35.6,118.1,38.5,16.4012194668567,2.42074368738205,74.4384896746715,51.709836807757,22.7286528669145,16.6641001342632,14.1992957571846,0.242233908707832,2,7,2,1,48.8249999999998,0.973000000000184,"0",0.0799040013047988
"931","Portugal","Otávio Edmilson da Silva Monteiro","Left Center Midfield","Lawrence Ati-Zigi",1,35,37,0.884119,FALSE,"From Throw In","Normal","Right Foot","Saved",99.9,32.5,116.9,38.9,21.4536710145373,3.2893768406797,69.5377284765778,70.4633450618716,0.925616585293767,20.2445635683254,18.1648011274553,0.493864798324797,4,5,1,1,20.181,0,"0",0.0361948767558555
"932","Portugal","Cristiano Ronaldo dos Santos Aveiro","Center Forward","Lawrence Ati-Zigi",1,41,16,0.056215,FALSE,"Regular Play","Normal","Left Foot","Blocked",110,25.1,117.6,36.2,17.9446370818693,4.49444101084885,33.8671791087259,32.2756443145777,1.59153479414815,25.2827010647548,13.4525090596513,0.471404520791032,0,4,1,1,18.7779999999998,21.9140000000002,"0",0.156669463287124
"933","Ghana","Alidu Seidu","Right Wing Back","Diogo Meireles Costa",2,53,2,1.617133,FALSE,"From Corner","Half Volley","Left Foot","Off T",88.8,44.2,117.5,40.3,31.4814230936278,2.51793566240283,97.6668042618142,96.8427734126309,0.824030849183288,19.5110856914791,28.963770472782,0.29779139537601,8,10,3,1,6.41800000000012,1.61700000000019,"0",0.00540644061061213
"934","Ghana","Mohammed Kudus","Left Center Midfield","Diogo Meireles Costa",2,54,33,1.117276,FALSE,"From Free Kick","Normal","Left Foot","Off T",92.9,31,116.7,37.3,28.5553847811582,4.26380112106557,71.6285016267912,50.7105931374996,20.9179084892916,27.425161876127,24.6197075530966,0,2,5,0,1,31.0920000000001,75.8609999999999,"0",0.0285910837470708
"935","Ghana","Iñaki Williams Arthuer","Left Center Forward","Diogo Meireles Costa",2,66,27,0.113094,FALSE,"From Throw In","Normal","Right Foot","Blocked",91.1,47.3,116.9,41.2,29.8077171215778,3.32415402771893,104.176102700752,111.161259816828,6.98515711607668,33.2964973982046,26.5113183376459,0.278531001877676,3,5,1,1,29.1099999999997,0.181999999999789,"0",0.0116085770457922
"936","Ghana","Thomas Teye Partey","Right Center Midfield","Diogo Meireles Costa",2,68,1,1.144574,TRUE,"Regular Play","Normal","Right Foot","Off T",92.4,52.5,116.8,41.2,30.2986798392273,3.41760149812702,114.365703286441,110.556045219583,3.80965806685711,24.7147030776731,26.8895890634275,0.107483395098087,5,6,1,1,24.9269999999997,1.14400000000023,"0",0.0170419341991609
"937","Ghana","Mohammed Kudus","Left Center Midfield","Diogo Meireles Costa",2,71,38,0.775216,FALSE,"Regular Play","Half Volley","Left Foot","Saved",90.8,34.5,117.2,40.1,29.7134649611923,2.80178514522438,79.3329634822056,92.0454084888872,12.7124450066816,34.0288733263337,26.9874044694928,0.0920262717290388,3,5,1,1,9.63799999999992,0.775000000000546,"0",0.0191471692690327
"938","Ghana","André Ayew Pelé","Right Center Forward","Diogo Meireles Costa",2,72,11,0.318271,FALSE,"Regular Play","Half Volley","Right Foot","Goal",115.6,39.8,118.1,36.9,4.40454310910905,3.63593179253957,87.3974377975002,31.5042667192043,55.8931710782959,13.9136709442485,3.82883794381533,0.745355992499928,1,3,1,1,24.7039999999997,0.318000000000211,"1",0.19723892781386
"939","Portugal","João Félix Sequeira","Right Wing","Lawrence Ati-Zigi",2,77,6,1.166291,FALSE,"Regular Play","Normal","Right Foot","Goal",107.5,52.6,110.3,49.2,17.7485210651479,13.3689939786059,135.228268830153,133.484592099978,1.74367673017554,17.140017047442,4.40454310910904,0,0,0,0,1,8.55699999999979,1.16600000000017,"1",0.174075124700266
"940","Portugal","Rafael Alexandre Conceição Leão","Left Wing","Lawrence Ati-Zigi",2,79,21,0.893255,FALSE,"Regular Play","Normal","Right Foot","Goal",111.7,28.3,116.8,36.4,14.3450339839263,4.81663783151692,35.3519546839018,41.6335393365702,6.28158465266837,19.6834918821201,9.57183368012629,0,0,0,0,1,9.59799999999996,0.893000000000029,"1",0.240945950293399
"941","Ghana","Osman Bukari","Right Center Forward","Diogo Meireles Costa",2,88,28,0.607303,FALSE,"From Throw In","Normal","Head","Goal",113.5,40.2,117.8,40.1,6.50307619515564,2.20227155455453,91.7623910236607,92.6025622024998,0.840171178839142,11.4674127060002,4.30116263352131,0.693375245281534,1,1,1,1,12.8410000000003,0.606999999999971,"1",0.139455359913022
"942","Ghana","Mohamed Salisu","Left Center Back","Diogo Meireles Costa",2,91,13,1.891874,TRUE,"From Free Kick","Normal","Head","Off T",106.9,30.6,117,39.6,16.1235852092517,3.02654919008431,54.338394976236,82.4053566314086,28.0669616551726,7.80165198378968,13.528118864055,0.99503719020999,1,3,1,1,14.1680000000006,30.5519999999997,"0",0.0679382681665397
"943","Portugal","Rafael Alexandre Conceição Leão","Left Wing","Lawrence Ati-Zigi",2,95,4,0.189597,FALSE,"Regular Play","Normal","Right Foot","Blocked",95.5,29.9,117.5,38.5,26.5001886785736,2.91547594742265,67.5963445144219,59.0362434679265,8.56010104649547,30.2252647075521,23.6211769393483,0.167954591216973,3,6,1,1,14.7480000000005,21.1509999999998,"0",0.0341102718719897
"944","Ghana","Osman Bukari","Right Midfield","Diogo Meireles Costa",2,97,33,1.439334,FALSE,"From Throw In","Normal","Right Foot","Off T",103.3,12.6,118.2,37.6,32.0881598101231,3,31.3618501439136,36.869897645844,5.50804750193044,20.4853429086391,29.1034362232366,0,4,7,0,1,2.81800000000021,1.43900000000031,"0",0.108697024709831
"945","South Korea","Gue-Sung Cho","Center Forward","Lawrence Ati-Zigi",1,3,49,0.011363,TRUE,"Regular Play","Normal","Left Foot","Blocked",111.9,44.7,118.4,43.7,9.36482781475452,4.03112887414928,120.124317998361,156.614778942786,36.4904609444251,75.1914436796402,6.57647321898295,0.95782628522115,1,3,1,1,14.477,0.0509999999999877,"0",0.140439149359904
"946","South Korea","Woo-Yeong Jeong","Center Attacking Midfield","Lawrence Ati-Zigi",1,7,14,0.023895,FALSE,"From Corner","Normal","Right Foot","Blocked",96.7,49.1,117.6,40.2,25.0139960821937,2.40831891575847,111.333525622204,94.7636416907262,16.5698839314775,120.785684784782,22.7160736043886,0.580282644978593,6,10,3,1,5.26999999999998,0.0740000000000123,"0",0.0134085780009176
"947","South Korea","Min Jae Kim","Right Center Back","Lawrence Ati-Zigi",1,7,49,0.5666,FALSE,"From Corner","Normal","Head","Wayward",114.5,47.9,119,41.2,9.6260064408871,1.56204993518133,145.1542665802,140.194428907735,4.95983767246537,16.2984770640525,8.07093550959243,0.54232614454664,0,5,1,1,1.11099999999999,20.209,"0",0.122406416843779
"948","South Korea","In-Beom Hwang","Left Defensive Midfield","Lawrence Ati-Zigi",1,7,54,0.372766,FALSE,"From Corner","Normal","Right Foot","Blocked",95.7,54.9,118.5,40.7,28.5043856274784,1.65529453572469,121.51532341137,115.0168934781,6.49842993326962,37.2076618025397,26.860379744151,0.206803143829042,8,10,2,1,5.74699999999996,15.573,"0",0.0120357743136669
"949","South Korea","Gue-Sung Cho","Center Forward","Lawrence Ati-Zigi",1,17,10,0.141822,FALSE,"From Corner","Normal","Head","Blocked",115.4,30.4,119.2,38.1,10.645186705737,2.06155281280883,25.6021875514417,22.8336541779175,2.76853337352426,7.59425872873671,8.58661749468322,0.686802819743445,1,2,1,1,1.07899999999995,0.183999999999969,"0",0.110171982249577
"950","Ghana","Mohamed Salisu","Left Center Back","Seung-Gyu Kim",1,23,43,0.457878,FALSE,"From Free Kick","Half Volley","Left Foot","Goal",115.5,37.9,118.7,38.5,4.96588360717406,1.98494332412792,64.9831065218999,40.9143832200251,24.0687233018749,12.7234867485483,3.25576411921994,0,2,4,0,1,2.82000000000016,112.055,"1",0.288355420373564
"951","Ghana","Mohammed Kudus","Right Wing","Seung-Gyu Kim",1,33,49,0.639539,FALSE,"From Goal Kick","Normal","Head","Goal",113.1,41.8,118.6,40.8,7.13091859440283,1.61245154965971,104.620873988632,119.744881296942,15.1240073083104,10.9509670527634,5.59016994374947,0,0,1,0,1,93.483,0.6400000000001,"1",0.318199802640972
"952","South Korea","Woo-Young Jung","Right Defensive Midfield","Lawrence Ati-Zigi",1,44,49,1.23091,FALSE,"From Throw In","Normal","Right Foot","Off T",100.6,20,118.9,39.7,27.8632374285545,1.14017542509913,44.127542877098,74.7448812969423,30.6173384198443,25.965526731956,26.8882874129239,0.0754078338631878,5,10,1,1,97.2980000000002,1.23099999999977,"0",0.0639769054163064
"953","Ghana","Thomas Teye Partey","Right Defensive Midfield","Seung-Gyu Kim",1,49,30,0.15195,TRUE,"From Corner","Normal","Head","Off T",118.3,36.2,119,37.1,4.16293165929973,3.06757233003559,24.1022345011612,19.0256060375687,5.0766284635925,18.2973856853674,1.14017542509914,0.830454798537395,0,1,1,1,1.45299999999997,0.152000000000044,"0",0.126393177758586
"954","Ghana","Tariq Lamptey","Right Back","Seung-Gyu Kim",2,49,38,0.868489,FALSE,"From Throw In","Normal","Left Foot","Off T",104.8,52.1,118.1,41.8,19.4280724725846,2.61725046566048,128.521635420227,133.451842301022,4.93020688079477,26.6026537907714,16.8220093924596,0,2,5,0,1,60.2640000000001,62.7429999999999,"0",0.0774171615082041
"955","South Korea","Gue-Sung Cho","Center Forward","Lawrence Ati-Zigi",2,52,3,0.628182,FALSE,"From Throw In","Normal","Head","Saved",111.6,36.7,119.1,37.7,9.0249653738948,2.46981780704569,68.5522636728947,21.3706222693433,47.1816414035513,11.7811010898615,7.56637297521078,0,0,3,0,1,12.9749999999999,5.26200000000017,"0",0.173816595392001
"956","South Korea","Gue-Sung Cho","Center Forward","Lawrence Ati-Zigi",2,57,19,0.478525,FALSE,"Regular Play","Normal","Head","Goal",112.6,38.4,118.7,39.1,7.57099729229909,1.58113883008419,77.7995312726192,55.304846468766,22.4946848038532,15.9150997458104,6.14003257320351,0,0,0,0,1,28.1109999999999,0.478999999999814,"1",0.22482100135067
"957","South Korea","Gue-Sung Cho","Center Forward","Lawrence Ati-Zigi",2,60,7,0.321139,TRUE,"From Throw In","Normal","Head","Goal",115.5,43.7,119.4,41.6,5.8258046654518,1.70880074906351,129.427802196036,159.443954780417,30.0161525843805,15.4633464237419,4.42944691807003,1.6801715529524,0,4,2,1,28.9499999999998,0.320999999999913,"1",0.0951203794975825
"958","Ghana","Iñaki Williams Arthuer","Center Forward","Seung-Gyu Kim",2,67,50,0.134642,FALSE,"From Free Kick","Normal","Right Foot","Wayward",109.2,32.5,118.5,37.1,13.1487642004867,3.2649655434629,55.2221686336361,27.3498757800699,27.8722928535662,112.159091852666,10.3754517973918,0.18327810367086,2,5,1,1,20.6499999999996,1.9340000000002,"0",0.175772415613336
"959","Ghana","Mohammed Kudus","Right Wing","Seung-Gyu Kim",2,67,52,0.69586,FALSE,"From Free Kick","Normal","Left Foot","Goal",108.4,48.6,117.7,41.7,14.4402216049478,2.86006992921502,126.552472752092,126.469234390052,0.0832383620395944,20.9240648673024,11.5801554393713,0.23802777946289,3,5,1,1,21.8879999999999,0.695999999999913,"1",0.126079402426091
"960","South Korea","Heung-Min Son","Left Wing","Lawrence Ati-Zigi",2,75,15,0.144624,FALSE,"From Corner","Normal","Right Foot","Blocked",110.9,29.2,118.8,38,14.1226768000971,2.33238075793812,40.1172404361669,30.9637565320736,9.15348390409334,15.7674442015037,11.8258192105241,0.570336920311463,1,6,2,1,10.049,70.0749999999998,"0",0.0787537388054063
"961","South Korea","Kang-In Lee","Center Attacking Midfield","Lawrence Ati-Zigi",2,75,38,0.134837,FALSE,"From Corner","Normal","Left Foot","Blocked",114.2,56.1,118.7,44,17.1128606609182,4.20594816896262,160.188522858453,161.995838394087,1.80731553563368,10.329796923088,12.9096862858863,0.559016994374947,2,3,1,1,33.0109999999995,47.1130000000003,"0",0.111376299632161
"962","South Korea","Jin-Su Kim","Left Back","Lawrence Ati-Zigi",2,75,40,0.931942,FALSE,"From Corner","Volley","Left Foot","Blocked",112,30.1,118.2,38.1,12.7283148923964,2.61725046566048,38.9410122760217,43.451842301022,4.51083002500035,15.47877974489,10.121264743104,0,2,5,0,1,35.1379999999999,44.9859999999999,"0",0.134743082385221
"963","Ghana","Salis Abdul Samed","Left Defensive Midfield","Seung-Gyu Kim",2,82,30,0.884321,FALSE,"From Corner","Volley","Right Foot","Off T",96.1,40.1,119.2,39.9,23.9002092041053,0.806225774829852,90.2397298960808,82.8749836510981,7.36474624498268,27.8108270411645,23.1008657846411,0.371138598246877,5,10,3,1,2.74300000000039,9.50900000000001,"0",0.0133771788917322
"964","South Korea","Jin-Su Kim","Left Back","Lawrence Ati-Zigi",2,83,16,0.478813,FALSE,"From Goal Kick","Normal","Left Foot","Off T",107.7,23.5,118.6,36.5,20.580087463371,3.76961536499415,36.7028550301631,21.8014094863519,14.9014455438112,40.3518138822083,16.9649638962186,0,3,6,0,1,27.3720000000003,0.479000000000269,"0",0.229791583091174
"965","South Korea","Jin-Su Kim","Left Back","Lawrence Ati-Zigi",2,85,36,1.30792,TRUE,"From Free Kick","Normal","Head","Wayward",112,33.2,118.7,38,10.4995237987253,2.38537208837531,49.6354634269027,33.0238675557966,16.6115958711061,10.6481683029871,8.24196578493262,0,2,4,0,1,27.3860000000004,115.208,"0",0.215170558843745
"966","South Korea","Heung-Min Son","Left Wing","Lawrence Ati-Zigi",2,90,10,0.135114,FALSE,"From Corner","Normal","Right Foot","Blocked",109.6,28.5,118.8,37.5,15.5051604312887,2.77308492477241,42.1245463160148,25.6410058243053,16.4835404917094,29.3817565038105,12.8701204345569,0.478114822992747,3,6,3,1,24.2880000000005,44.0739999999996,"0",0.076527214146643
"967","South Korea","Young-Gwon Kim","Left Center Back","Lawrence Ati-Zigi",2,90,13,0.053879,FALSE,"From Corner","Normal","Left Foot","Blocked",103.6,37.6,116.5,38.7,16.5746794840805,3.73363094051889,81.6743496695732,69.6235647861637,12.0507848834095,42.8493341770085,12.9468142799686,0.709629927455673,5,8,4,1,26.8010000000004,41.5609999999997,"0",0.0309403394604639
"968","South Korea","Sang-Ho Na","Right Wing","Lawrence Ati-Zigi",2,90,53,0.947196,TRUE,"From Corner","Normal","Head","Saved",113,49.3,118.8,43,11.6400171821179,3.2310988842807,143.031656094484,158.198590513648,15.1669344191644,7.31595831868818,8.56329375882901,0,2,5,0,1,67.4139999999998,0.94800000000032,"0",0.15295125256554
"969","South Korea","Gue-Sung Cho","Center Forward","Lawrence Ati-Zigi",2,93,56,0.503434,FALSE,"From Corner","Normal","Left Foot","Saved",111.6,23.1,118.8,35.8,18.8724667174167,4.36806593356831,26.4292794418444,15.9453959009229,10.4838835409215,28.925214992201,14.5989725665884,0,1,2,0,1,37.3779999999997,0.503999999999905,"0",0.152673351380472
"970","South Korea","Kang-In Lee","Right Defensive Midfield","Lawrence Ati-Zigi",2,99,45,1.222258,FALSE,"From Throw In","Normal","Left Foot","Off T",98.5,56.8,118.8,38.8,27.2853440513401,1.69705627484772,128.003903541725,45,83.0039035417246,23.9688141312275,27.1309786038027,0.0498822919639954,6,9,1,1,10.1390000000001,1.22299999999996,"0",0.0269847025942961
"971","South Korea","Kyung-Won Kwon","Right Center Back","Lawrence Ati-Zigi",2,100,49,0.346023,FALSE,"Regular Play","Normal","Left Foot","Blocked",83.8,54.1,118.9,41.2,38.8490669128616,1.62788205960997,111.281051035101,137.489552921999,26.2085018868987,34.5760628777568,37.3954542692023,0.0666344482254698,6,10,2,1,19.5559999999996,5.5600000000004,"0",0.00538776189021829
"972","Argentina","Lionel Andrés Messi Cuccittini","Right Center Forward","Mohammed Khalil Al Owais",1,1,34,0.619649,FALSE,"Regular Play","Normal","Left Foot","Saved",104.5,44.5,118.1,41.4,16.140012391569,2.36008474424119,106.189206257027,126.384351815836,20.1951455588089,22.2009823177276,13.9488350768084,0,2,6,0,1,82.069,2.87,"0",0.0963756418007286
"973","Argentina","Alejandro Darío Gómez","Left Midfield","Mohammed Khalil Al Owais",1,20,0,0.948489,FALSE,"From Throw In","Normal","Right Foot","Off T",98.4,20.2,118.1,37.1,29.3018770729795,3.46698716467195,47.4895529219991,33.2317110679794,14.2578418540197,31.6884161931602,25.9557315443044,0,4,7,0,1,11.1110000000001,0.949000000000069,"0",0.0549434725426147
"974","Argentina","Lautaro Javier Martínez","Left Center Forward","Mohammed Khalil Al Owais",1,41,54,0.169894,FALSE,"From Free Kick","Normal","Head","Blocked",113.2,33.8,118.8,38.1,9.20217365626187,2.24722050542442,47.6425452940647,32.2756443145777,15.366900979487,12.2480205579272,7.06045324324154,0.455487518674277,3,6,1,1,1.01800000000003,3.05899999999974,"0",0.17741645919824
"975","Argentina","Rodrigo Javier De Paul","Right Defensive Midfield","Mohammed Khalil Al Owais",1,41,56,0.751256,FALSE,"From Free Kick","Half Volley","Right Foot","Off T",101.1,41.8,119.3,39.9,18.9855207987561,0.70710678118655,95.4403320310055,81.869897645844,13.5704343851615,26.782001294537,18.2989070711887,0.458538604355778,7,10,5,1,3.32600000000002,0.750999999999749,"0",0.0423731892627548
"976","Saudi Arabia","Saleh Khalid Al Shehri","Center Forward","Damián Emiliano Martínez",2,47,40,1.125889,FALSE,"From Free Kick","Normal","Left Foot","Goal",108,29.6,116.7,37.2,15.8795465930234,4.32781700167648,49.0856167799749,49.6858998395027,0.600283059527825,16.1092740740938,11.5520560940466,0.924500327042052,0,2,1,1,24.8029999999999,1.1260000000002,"1",0.0847149406453131
"977","Saudi Arabia","Nawaf Shaker Al Abid","Center Attacking Midfield","Damián Emiliano Martínez",2,52,36,0.429016,FALSE,"Regular Play","Normal","Left Foot","Blocked",104.9,54.1,117.4,42.9,20.659622455408,3.89486841883008,133.03858233223,138.122130462116,5.08354812988608,29.0383789926668,16.7836229700265,0.292789005951674,2,5,2,1,23.7439999999997,9.05200000000013,"0",0.0764162608069418
"978","Saudi Arabia","Salem Mohammed Al Dawsari","Left Midfield","Damián Emiliano Martínez",2,52,44,0.789755,FALSE,"Regular Play","Normal","Right Foot","Goal",102.4,25.3,117.2,37.7,22.9314194937862,3.62353418639868,50.13044704766,50.5993393365206,0.46889228886063,31.9671136378206,19.3080294178355,0,2,7,0,1,32.0059999999999,0.789999999999964,"1",0.096761077273886
"979","Argentina","Lisandro Martínez","Left Center Back","Mohammed Khalil Al Owais",2,62,47,0.306362,FALSE,"From Corner","Normal","Right Foot","Blocked",111.1,39.9,118.9,41.4,8.90056178002266,1.78044938147648,89.3562542858247,141.842773412631,52.4865191268063,14.0622265349737,7.94292137692425,0.355110412114216,6,3,1,1,12.3990000000003,0.865999999999985,"0",0.0939113117109458
"980","Argentina","Nicolás Alejandro Tagliafico","Left Back","Mohammed Khalil Al Owais",2,62,47,0.448108,FALSE,"From Corner","Normal","Other","Saved",116.1,37.2,119.4,39.6,4.80104155366312,0.721110255092792,54.3235917781381,56.30993247402,1.98634069588196,7.61693527715463,4.08044115262064,0,0,0,0,1,12.817,0.44800000000032,"0",0.17920873213863
"981","Argentina","Lautaro Javier Martínez","Left Center Forward","Mohammed Khalil Al Owais",2,68,35,0.390929,TRUE,"From Corner","Normal","Head","Off T",116.5,31.1,119,39.5,9.56347217280418,1.11803398874989,21.467651439099,63.434948822922,41.967297383823,9.64271099098341,8.76413144584219,0,0,1,0,1,1.22800000000007,85.9839999999995,"0",0.195525241108878
"982","Argentina","Ángel Fabián Di María Hernández","Right Midfield","Mohammed Khalil Al Owais",2,71,54,0.569161,FALSE,"From Throw In","Normal","Right Foot","Saved",111.4,54.4,118.1,43.3,16.772596698186,3.80788655293195,149.153412587851,150.068488159492,0.915075571640699,22.7797379066562,12.9653384066903,0,0,0,0,1,39.6080000000002,0.568999999999505,"0",0.175743471593221
"983","Argentina","Ángel Fabián Di María Hernández","Right Midfield","Mohammed Khalil Al Owais",2,73,37,0.777095,FALSE,"From Throw In","Half Volley","Left Foot","Blocked",86.7,57.3,104.8,49.6,37.5257245099945,17.9777640433954,117.452757415277,122.275644314578,4.82288689930111,20.9000255647723,19.6697737658571,0.107790670750085,3,5,2,1,47.8150000000005,0.896999999999935,"0",0.0101149712191708
"984","Argentina","Enzo Fernandez","Left Defensive Midfield","Mohammed Khalil Al Owais",2,75,19,0.886367,FALSE,"From Corner","Normal","Head","Off T",108.2,39.6,119.6,40.1,11.8067777145164,0.412310562561772,88.0585136090857,104.036243467927,15.9777298588408,13.9860506695865,11.4109596441316,0.331899312563685,3,7,2,1,1.65099999999984,0.886000000000422,"0",0.0625691319794109
"985","Argentina","Lionel Andrés Messi Cuccittini","Right Center Forward","Mohammed Khalil Al Owais",2,83,31,0.562926,FALSE,"Regular Play","Normal","Head","Saved",113.6,32.2,119.1,38.1,10.0895986045036,2.10237960416287,39.3693172423648,25.3461759419468,14.0231413004179,15.7051094497681,8.06597793203031,0,0,1,0,1,37.1880000000001,0.563000000000102,"0",0.248705244213268
"986","Argentina","Nicolás Hernán Otamendi","Right Center Back","Mohammed Khalil Al Owais",2,90,34,0.424789,TRUE,"From Corner","Normal","Head","Wayward",109.5,37.8,119.4,40,10.7280007457121,0.599999999999994,78.1663546938393,90,11.8336453061607,17.2670392320821,10.1414989030222,0.457630211281325,3,7,2,1,1.57299999999941,27.8429999999998,"0",0.0671678165158318
"987","Argentina","Julián Álvarez","Left Midfield","Mohammed Khalil Al Owais",2,100,3,0.932726,TRUE,"From Corner","Normal","Head","Saved",112.5,33.2,118.2,37.7,10.1237344888139,2.92061637330204,47.8024515198668,38.0470425318261,9.75540898804073,9.4200794816436,7.26223106214612,0,1,1,0,1,12.3520000000008,0,"0",0.13624103883486
"988","Senegal","Ismaïla Sarr","Right Wing","Meshaal Aissa Barsham",1,3,50,0.532606,TRUE,"Regular Play","Normal","Right Foot","Off T",113.5,52.4,118.1,44.5,14.0003571383019,4.88466989672793,152.336761672182,157.109448343752,4.77268667156963,18.6342561304972,9.14166286842826,0,1,2,0,1,46.526,0.533000000000015,"0",0.273267480792559
"989","Senegal","Nampalys Mendy","Right Defensive Midfield","Meshaal Aissa Barsham",1,8,9,1.154027,FALSE,"From Throw In","Half Volley","Right Foot","Off T",93.8,39.3,115.4,40.3,26.2093494768565,4.60977222864644,88.469560817985,93.7313969991605,5.26183618117548,23.1803076751205,21.6231357577943,0.435061661154866,5,8,3,1,21.804,1.154,"0",0.0169491576152283
"990","Qatar","Akram Hassan Afif","Left Center Forward","Edouard Mendy",1,14,36,1.203853,FALSE,"From Free Kick","Half Volley","Right Foot","Off T",92.5,41.5,119.2,39.8,27.5408787078408,0.82462112512353,93.1221304621157,75.9637565320733,17.1583739300424,22.8584186039608,26.7540651116798,0.208297982646341,7,10,2,1,19.987,1.20400000000006,"0",0.0171782480611983
"991","Senegal","Krépin Diatta","Left Wing","Meshaal Aissa Barsham",1,15,22,0.134545,TRUE,"From Goal Kick","Normal","Left Foot","Saved",111.2,26.7,118.4,36.1,15.9477271107829,4.2154477816716,33.490778661791,22.3062050549076,11.1845736068834,86.9851596422629,11.8406080924926,0.854357657716762,0,1,1,1,26.477,0.620000000000005,"0",0.191873758976701
"992","Senegal","Famara Diedhiou","Center Forward","Meshaal Aissa Barsham",1,16,3,0.595487,FALSE,"From Corner","Normal","Head","Off T",112.9,38.6,114.1,38.8,7.23671196055224,6.02079728939615,78.8453402610717,78.5034369824142,0.341903278657497,17.3431709445062,1.21655250605963,0.660298939966636,2,4,2,1,1.94899999999996,108.966,"0",0.100817004243318
"993","Senegal","Idrissa Gana Gueye","Left Defensive Midfield","Meshaal Aissa Barsham",1,23,44,0.889152,FALSE,"From Free Kick","Normal","Right Foot","Off T",95.4,52.7,118.5,41.5,27.6848333930331,2.12132034355964,117.305504679681,135,17.6944953203188,34.215951772713,25.6719691492491,0,4,7,0,1,28.174,0.889000000000124,"0",0.0272142415135005
"994","Qatar","Abdelkarim Hassan Al Haj Fadlalla","Left Center Back","Edouard Mendy",1,25,26,0.115397,FALSE,"From Goal Kick","Normal","Left Foot","Blocked",93.6,20.3,115.2,36.4,32.9400971461834,6,53.2692539433793,53.1301023541559,0.139151589223403,8.17523950540889,26.9401187822177,0,2,4,0,1,33.1680000000001,1.11500000000001,"0",0.0544956976859936
"995","Senegal","Boulaye Dia","Center Attacking Midfield","Meshaal Aissa Barsham",1,40,20,0.638001,FALSE,"Regular Play","Normal","Right Foot","Goal",107.2,33.3,113.9,37.1,14.447491131681,6.75425791630731,62.3707533305343,64.5731258304102,2.20237249987589,20.884040035742,7.70259696466069,0,0,3,0,1,38.8449999999998,1.22600000000011,"1",0.158801587734096
"996","Senegal","Famara Diedhiou","Center Forward","Meshaal Aissa Barsham",2,47,51,0.726161,FALSE,"From Corner","Normal","Head","Goal",112.5,48.1,118.9,41.6,11.0390216957845,1.94164878389476,137.202598161766,145.491477012332,8.28887885056596,18.44806886773,9.12195154558497,1.41476633152357,3,4,2,1,1.16499999999996,0.726000000000113,"1",0.0495311619361587
"997","Qatar","Abdelkarim Hassan Al Haj Fadlalla","Left Center Back","Edouard Mendy",2,54,58,0.14481,FALSE,"From Free Kick","Half Volley","Right Foot","Blocked",111.6,39.3,118.3,40.1,8.42911620515461,1.70293863659264,85.2363583092737,93.3664606634297,8.13010235415604,7.87359591947481,6.74759216313494,0.715341581323081,2,4,2,1,3.03800000000001,37.5920000000001,"0",0.127654052768405
"998","Senegal","Ismaïla Sarr","Right Wing","Meshaal Aissa Barsham",2,56,39,0.111591,FALSE,"Regular Play","Half Volley","Left Foot","Blocked",112.1,27.2,116.7,34.2,15.0416089564913,6.67308024828114,31.6823660270506,29.6383836881513,2.04398233889931,5.7380292652928,8.37615663654878,0.745355992499928,0,1,1,1,5.59299999999985,0.312000000000353,"0",0.15993462028123
"999","Senegal","Famara Diedhiou","Center Forward","Meshaal Aissa Barsham",2,58,16,0.144295,TRUE,"Regular Play","Half Volley","Right Foot","Blocked",108.8,48.6,117.5,42.4,14.1209064864831,3.46554469023269,127.519113820476,133.830860672093,6.31174685161625,7.13512605494788,10.6831643252362,0.743294146247164,1,2,1,1,80.1010000000001,0.378999999999905,"0",0.0921347936550038
"1000","Qatar","Abdelkarim Hassan Al Haj Fadlalla","Left Center Back","Edouard Mendy",2,60,36,1.665066,FALSE,"From Throw In","Normal","Right Foot","Off T",89.5,22.9,118.3,39.9,34.9665554494577,1.70293863659264,60.722580103838,86.6335393365703,25.9109592327322,22.6914730825818,33.4430859820083,0.060155885408855,4,9,1,1,5.54300000000012,1.66499999999996,"0",0.0162192972504719
"1001","Qatar","Almoez Ali Zainalabiddin Abdulla","Right Center Forward","Edouard Mendy",2,62,12,0.712556,FALSE,"Regular Play","Normal","Left Foot","Saved",102.6,34.4,114.8,38.5,18.2789496415959,5.41202365109393,72.1597956922965,73.9091836511478,1.74938795885134,17.7805656983725,12.8705089254466,0,1,3,0,1,18.3769999999995,0.712999999999738,"0",0.090894182262823
"1002","Qatar","Ismaeel Mohammad Mohammad","Right Wing Back","Edouard Mendy",2,66,21,0.454307,FALSE,"From Throw In","Normal","Other","Saved",113.2,40.5,118,39.7,6.81835757349231,2.02237484161567,94.2053570017086,81.469234390052,12.7361226116567,10.7946387224843,4.86621002423857,0,0,0,0,1,41.2650000000003,0.453999999999724,"0",0.212253679426915
"1003","Senegal","Nampalys Mendy","Right Center Midfield","Meshaal Aissa Barsham",2,68,48,0.885991,FALSE,"From Throw In","Normal","Right Foot","Off T",107.3,53.4,118,43,18.4621233881696,3.60555127546399,136.536300128884,146.30993247402,9.77363234513643,19.720911273107,14.9214610544678,0,2,1,0,1,18.6379999999999,0.886000000000422,"0",0.107103308250947
"1004","Qatar","Mohammed Muntari","Left Center Forward","Edouard Mendy",2,77,39,0.698266,TRUE,"From Free Kick","Normal","Head","Goal",110.1,38.7,118.9,39.9,9.9849887330933,1.10453610171872,82.5191138204763,84.8055710922651,2.28645727178883,14.4104193799341,8.88144132446982,0.485071250072665,0,5,1,1,30.3069999999998,0.69800000000032,"1",0.125450029781496
"1005","Senegal","Boulaye Dia","Left Wing","Meshaal Aissa Barsham",2,80,53,0.342063,TRUE,"From Free Kick","Normal","Head","Wayward",107.1,38.8,117.5,39.4,12.9556937290135,2.57099202643649,84.6854543300553,76.5042667192042,8.1811876108511,82.7622170887018,10.4172933144843,0,1,4,0,1,1.94200000000001,0.341999999999643,"0",0.147270711290907
"1006","Senegal","Cheikh Ahmadou Bamba Mbacke Dieng","Center Forward","Meshaal Aissa Barsham",2,83,6,0.167931,FALSE,"From Throw In","Normal","Right Foot","Goal",107.8,45.3,117.5,42.2,13.3015036743971,3.33016516106934,113.481390682608,131.347777219694,17.866386537086,74.8131019265742,10.1833196944808,0.380142960634852,2,4,1,1,20.1600000000008,0,"1",0.103473800330402
"1007","Qatar","Abdelkarim Hassan Al Haj Fadlalla","Left Wing Back","Edouard Mendy",2,88,5,0.88057,FALSE,"From Free Kick","Normal","Left Foot","Off T",95.4,52.1,117.7,40.6,27.4147770372111,2.37697286480094,116.191185165149,104.620873988632,11.570311176517,29.0767357892979,25.0906357033854,0.208242969705863,4,10,1,1,1.32499999999982,0.881000000000313,"0",0.0226894143925511
"1008","Qatar","Mohammed Muntari","Left Center Forward","Edouard Mendy",2,89,57,0.029075,TRUE,"Regular Play","Normal","Head","Blocked",110.5,39.5,118.2,39.4,9.51314879522022,1.89736659610103,86.9872124958167,71.5650511770779,15.4221613187388,34.3938091143594,7.70064932327139,0.90535746042519,0,1,1,1,13.1760000000004,5.83500000000004,"0",0.101698498490501
"1009","Qatar","Almoez Ali Zainalabiddin Abdulla","Right Center Forward","Edouard Mendy",2,93,47,0.986003,FALSE,"From Counter","Normal","Left Foot","Off T",97.1,41.8,114.5,40,22.9706334261814,5.5,94.494357652632,90,4.49435765263202,24.2273924582672,17.4928556845359,0.209749185060452,0,4,1,1,7.17699999999968,0.985999999999876,"0",0.0434486311568071
"1010","United States","Christian Pulisic","Left Wing","Andries Noppert",1,2,10,0.268996,FALSE,"From Throw In","Half Volley","Left Foot","Saved",107.1,34.9,114.1,37.8,13.8715536260363,6.29682459657247,68.4286928087454,69.5504523892074,1.12175958046201,28.4603370242282,7.57693869580585,0,0,0,0,1,13.295,4.97499999999999,"0",0.131619813130032
"1011","Netherlands","Memphis Depay","Left Center Forward","Matthew Charles Turner",1,9,31,0.493723,FALSE,"Regular Play","Normal","Right Foot","Goal",104.9,43.7,117.3,41.9,15.546703830716,3.30151480384384,103.768090451483,125.134193056916,21.3661026054326,33.9704661864759,12.5299640861417,0.118912873538624,3,5,1,1,62.913,0.494000000000028,"1",0.098318819701815
"1012","Netherlands","Daley Blind","Left Wing Back","Matthew Charles Turner",1,17,4,0.959949,FALSE,"Regular Play","Normal","Left Foot","Off T",103.6,30.6,116.7,39.3,18.9029098289126,3.3734255586866,60.1799274345263,78.0238675557966,17.8439401212703,17.6355875187615,15.7257750206468,0.471404520791032,1,4,1,1,49.2910000000001,0.960000000000036,"0",0.0709741268203497
"1013","Netherlands","Memphis Depay","Left Center Forward","Matthew Charles Turner",1,20,20,2.358397,FALSE,"From Free Kick","Half Volley","Right Foot","Off T",106.1,62.1,117.4,43.6,26.1078532246525,4.4407206622349,147.83177904253,144.162347045722,3.6694319968083,14.6379180252544,21.6780995477002,0,0,0,0,1,5.47499999999991,2.35799999999995,"0",0.0950021099171948
"1014","United States","Timothy Weah","Right Wing","Andries Noppert",1,42,7,0.706646,FALSE,"Regular Play","Half Volley","Right Foot","Saved",97.5,53.3,118.4,43.2,26.1369470290621,3.57770876399966,120.587805369133,153.434948822922,32.8471434537891,32.5382757787019,23.2124966343562,0,4,7,0,1,30.373,5.17100000000028,"0",0.0377436607638552
"1015","United States","Sergino Dest","Right Back","Andries Noppert",1,43,58,0.138231,FALSE,"Regular Play","Normal","Right Foot","Blocked",105.2,46.2,116.3,42.5,16.0461833468274,4.46542271235322,112.729732079945,124.045937356602,11.3162052766569,17.8673221422524,11.700427342623,0.39904344223381,2,3,1,1,41.625,0.19800000000032,"0",0.0812292590529101
"1016","Netherlands","Daley Blind","Left Wing Back","Matthew Charles Turner",1,45,36,0.452597,FALSE,"From Throw In","Normal","Right Foot","Goal",107.6,38.5,118.2,41.6,12.4903963107661,2.40831891575846,83.1025724422483,131.63353933657,48.530966894322,27.454401274439,11.0440028975005,0.187878339317631,3,6,1,1,8.55799999999999,63.067,"1",0.10964345758433
"1017","United States","Weston McKennie","Right Center Midfield","Andries Noppert",2,48,45,0.195112,TRUE,"From Corner","Normal","Head","Wayward",109.1,36.5,118.9,39.1,11.4481439543709,1.42126704035518,72.1981279485092,50.7105931374995,21.4875348110096,22.6035067768256,10.1390334845093,0.0970690809816166,4,7,1,1,2.05199999999968,10.3699999999999,"0",0.0850306602751927
"1018","United States","Tim Ream","Left Center Back","Andries Noppert",2,48,46,0.184161,FALSE,"From Corner","Half Volley","Left Foot","Saved",116.5,37.1,118.2,37.6,4.5453272709454,3,50.3558250428552,36.869897645844,13.4859273970112,9.23105326317732,1.77200451466694,0.559312965194847,0,3,2,1,3.18799999999965,9.23399999999992,"0",0.1334355888792
"1019","United States","Weston McKennie","Right Center Midfield","Andries Noppert",2,48,55,0.872924,TRUE,"From Corner","Normal","Head","Wayward",108.4,37,117.9,40.1,11.9816526406001,2.10237960416286,75.4998332334474,92.7263109939065,17.226477760459,8.46873706223048,9.9929975482835,0,1,3,0,1,11.549,0.872999999999593,"0",0.0868147154382284
"1020","United States","Sergino Dest","Right Back","Andries Noppert",2,50,49,0.961667,FALSE,"From Free Kick","Normal","Left Foot","Wayward",100.9,57.3,117.1,42.6,25.7701377567137,3.89486841883009,132.168998322135,131.877869537884,0.291128784250446,61.7912840760344,21.875328568961,0.454076609186502,5,7,1,1,34.931,0.96100000000024,"0",0.0400541637619652
"1021","United States","Christian Pulisic","Left Wing","Andries Noppert",2,52,0,0.931128,FALSE,"From Throw In","Normal","Right Foot","Saved",98.4,27.3,116.4,37.9,25.0569351677335,4.16773319683494,59.5460487225334,59.7435628364707,0.197514113937245,22.5440828988529,20.8892316756744,0,2,4,0,1,16.4349999999999,0,"0",0.049600561101237
"1022","United States","Weston McKennie","Right Center Midfield","Andries Noppert",2,53,0,0.531297,FALSE,"Regular Play","Half Volley","Left Foot","Off T",102.1,35,118.4,38.5,18.585209172888,2.19317121994613,74.3933778570689,46.8476102659945,27.5457675910744,35.7169361193776,16.6715326230074,0.525393037941464,5,7,3,1,18.395,0.530999999999949,"0",0.0518331850725325
"1023","Netherlands","Cody Mathès Gakpo","Center Attacking Midfield","Matthew Charles Turner",2,60,39,0.225666,FALSE,"Regular Play","Normal","Left Foot","Blocked",100,50.7,117.7,40.3,22.6823720099993,2.31948270094864,118.146781214122,97.4314079711724,20.7153732429496,26.2198331915078,20.5292474289731,0.161880977059544,1,5,1,1,19.183,4.49699999999984,"0",0.0433937896682304
"1024","Netherlands","Memphis Depay","Left Center Forward","Matthew Charles Turner",2,60,42,0.764043,FALSE,"Regular Play","Normal","Right Foot","Saved",98.6,47,117.2,40.4,22.515772249692,2.82842712474619,108.113065807523,98.130102354156,9.98296345336733,25.9652908813228,19.7362610440782,0.378777009539284,3,6,1,1,22.9160000000002,0.763999999999669,"0",0.0330512608793229
"1025","United States","Timothy Weah","Right Wing","Andries Noppert",2,62,41,0.350954,FALSE,"Regular Play","Normal","Left Foot","Blocked",99.1,51,116.8,42.2,23.6180016089423,3.88329756778952,117.75854060106,124.508522987668,6.74998238660841,31.5368162511022,19.7668915108067,0,4,5,0,1,17.04,106.692,"0",0.0475271902925154
"1026","Netherlands","Virgil van Dijk","Center Back","Matthew Charles Turner",2,70,10,1.001438,TRUE,"From Corner","Normal","Head","Off T",111.8,41.3,119.1,40.8,8.30240928887513,1.20415945787923,99.0085037420252,131.63353933657,32.6250355945447,8.45247763867938,7.31710325197068,1.28036879932897,3,4,1,1,1.91699999999946,1.00200000000041,"0",0.0489444408200296
"1027","Netherlands","Teun Koopmeiners","Right Defensive Midfield","Matthew Charles Turner",2,70,52,0.685364,FALSE,"Regular Play","Normal","Left Foot","Saved",94.5,37.8,117.7,39.2,25.5947260192408,2.43515913237718,85.069044698027,70.8209919741893,14.2480527238377,33.9968463346287,23.2422029936923,0.171776684306024,4,5,1,1,8.43199999999979,2.09400000000005,"0",0.0262105785626364
"1028","Netherlands","Memphis Depay","Left Center Forward","Matthew Charles Turner",2,70,54,0.350179,FALSE,"Regular Play","Diving Header","Head","Saved",113.1,34.4,117.8,37.1,8.88650662521556,3.64005494464026,50.9374160994815,37.1847064532332,13.7527096462483,14.3410993000605,5.42033209314707,0,0,0,0,1,10.1759999999995,0.350000000000364,"0",0.246002049457557
"1029","United States","Giovanni Reyna","Right Wing","Andries Noppert",2,73,13,0.433272,FALSE,"Regular Play","Normal","Left Foot","Off T",98.9,49.9,117.1,41.7,23.307080469248,3.36154726279433,115.13570259659,120.379126011368,5.24342341477833,86.7403770072695,19.9619638312467,0.587370139119668,2,5,2,1,37.7039999999997,0.434000000000196,"0",0.0323504188957474
"1030","United States","Haji Wright","Center Forward","Andries Noppert",2,74,14,0.65479,FALSE,"Regular Play","Normal","Right Foot","Blocked",115.2,55.6,114.5,50.7,16.3217646104825,12.0307938225206,162.897271030948,152.79598892393,10.1012821070172,18.1590009122037,4.94974746830583,0,0,1,0,0,1.78200000000015,42.2699999999995,"0",0.365962350763152
"1031","United States","Haji Wright","Center Forward","Andries Noppert",2,75,20,1.678726,FALSE,"From Corner","Normal","Right Foot","Goal",115.1,45.2,118.4,43.9,7.14492827115851,4.2154477816716,136.701354605326,157.693794945092,20.9924403397663,5.69031907963027,3.54682957019365,0,0,0,0,1,10.8270000000002,1.67900000000009,"1",0.210278529523258
"1032","Netherlands","Steven Bergwijn","Right Center Forward","Matthew Charles Turner",2,77,21,0.763735,FALSE,"Regular Play","Normal","Right Foot","Off T",109.5,32.8,112,34.2,12.7314571043538,9.8812954616285,55.5610106911964,54.0578881286177,1.50312256257871,13.9487761366689,2.86530975637888,0,0,0,0,1,8.77700000000004,0.764000000000124,"0",0.215388204723471
"1033","United States","Christian Pulisic","Left Wing","Andries Noppert",2,78,7,0.73557,FALSE,"From Goal Kick","Normal","Left Foot","Saved",99.5,25.3,117.3,37.6,25.2257804636447,3.61247837363769,54.3567079875287,48.3664606634299,5.9902473240988,29.4143481520742,21.6363120702212,0.232810098589859,4,6,1,1,19.7550000000001,0.735000000000582,"0",0.0795385521723112
"1034","Netherlands","Denzel Dumfries","Right Wing Back","Matthew Charles Turner",2,80,28,0.587038,FALSE,"From Keeper","Volley","Left Foot","Goal",113.5,44.3,118.5,41.6,7.79358710735948,2.19317121994613,123.486168815513,136.847610265995,13.3614414504816,17.0355240844726,5.68242905807015,0,1,0,0,1,35.4769999999999,92.125,"1",0.274893493255349
"1035","United States","Walker Zimmerman","Right Center Back","Andries Noppert",2,85,25,0.165759,FALSE,"From Corner","Volley","Right Foot","Off T",107.2,43,118.1,39.8,13.1468627436358,1.91049731745429,103.190610712207,83.9909940425055,19.1996166697014,92.6961460132829,11.3600176056202,0.956543819524641,6,8,4,1,4.0619999999999,0.166000000000167,"0",0.0396389958425805
"1036","United States","Giovanni Reyna","Right Wing","Andries Noppert",2,88,48,0.131737,FALSE,"Regular Play","Normal","Left Foot","Blocked",103.1,51.4,117.2,42.3,20.3855340866998,3.62353418639868,124.001878213733,129.400660663479,5.39878244974686,7.81529117938548,16.7815374742602,1.08014230972396,4,6,3,1,39.0479999999998,17.4630000000006,"0",0.0325991288235355
"1037","United States","Yunus Dimoara Musah","Right Center Midfield","Andries Noppert",2,93,29,0.170261,FALSE,"From Throw In","Half Volley","Right Foot","Blocked",103.9,44.2,117.7,41,16.6388100536066,2.50798724079689,104.620873988632,113.498565675952,8.87769168732042,15.9014529113312,14.1661568535718,0.639117467078881,6,7,3,1,22.5189999999993,15.7800000000007,"0",0.045464541794063
"1038","United States","Haji Wright","Center Forward","Andries Noppert",2,94,7,0.194509,TRUE,"From Throw In","Normal","Head","Wayward",111.3,40.2,118.8,41,8.70229854693575,1.56204993518133,91.3169124057931,129.805571092265,38.488658686472,73.9504028599574,7.54254598925323,2.18866384652978,1,6,2,1,6.30000000000018,9.98899999999958,"0",0.0394648422786907
"1039","England","John Stones","Right Center Back","Edouard Mendy",1,20,25,0.49044,FALSE,"From Corner","Normal","Other","Off T",113.5,45.4,119,40.9,8.4504437753292,1.34536240470737,129.718759371555,131.987212495817,2.26845312426178,13.4418479111406,7.10633520177595,1.85695338177051,3,4,1,1,1.28200000000015,0.490000000000009,"0",0.0397323472583451
"1040","Senegal","Boulaye Dia","Center Forward","Jordan Pickford",1,21,59,0.168042,FALSE,"Regular Play","Volley","Right Foot","Blocked",108.6,42.7,117.9,41.1,11.71537451386,2.37065391822594,103.324531261891,117.645975363739,14.321444101848,4.90723227004882,9.43663075467087,1.21267812518165,1,2,1,1,9.43200000000002,1.65099999999984,"0",0.0633314469126872
"1041","Senegal","Ismaïla Sarr","Left Wing","Jordan Pickford",1,22,0,0.473191,FALSE,"Regular Play","Half Volley","Right Foot","Off T",115.7,40.5,117.1,40.7,4.32897216438267,2.98328677803527,96.6325146151385,103.570434385161,6.93791977002302,9.85129642855139,1.41421356237309,0,0,0,0,1,10.6099999999999,0.472999999999956,"0",0.324810162886815
"1042","Senegal","Boulaye Dia","Center Forward","Jordan Pickford",1,31,1,0.288614,FALSE,"From Free Kick","Normal","Left Foot","Saved",112.8,28.9,118.5,36.5,13.23064624272,3.80788655293195,32.9694039034621,23.1985905136482,9.77081338981395,34.4136827619836,9.5,0.894427190999916,0,1,1,1,94.5219999999999,0.288999999999987,"0",0.144068520052104
"1043","England","Jordan Brian Henderson","Right Center Midfield","Edouard Mendy",1,38,0,0.829394,FALSE,"From Goal Kick","Normal","Left Foot","Goal",107.6,38,115.9,36.9,12.5602547744861,5.14003891035855,80.8376529542783,52.9071627029584,27.9304902513199,15.8240893331839,8.3725742755738,0.40655781409087,2,4,1,1,15.1579999999999,0.829000000000178,"1",0.150512646768957
"1044","England","Harry Kane","Center Forward","Edouard Mendy",1,40,39,0.273937,FALSE,"From Goal Kick","Normal","Right Foot","Off T",110,39.3,118.9,41.3,10.0244700608062,1.70293863659263,85.9958270592906,139.763641690726,53.7678146314356,36.8607542942044,9.12195154558497,0.34401045807689,3,5,1,1,9.96500000000015,0.273999999999887,"0",0.20059920163596
"1045","England","Harry Kane","Center Forward","Edouard Mendy",1,47,17,0.967959,TRUE,"Regular Play","Normal","Right Foot","Goal",104.3,50.7,112.3,46,18.9994736769206,9.76165969494942,124.275551462529,127.926462325039,3.65091086250982,20.1054420040879,9.2784697014109,0,1,1,0,1,10.2739999999999,53.1790000000001,"1",0.109534917782757
"1046","Senegal","Pape Matar Sarr","Center Attacking Midfield","Jordan Pickford",2,49,10,1.324742,FALSE,"Regular Play","Half Volley","Left Foot","Off T",92.8,35.2,117.4,38.9,27.6202824026113,2.82311884269862,79.9920201985586,67.0678995624101,12.9241206361485,22.9558091266051,24.8766959220874,0.175666541934183,4,9,2,1,28.9829999999997,1.32500000000027,"0",0.0218255195828137
"1047","England","Bukayo Saka","Right Wing","Edouard Mendy",2,53,40,0.514353,FALSE,"Regular Play","Normal","Right Foot","Off T",107.7,53.4,116.6,44,18.1892825586937,5.24976189936268,137.450852637771,139.635463426903,2.18461078913157,27.047310775396,12.9448831589937,0.537603330570471,1,3,1,1,6.36199999999963,0.515000000000327,"0",0.095862562619522
"1048","England","Harry Kane","Center Forward","Edouard Mendy",2,55,45,0.859711,FALSE,"From Goal Kick","Normal","Right Foot","Saved",90.5,27.1,116.9,38.4,32.1972048476261,3.48855270850248,66.380811808541,62.7004277886671,3.68038401987385,33.1987999197554,28.7167198683972,0.230082729614619,4,7,1,1,44.6970000000001,0,"0",0.0264799379742049
"1049","England","Bukayo Saka","Right Wing","Edouard Mendy",2,56,43,0.996997,TRUE,"Regular Play","Normal","Left Foot","Goal",111,35.9,114.2,37.2,9.88989383158384,6.44049687524184,65.5080989717684,64.2306723756613,1.27742659610711,10.3757220831557,3.45398320783411,0,0,1,0,1,11.337,0.996999999999844,"1",0.22110580373753
"1050","Senegal","Pape Matar Sarr","Center Attacking Midfield","Jordan Pickford",2,68,25,0.087019,FALSE,"From Free Kick","Normal","Right Foot","Blocked",89,36.2,117.9,39.7,31.2320348360461,2.12132034355964,83.0115102700166,81.8698976458441,1.14161262417248,19.6706957889929,29.1111662425263,0.67441592287975,5,8,3,1,21.3560000000007,19.0729999999994,"0",0.00868491962561872
"1051","Senegal","Ismaïla Sarr","Left Wing","Jordan Pickford",2,83,38,0.760937,FALSE,"Regular Play","Normal","Head","Off T",111.6,39.3,118,40.2,8.42911620515461,2.00997512422418,85.2363583092737,95.7105931374997,10.474234828226,11.1912911875983,6.46297145282262,0,0,2,0,1,61.0269999999991,15.6980000000003,"0",0.210901822541651
"1052","Senegal","Pape Gueye","Center Attacking Midfield","Jordan Pickford",2,86,12,0.345308,FALSE,"From Throw In","Normal","Left Foot","Blocked",96.7,52.4,117.5,42.2,26.3941281348712,3.33016516106934,118.021409811418,131.347777219694,13.326367408276,23.2436175076408,23.1663549139695,0.115003320768832,4,7,1,1,3.82400000000052,1.44399999999951,"0",0.0250618258107815
"1053","Senegal","Pape Matar Sarr","Right Defensive Midfield","Jordan Pickford",2,88,51,0.969461,FALSE,"From Free Kick","Normal","Right Foot","Off T",93.1,38.3,118.7,40.6,26.9536639438871,1.43178210632763,86.3838861038453,114.775140568832,28.3912544649867,27.9812592518475,25.7031126519727,0.26271082990197,3,9,2,1,25.665,0.969000000000051,"0",0.0200721052421827
"1054","England","Marcus Rashford","Right Wing","Edouard Mendy",2,90,23,0.460805,TRUE,"From Goal Kick","Half Volley","Right Foot","Off T",117.8,45.9,119.1,42.7,6.29682459657247,2.84604989415155,159.550452389207,161.565051177078,2.01459878787051,5.65896846188965,3.4539832078341,1.66666666666666,1,3,1,1,54.9929999999995,0.46100000000024,"0",0.21048307677119
"1055","Argentina","Alejandro Darío Gómez","Left Wing","Mathew Ryan",1,16,29,0.938361,FALSE,"From Free Kick","Normal","Right Foot","Off T",98.2,20.1,118.4,37.3,29.5169442862909,3.13847096529504,47.6087947467495,30.6506679570528,16.9581267896967,37.3142988679444,26.5307368913869,0,4,7,0,1,103.1,0.937999999999988,"0",0.0640935296957278
"1056","Australia","Harry Souttar","Right Center Back","Damián Emiliano Martínez",1,28,9,0.432666,TRUE,"From Corner","Normal","Head","Blocked",111.9,44,118.5,41.5,9.03382532485546,2.12132034355964,116.28141102132,135,18.7185889786798,8.65408662887726,7.05761999543755,3.73842057896057,2,6,2,1,1.89200000000005,16.7639999999999,"0",0.00725619208315621
"1057","Argentina","Lionel Andrés Messi Cuccittini","Right Center Forward","Mathew Ryan",1,34,35,0.883672,FALSE,"From Free Kick","Normal","Left Foot","Goal",104.2,48.9,117.1,41.6,18.1342217919601,3.31209903233584,119.392175755239,118.886581766911,0.505593988328627,22.3160183505979,14.8222805262888,0.151846675822246,2,7,1,1,11.2449999999999,0.882999999999811,"1",0.0802810602464412
"1058","Argentina","Lionel Andrés Messi Cuccittini","Right Center Forward","Mathew Ryan",2,49,59,0.038189,FALSE,"Regular Play","Normal","Left Foot","Saved",99.8,38.5,117.8,39.7,20.2556165050585,2.22036033111745,85.7531573929766,82.2348339815748,3.51832341140181,449.492351229516,18.0399556540475,0.431130613559227,5,8,1,1,30.556,0.0380000000000109,"0",0.0876010751433036
"1059","Argentina","Lionel Andrés Messi Cuccittini","Right Center Forward","Mathew Ryan",2,65,50,0.893309,FALSE,"From Corner","Normal","Left Foot","Off T",95.4,33.6,117.1,38.7,25.4188906130854,3.17804971641414,75.4170576705159,65.8544580395784,9.5625996309375,27.6289244922018,22.2912538902593,0.212429644331044,3,8,1,1,61.1659999999997,0.893000000000029,"0",0.0165926360245383
"1060","Argentina","Nicolás Alejandro Tagliafico","Left Wing Back","Mathew Ryan",2,74,43,1.906571,FALSE,"Regular Play","Normal","Left Foot","Off T",103.2,24.9,117.7,37.5,22.588713996153,3.3970575502926,48.0504944941414,42.6140559696112,5.43643852453025,15.6678629560034,19.2096330001382,0,0,1,0,1,12.1620000000003,1.90599999999995,"0",0.102115132138925
"1061","Australia","Craig Goodwin","Left Midfield","Damián Emiliano Martínez",2,76,9,0.448576,FALSE,"Regular Play","Half Volley","Left Foot","Blocked",98.2,22.6,118.3,36.5,27.8926513619627,3.89101529166875,51.4043527263841,25.9065079995144,25.4978447268697,17.3955014756914,24.4380850313604,0,4,6,0,1,22.531,1.32300000000032,"0",0.060269139409364
"1062","Australia","Aziz Eraltay Behich","Left Back","Damián Emiliano Martínez",2,80,8,0.158058,FALSE,"From Free Kick","Normal","Right Foot","Blocked",110.6,33.2,116.5,36.3,11.6017240098185,5.09313263129874,54.1178627537958,43.4088597288054,10.7090030249904,5.96868309864524,6.66483308118066,0.735214622093807,1,4,1,1,37.7259999999997,0.716000000000349,"0",0.123476736558793
"1063","Australia","Ajdin Hrustic","Right Midfield","Damián Emiliano Martínez",2,80,41,1.234929,TRUE,"From Corner","Normal","Left Foot","Off T",100,52.7,117.2,41.9,23.6915596785015,3.38378486313772,122.415547329859,124.159694545669,1.74414721581076,20.9953643690677,20.3096036396578,0.469202912908879,5,9,2,1,4.1279999999997,1.91800000000057,"0",0.0187068003153363
"1064","Argentina","Lautaro Javier Martínez","Left Center Forward","Mathew Ryan",2,87,15,2.376645,FALSE,"From Free Kick","Normal","Right Foot","Off T",108.3,52.3,117.4,44,16.9758652209541,4.77074417675062,136.432096184165,146.976132444203,10.5440362600388,10.5960001291663,12.3166553901617,0.571661950475029,0,1,1,1,68.509,2.37700000000041,"0",0.0986748134323933
"1065","Argentina","Lautaro Javier Martínez","Left Center Forward","Mathew Ryan",2,88,11,0.659907,FALSE,"From Counter","Normal","Right Foot","Off T",107.6,31.9,117.3,38.2,14.8111444527423,3.24499614791759,56.8463941332194,56.3099324740203,0.536461659199155,27.4444281940862,11.5663304466023,0,1,1,0,1,6.75999999999931,0.659999999999854,"0",0.175926642328611
"1066","Argentina","Lautaro Javier Martínez","Left Center Forward","Mathew Ryan",2,92,10,0.13627,FALSE,"From Throw In","Normal","Left Foot","Saved",109.1,31.8,114.2,36.2,13.6400146627487,6.93397432934388,53.0460910074524,56.7682889320207,3.72219792456825,47.4503945412114,6.73572564761957,0,0,2,0,1,8.39300000000003,19.9200000000001,"0",0.174032891136271
"1067","Argentina","Lionel Andrés Messi Cuccittini","Right Center Forward","Mathew Ryan",2,92,50,0.71693,FALSE,"Regular Play","Normal","Left Foot","Off T",104.6,52.2,117.1,42.3,19.6468827043885,3.70135110466435,128.386539517685,128.418055344822,0.0315158271366727,30.6753016556174,15.9455322896415,0.242821465589316,2,4,1,1,17.21,0.717000000000553,"0",0.0778785742970812
"1068","Argentina","Exequiel Alejandro Palacios","Left Center Midfield","Mathew Ryan",2,93,43,0.348384,FALSE,"Regular Play","Normal","Right Foot","Blocked",103.6,50.1,118.6,43.7,19.260581507317,3.9560080889705,121.626990605876,159.274441134439,37.6474505285635,12.3560457713505,16.308280105517,0.282441904800974,3,4,2,1,30.1109999999999,19.9410000000007,"0",0.068888918706364
"1069","Argentina","Lionel Andrés Messi Cuccittini","Right Center Forward","Mathew Ryan",2,93,54,0.136651,TRUE,"Regular Play","Normal","Left Foot","Blocked",102.2,40,118.5,39.9,17.8,1.50332963783729,90,86.1859251657096,3.81407483429038,9.5413899718299,16.30030674558,0.833333333333331,1,6,1,1,42.0450000000001,8.00700000000052,"0",0.0372212336994087
"1070","Argentina","Lautaro Javier Martínez","Left Center Forward","Mathew Ryan",2,93,59,0.151796,FALSE,"Regular Play","Normal","Left Foot","Saved",108.3,30.8,118.5,37.2,14.883883901724,3.17647603485372,51.8211523647844,28.1785901099592,23.6425622548252,80.7588759689159,12.0415945787923,0.471404520791032,0,2,1,1,46.5590000000002,3.49300000000039,"0",0.127043682495431
"1071","Argentina","Lionel Andrés Messi Cuccittini","Right Center Forward","Mathew Ryan",2,94,0,2.218924,FALSE,"Regular Play","Half Volley","Left Foot","Wayward",106.4,37,118.5,37.6,13.9269522868429,2.83019433961698,77.5604379811534,32.0053832080835,45.5550547730699,9.74112215549972,12.1148668998054,0.203027376026789,1,4,1,1,47.8330000000005,2.21900000000005,"0",0.102965848060983
"1072","Australia","Garang Kuol","Left Center Forward","Damián Emiliano Martínez",2,96,36,0.706326,FALSE,"Regular Play","Normal","Right Foot","Saved",113.1,49.4,115.7,46.2,11.6606174793619,7.54519714785505,143.719746506237,145.256819841696,1.53707333545913,5.62047361736061,4.12310562561766,0,0,3,0,1,79.0140000000001,0,"0",0.283571552846191
"1073","France","Raphaël Varane","Right Center Back","Wojciech Szczęsny",1,3,12,0.659361,TRUE,"From Corner","Normal","Head","Off T",114.3,40,117.8,40,5.7,2.2,90,90,0,14.651678386897,3.5,5.33333333333338,2,6,2,1,1.541,0.658999999999992,"0",0.00265812931219521
"1074","France","Ousmane Dembélé","Right Wing","Wojciech Szczęsny",1,10,1,0.149089,FALSE,"From Corner","Normal","Right Foot","Blocked",116,51.8,118.5,44.2,12.459534501738,4.45982062419555,161.274212154727,160.346175941947,0.928036212780739,6.36320116206099,8.00062497558784,0.0698634804181292,3,2,1,1,45.978,0.269000000000005,"0",0.209701980211159
"1075","France","Aurélien Djani Tchouaméni","Right Defensive Midfield","Wojciech Szczęsny",1,12,5,1.030905,FALSE,"From Free Kick","Normal","Right Foot","Saved",87.8,30.9,117.9,38,33.4611715276079,2.9,74.2192466904846,46.3971810272963,27.8220656631883,29.6010762351751,30.926040807061,0.105350743396975,6,9,1,1,26.764,9.63300000000004,"0",0.0132285208212953
"1076","Poland","Robert Lewandowski","Center Forward","Hugo Lloris",1,20,9,1.096483,FALSE,"Regular Play","Normal","Left Foot","Off T",92.5,43.3,117.7,40.9,27.6972922864312,2.46981780704569,96.842773412631,111.370622269343,14.5278488567122,25.1836120970121,25.3140277316748,0,2,4,0,1,13.5549999999998,1.096,"0",0.0215950812254491
"1077","France","Jules Koundé","Right Back","Wojciech Szczęsny",1,21,22,0.957083,FALSE,"From Goal Kick","Normal","Right Foot","Saved",94.5,56.1,117.6,41.3,30.1572545169483,2.72946881279124,122.267189868791,118.442928624363,3.82426124442757,28.4283294148548,27.4344673722673,0.270171613479149,4,9,1,1,37.3810000000001,0.95699999999988,"0",0.0254963582194154
"1078","Poland","Przemysław Frankowski","Left Midfield","Hugo Lloris",1,24,4,0.296943,FALSE,"Regular Play","Normal","Right Foot","Blocked",109.5,24.7,118.1,36.8,18.5564005130305,3.72155881318568,34.4608162713718,30.6997225508145,3.7610937205573,13.5461589336127,14.8448644318498,0,2,4,0,1,131.153,38.204,"0",0.197186154216782
"1079","Poland","Matty Cash","Right Back","Hugo Lloris",1,33,57,1.617822,FALSE,"Regular Play","Normal","Right Foot","Wayward",99.1,56.2,117,41.2,26.4433356443547,3.2310988842807,127.779965861732,111.801409486352,15.9785563753797,33.0983108539692,23.3540146441677,0.24189615691743,3,5,1,1,90.277,1.61799999999994,"0",0.0347732669752616
"1080","France","Kylian Mbappé Lottin","Left Wing","Wojciech Szczęsny",1,34,52,0.393759,FALSE,"From Goal Kick","Normal","Left Foot","Saved",111.5,24.9,118.2,36.3,17.3280120036893,4.1146081222882,29.3757654188132,25.9422954898716,3.43346992894154,32.686259680278,13.2230858728211,0,2,3,0,1,35.6799999999998,0.394000000000233,"0",0.3146621388062
"1081","France","Olivier Giroud","Center Forward","Wojciech Szczęsny",1,35,31,1.454294,FALSE,"From Corner","Half Volley","Left Foot","Wayward",105.2,44.5,119.2,40.5,15.4690012605856,0.943398113205658,106.912106831791,122.005383208084,15.0932763762926,8.67735785482437,14.560219778561,0.763886829254688,6,8,3,1,4.4409999999998,1.90100000000029,"0",0.0299193086773664
"1082","Poland","Piotr Zieliński","Right Center Midfield","Hugo Lloris",1,37,8,0.391602,FALSE,"From Throw In","Normal","Right Foot","Saved",106.6,41.6,117.2,40.4,13.4951843262699,2.82842712474619,96.8090501796134,98.130102354156,1.32105217454253,27.0731166453666,10.6677082824757,0.215133862996682,3,6,2,1,8.16499999999996,9.81899999999996,"0",0.0918889269216297
"1083","Poland","Piotr Zieliński","Right Center Midfield","Hugo Lloris",1,37,9,0.332789,FALSE,"From Throw In","Half Volley","Left Foot","Blocked",111.4,43.9,117.4,41.2,9.44298681562142,2.86356421265527,114.393739386163,114.775140568832,0.381401182668853,12.8369683873528,6.57951365983839,0.38180309760035,3,5,2,1,9.07099999999991,8.91300000000001,"0",0.141617111126356
"1084","Poland","Jakub Kamiński","Right Midfield","Hugo Lloris",1,37,10,0.659105,FALSE,"From Throw In","Half Volley","Right Foot","Blocked",114.1,50.5,119,43.5,12.0440856855139,3.64005494464026,150.668160421753,164.054604099077,13.3864436773246,16.4880897421772,8.54458893101359,0.312487420403798,1,5,2,1,10.4179999999997,7.56600000000026,"0",0.206901535487668
"1085","France","Olivier Giroud","Center Forward","Wojciech Szczęsny",1,43,28,0.973122,FALSE,"From Throw In","Normal","Left Foot","Goal",105.6,32.3,114.7,36.7,16.3294213002176,6.24339651151518,61.865594018173,58.0918930643469,3.77370095382616,18.5590061536835,10.1079176886241,0,1,1,0,1,26.145,0.972999999999956,"1",0.111903165046946
"1086","Poland","Jakub Kamiński","Right Midfield","Hugo Lloris",1,45,24,0.290951,FALSE,"From Throw In","Half Volley","Right Foot","Blocked",108.8,51.7,118.1,42.1,16.1966045824426,2.83196045170126,136.250800814765,137.862405226112,1.61160441134626,5.59503854466894,13.3660016459673,0.808679073335073,1,6,2,1,4.45799999999963,1.471,"0",0.0690615973435521
"1087","France","Theo Bernard François Hernández","Left Back","Wojciech Szczęsny",2,47,41,0.312963,FALSE,"From Free Kick","Volley","Right Foot","Off T",98,38.5,118,40.6,22.0510770711999,2.08806130178211,86.0995062576181,106.699244233994,20.5997379763756,99.4133439806242,20.1099477871028,0.31426927524523,7,10,4,1,2.54300000000012,0.312999999999647,"0",0.0413714667524552
"1088","France","Kylian Mbappé Lottin","Left Wing","Wojciech Szczęsny",2,55,53,0.153199,FALSE,"From Throw In","Normal","Right Foot","Blocked",102,26.7,118,37.7,22.3805719319235,3.04795013082563,53.53971667682,41.0090869015703,12.5306297752498,22.193356353501,19.4164878389476,0.336717514850737,2,5,1,1,30.7160000000003,0.502999999999702,"0",0.0561225077924404
"1089","France","Kylian Mbappé Lottin","Left Wing","Wojciech Szczęsny",2,62,41,0.312667,FALSE,"Regular Play","Normal","Right Foot","Wayward",110.2,26.3,118.3,36.4,16.8442868652846,3.98120584747888,35.5772193864649,25.277722235553,10.2994971509119,87.6425064125272,12.9468142799686,0.190727198674694,2,5,1,1,151.001,67.549,"0",0.204600627494339
"1090","France","Olivier Giroud","Center Forward","Wojciech Szczęsny",2,65,8,0.295187,TRUE,"Regular Play","Volley","Left Foot","Off T",115.8,46.8,118.5,43,7.99249648107523,3.35410196624968,148.298570330494,153.434948822922,5.13637849242775,15.7590996210714,4.66154480832266,0,0,0,0,1,34.5129999999999,31.529,"0",0.352129386227747
"1091","Poland","Kamil Glik","Right Center Back","Hugo Lloris",2,70,58,0.959002,TRUE,"From Free Kick","Normal","Head","Off T",114,32,118.7,39.1,10,1.58113883008419,36.869897645844,55.304846468766,18.434948822922,11.9821084187297,8.5146931829632,1.01015254455221,1,3,1,1,1.9389999999994,0.959000000000742,"0",0.132515427790939
"1092","France","Kylian Mbappé Lottin","Left Wing","Wojciech Szczęsny",2,73,56,0.591756,FALSE,"Regular Play","Normal","Right Foot","Goal",104.8,28.6,117.6,38.6,19,2.77848879788997,53.130102354156,59.7435628364708,6.61346048231483,29.5961661836306,16.2431524033976,0.14226319992544,1,3,1,1,15.9139999999998,111.233,"1",0.105494576018859
"1093","France","Theo Bernard François Hernández","Left Back","Wojciech Szczęsny",2,80,58,0.57545,FALSE,"From Free Kick","Normal","Right Foot","Off T",105,33.4,117.7,38.3,16.3878003404972,2.86006992921502,66.2505055071332,53.5307656099481,12.7197398971852,32.845700184961,13.6124942607885,0.380142960634854,4,5,1,1,10.2860000000001,0.576000000000022,"0",0.0849233156443332
"1094","France","Kylian Mbappé Lottin","Center Forward","Wojciech Szczęsny",2,90,5,0.964389,FALSE,"Regular Play","Normal","Right Foot","Goal",106.2,25.2,118,37.2,20.235612172603,3.44093010681705,42.9974668681731,35.5376777919744,7.4597890761987,23.0281625236145,16.8297355891291,0.274721127897378,2,6,1,1,22.982,90.0800000000008,"1",0.11666198247836
"1095","Poland","Robert Lewandowski","Center Forward","Hugo Lloris",2,91,50,1.865187,TRUE,"From Kick Off","Half Volley","Right Foot","Wayward",105.6,48.7,117.5,42.3,16.824089871372,3.3970575502926,121.138972436979,132.614055969611,11.4750835326323,13.5193234281707,13.5118466539552,0.162865585496114,1,3,1,1,13.3559999999998,1.86499999999978,"0",0.121318012349861
"1096","Poland","Robert Lewandowski","Center Forward","Hugo Lloris",2,93,41,0.04,TRUE,"Regular Play","Normal","Head","Blocked",113,40,118.3,40.7,7,1.83847763108503,90,112.38013505196,22.3801350519596,24.6221445044904,5.34602656184946,1.08465228909327,1,2,1,1,21.3119999999999,1.27000000000044,"0",0.121000247180086
"1097","Japan","Shogo Taniguchi","Left Center Back","Dominik Livaković",1,2,9,0.518776,TRUE,"From Corner","Normal","Head","Off T",112.6,38.8,118.8,39.6,7.49666592559653,1.26491106406735,80.7889734591833,71.5650511770781,9.22392228210524,16.6947417938953,6.25139984323512,1.85695338177051,1,3,1,1,3.23099999999999,0.518000000000001,"0",0.0331076301609774
"1098","Croatia","Ivan Perišić","Left Wing","Shūichi Gonda",1,7,31,0.350387,FALSE,"From Goal Kick","Normal","Right Foot","Saved",116.7,29,119,35.8,11.4843371598016,4.31740662898458,16.6992442339936,13.3924977537511,3.30674648024252,19.7668230509954,7.17843994193724,0,0,0,0,1,11.385,4.20600000000002,"0",0.428608597790565
"1099","Croatia","Andrej Kramarić","Right Wing","Shūichi Gonda",1,7,34,0.107762,TRUE,"From Goal Kick","Half Volley","Left Foot","Blocked",114.5,38.3,119.4,39.4,5.7567351858497,0.848528137423854,72.8240963842532,44.9999999999997,27.8240963842536,6.56174515308319,5.02195181179589,2.55117444908749,1,5,4,1,14.62,0.971000000000004,"0",0.0578107099717971
"1100","Croatia","Joško Gvardiol","Left Center Back","Shūichi Gonda",1,23,47,2.125106,FALSE,"From Free Kick","Normal","Left Foot","Off T",101.1,43.6,118.6,40.1,19.2398024937888,1.40356688476183,100.784297867563,94.0856167799749,6.69868108758776,9.91206444189154,17.8465682975747,0.287381139705985,4,9,2,1,2.83299999999986,2.125,"0",0.0473449406577974
"1101","Japan","Daichi Kamada","Left Wing","Dominik Livaković",1,40,7,1.92027,FALSE,"Regular Play","Normal","Right Foot","Wayward",114.1,28.8,116.2,34.2,12.6589889011722,6.93397432934388,27.7796207250217,33.2317110679794,5.45209034295763,26.7149424476873,5.7939623747484,0.78086880944303,2,3,1,1,34.7050000000004,1.91999999999962,"0",0.19292166718978
"1102","Japan","Daizen Maeda","Center Forward","Dominik Livaković",1,42,54,0.371272,TRUE,"From Corner","Half Volley","Left Foot","Goal",113.5,44.3,118.9,38.7,7.79358710735948,1.70293863659263,123.486168815513,40.2363583092737,83.2498105062392,19.2821180472489,7.77946013551069,0,2,2,0,1,7.01200000000017,0.371999999999844,"1",0.150459707998691
"1103","Japan","Daichi Kamada","Left Wing","Dominik Livaković",2,45,27,0.918894,FALSE,"From Counter","Normal","Right Foot","Off T",94.7,38.3,118.7,39.3,25.3570503016419,1.47648230602334,86.1558644237076,61.6992442339935,24.4566201897142,27.927936806202,24.0208242989286,0,1,5,0,1,6.2840000000001,0.918999999999869,"0",0.0343258705268463
"1104","Croatia","Mateo Kovačić","Left Center Midfield","Shūichi Gonda",2,48,13,1.802862,FALSE,"From Throw In","Volley","Right Foot","Off T",100.1,47.1,118.9,41.3,21.1286535302182,1.70293863659263,109.635582804447,139.763641690726,30.1280588862792,13.1242156036807,19.6743487821071,0.933473462273039,3,8,4,1,3.22699999999986,1.80299999999988,"0",0.0209181972284773
"1105","Japan","Hidemasa Morita","Left Defensive Midfield","Dominik Livaković",2,49,22,0.925531,FALSE,"Regular Play","Half Volley","Right Foot","Wayward",98.2,36.8,117,39.7,22.0336106891267,3.01496268633627,81.6492474676686,84.2894068625004,2.64015939483184,11.7666104236915,19.0223552695243,0.18747592056796,4,6,2,1,20.7020000000002,14.335,"0",0.0413955788977773
"1106","Croatia","Ivan Perišić","Left Wing","Shūichi Gonda",2,54,54,0.933172,FALSE,"Regular Play","Normal","Head","Goal",106,34.1,119.2,39.6,15.1924323266553,0.894427190999913,67.1480521510844,63.434948822922,3.71310332816234,18.1909402973282,14.3,0,1,3,0,1,54.0149999999999,0.934000000000196,"1",0.115020182426729
"1107","Japan","Wataru Endo","Right Defensive Midfield","Dominik Livaković",2,56,56,1.105845,FALSE,"From Throw In","Normal","Right Foot","Saved",94.4,52.9,119.1,41.7,28.6665310074309,1.92353840616714,116.743820579842,152.102728969052,35.35890838921,24.6072118268943,27.1206563342409,0.249225807366285,4,8,2,1,21.6590000000001,1.10599999999977,"0",0.0160333792348905
"1108","Japan","Wataru Endo","Right Defensive Midfield","Dominik Livaković",2,59,48,0.140391,TRUE,"Regular Play","Normal","Right Foot","Blocked",90,41.9,118.6,40.2,30.0601064535707,1.4142135623731,93.6238925956694,98.130102354156,4.5062097584866,7.86757058300547,28.6504799261723,0.886184183703123,6,9,2,1,42.0710000000004,4.36599999999999,"0",0.00725313202630955
"1109","Japan","Hidemasa Morita","Left Defensive Midfield","Dominik Livaković",2,59,49,0.053262,FALSE,"Regular Play","Normal","Right Foot","Blocked",97.8,36.3,118.4,39.3,22.5062213621034,1.74642491965729,80.5376777919744,66.370622269343,14.1670555226313,36.1146484579464,20.8173004974228,0,4,5,0,1,43.5300000000002,2.90700000000015,"0",0.0453181781509256
"1110","Japan","Ritsu Doan","Right Wing","Dominik Livaković",2,59,52,0.903409,FALSE,"Regular Play","Normal","Left Foot","Saved",100.4,43.7,118.9,41.2,19.9461775786741,1.62788205960997,100.690238276499,137.489552921999,36.7993146455002,20.1233981094918,18.6681547025945,0.226513494660278,4,4,1,1,46.4370000000004,0,"0",0.0484336129792223
"1111","Croatia","Luka Modrić","Right Center Midfield","Shūichi Gonda",2,62,13,0.760397,FALSE,"Regular Play","Half Volley","Right Foot","Saved",96.3,48.9,118.7,40.6,25.316002844051,1.43178210632763,110.582534251221,114.775140568832,4.19260631761153,31.8767934801549,23.8882816460289,0.132290872866393,2,6,1,1,32.7080000000001,0.760999999999967,"0",0.0282188965034157
"1112","Croatia","Ivan Perišić","Right Wing","Shūichi Gonda",2,65,32,0.008103,FALSE,"Regular Play","Normal","Left Foot","Blocked",95.5,48.2,117.9,41.1,25.8358278365529,2.37065391822594,108.505078260989,117.645975363739,9.14089710275003,188.782655075631,23.4982978106926,0.59330209502239,5,8,2,1,85.9649999999997,21.8730000000005,"0",0.0248806105071581
"1113","Croatia","Andrej Kramarić","Left Wing","Shūichi Gonda",2,65,52,0.187224,FALSE,"Regular Play","Normal","Right Foot","Blocked",98.9,23.8,118.5,37.3,26.6016916755307,3.0886890422961,52.4839367481244,29.0546040990771,23.4293326490473,18.5409509012838,23.799369739554,0.407855827937277,4,8,2,1,105.854,1.98400000000038,"0",0.045748309818075
"1114","Croatia","Ante Budimir","Center Forward","Shūichi Gonda",2,65,53,0.800946,FALSE,"Regular Play","Normal","Head","Off T",109.5,45.1,119.2,40.8,11.6730458750062,1.13137084989847,115.906507999514,135,19.0934920004856,13.109498018593,10.6103722837608,0,1,2,0,1,107.037,0.801000000000386,"0",0.165700791054236
"1115","Croatia","Mario Pašalić","Right Wing","Shūichi Gonda",2,73,43,2.284871,FALSE,"From Free Kick","Normal","Head","Off T",107.5,44.5,118.9,40.5,13.2853302555864,1.20830459735945,109.798876354525,114.443954780417,4.64507842589173,7.83022727305892,12.0813906484312,0,1,5,0,1,10.9300000000003,37.1440000000002,"0",0.128597288081121
"1116","Croatia","Mario Pašalić","Right Wing","Shūichi Gonda",2,85,42,0.840973,TRUE,"From Throw In","Normal","Head","Off T",110.5,42.8,119.5,39.7,9.9040395798886,0.583095189484529,106.422187498315,59.0362434679267,47.3859440303886,13.82324179046,9.51892851112981,1.64398987305359,1,2,1,1,19.1610000000001,27.6979999999994,"0",0.0440200522956865
"1117","Japan","Shogo Taniguchi","Left Center Back","Dominik Livaković",3,91,35,0.502298,FALSE,"From Corner","Normal","Head","Off T",114.6,49.3,119,41.1,10.754068997361,1.48660687473185,149.858614447925,137.726310993906,12.1323034540184,11.9318206035236,9.30591209930547,0.554700196225229,0,3,1,1,1.10400000000027,0.502999999999702,"0",0.119362420521097
"1118","Croatia","Ivan Perišić","Left Wing","Shūichi Gonda",3,100,24,0.071278,FALSE,"From Throw In","Half Volley","Right Foot","Blocked",107.2,34.1,119.3,40.1,14.0943250991312,0.70710678118655,65.2532517873739,98.130102354156,32.8768505667821,15.6855409628481,13.5059246258818,1.00588570083296,2,7,3,1,3.26400000000012,2.57900000000063,"0",0.0531412200372007
"1119","Croatia","Borna Barišić","Left Back","Shūichi Gonda",3,100,26,0.080399,FALSE,"From Throw In","Volley","Left Foot","Blocked",95.1,31.3,119.2,39.4,26.3761255683999,0.999999999999999,70.7407083562328,53.1301023541558,17.610606002077,28.3629255363659,25.4247910512555,0.607773157705651,6,10,4,1,5.64200000000073,0.201000000000022,"0",0.0171916375747112
"1120","Japan","Kaoru Mitoma","Left Wing Back","Dominik Livaković",3,104,5,0.566494,FALSE,"From Throw In","Normal","Right Foot","Saved",99.8,34.6,118.6,39.1,20.9093280618962,1.66433169770933,75.0332804359952,57.2647737278925,17.7685067081026,32.8401767012507,19.331063085097,0.28216632399155,2,4,1,1,21.469,15.4030000000002,"0",0.0390926331831271
"1121","Japan","Wataru Endo","Right Defensive Midfield","Dominik Livaković",3,104,9,0.273551,FALSE,"From Throw In","Volley","Right Foot","Blocked",95.7,37.1,118.6,39.4,24.4724334711528,1.52315462117279,83.1944195581352,66.8014094863519,16.3930100717834,22.6766671213351,23.0152123605236,0.363540651130977,4,7,3,1,25.8400000000001,11.0320000000002,"0",0.0207834303950889
"1122","Japan","Takumi Minamino","Left Wing","Dominik Livaković",3,104,20,0.143158,FALSE,"From Throw In","Volley","Right Foot","Blocked",102.6,40.3,119.3,40.1,17.4025860147278,0.70710678118655,90.9877603996398,98.130102354156,7.14234195451621,11.1982701224392,16.7011975618517,0.754605946123975,3,8,3,1,36.518,0.354000000000269,"0",0.0340192533030653
"1123","Croatia","Marko Livaja","Center Forward","Shūichi Gonda",4,113,42,1.10783,TRUE,"From Throw In","Normal","Head","Saved",112.8,47.7,119.2,41.7,10.5418214744891,1.87882942280559,136.921955958931,154.798876354525,17.8769203955936,8.65665224900102,8.77268487978453,1.31306432859722,1,3,1,1,1.96299999999974,0,"0",0.0836587585983993
"1124","Croatia","Mislav Oršić","Left Wing","Shūichi Gonda",4,120,10,0.304398,FALSE,"From Throw In","Normal","Right Foot","Blocked",106.8,19.7,118.6,36.4,24.2142520016622,3.8626415831656,33.0337871851146,21.2505055071333,11.7832816779813,27.5053524516383,20.4482273070308,0.11516335992622,4,7,1,1,38.3679999999995,49.826,"0",0.131059934962442
"1125","Croatia","Lovro Majer","Right Center Midfield","Shūichi Gonda",4,120,18,0.84193,FALSE,"From Throw In","Normal","Right Foot","Off T",99.8,33,117.9,37.9,21.3784938665005,2.9698484809835,70.8870262663267,44.9999999999999,25.8870262663268,24.0421275623069,18.7515332706422,0.170374810923996,4,5,1,1,46.6729999999998,41.5209999999997,"0",0.0444830492301463
"1126","Spain","Marco Asensio Willemsen","Center Forward","Yassine Bounou",1,25,57,0.587625,FALSE,"Regular Play","Half Volley","Left Foot","Off T",115,25,116.8,32.2,15.8113883008419,8.4308955633432,18.434948822922,22.3062050549077,3.87125623198566,20.2531553923837,7.42159012611179,0,0,0,0,1,20.4749999999999,0.586999999999989,"0",0.357767229451486
"1127","Morocco","Noussair Mazraoui","Left Back","Unai Simón Mendibil",1,32,18,0.883558,FALSE,"From Throw In","Normal","Left Foot","Saved",89.4,37.7,117.7,39.8,30.6863161686117,2.30867927612304,85.7015370962344,85.0302592718896,0.671277824344742,31.4710229167789,28.3778082310808,0,5,6,0,1,8.22199999999998,0,"0",0.0130812164424148
"1128","Morocco","Nayef Aguerd","Right Center Back","Unai Simón Mendibil",1,41,52,0.840218,FALSE,"From Free Kick","Normal","Head","Off T",113.2,43.7,118.5,38.5,7.74144689318476,2.12132034355964,118.55139187296,45,73.5513918729602,8.09313773330254,7.42495791233863,0.34401045807689,2,5,1,1,13.7600000000002,0.840000000000146,"0",0.194044770402242
"1129","Spain","Daniel Olmo Carvajal","Left Wing","Yassine Bounou",2,54,0,0.772602,FALSE,"From Free Kick","Normal","Right Foot","Saved",110.2,12.6,119.4,39.3,29.0998281781869,0.921954445729287,19.6803130896904,40.6012946450041,20.9209815553137,35.447090508691,28.2405736485646,0,6,8,0,1,0.923000000000229,0.773000000000138,"0",0.249416502376647
"1130","Spain","Daniel Olmo Carvajal","Left Wing","Yassine Bounou",2,77,37,1.429243,FALSE,"Regular Play","Half Volley","Right Foot","Off T",97.2,31.3,115.5,38.4,24.4034833579143,4.77598157450382,69.114198539307,70.4268741695898,1.31267563028283,20.6317568706027,19.6290600895713,0.244932515825662,3,5,2,1,41.0540000000001,1.42900000000009,"0",0.0408118246095209
"1131","Spain","Álvaro Borja Morata Martín","Center Forward","Yassine Bounou",2,81,0,1.081201,FALSE,"From Corner","Normal","Right Foot","Wayward",118.8,50.9,118.9,43.7,10.9658560997307,3.86005181312376,173.717507911839,163.442928624363,10.2745792874752,46.9862447211396,7.20069441095787,0,0,0,0,1,46.7790000000005,36.482,"0",0.316183384635888
"1132","Morocco","Walid Cheddira","Center Forward","Unai Simón Mendibil",2,85,5,1.344288,FALSE,"From Free Kick","Half Volley","Right Foot","Saved Off Target",110.6,40.8,118.8,39.9,9.43398113205661,1.20415945787923,94.8645144377606,85.2363583092738,9.62815612848684,7.271864011194,8.24924238945614,2.23606797749976,1,4,1,1,39.1860000000006,0,"0",0.0350182768324579
"1133","Spain","Álvaro Borja Morata Martín","Center Forward","Yassine Bounou",2,90,20,0.782789,FALSE,"From Free Kick","Normal","Head","Off T",115.3,51.1,119.4,44,12.0540449642433,4.04474968323134,157.051062719077,171.469234390052,14.4181716709752,18.14071494146,8.19878039710786,0,0,0,0,1,1.54700000000048,0.782000000000153,"0",0.329745918763135
"1134","Spain","Aymeric Laporte","Left Center Back","Yassine Bounou",2,95,0,0.2998,FALSE,"From Corner","Normal","Head","Blocked",107.7,38.8,118.6,39.6,12.3583979544276,1.45602197785611,84.4278021960362,74.0546040990773,10.3731980969589,2.68921205747115,10.9293183684986,0.73521462209381,5,8,1,1,1.86099999999988,11.4390000000003,"0",0.042884251829525
"1135","Spain","Alejandro Balde Martínez","Left Back","Yassine Bounou",3,99,56,0.136868,FALSE,"From Throw In","Normal","Left Foot","Blocked",112.5,28.9,118.9,37,13.3962681370597,3.19530906173409,34.0459373566017,20.136303428248,13.9096339283536,9.8296344266547,10.3232746742495,0.72269909024903,1,3,2,1,50.6869999999999,0.17699999999968,"0",0.125733275752117
"1136","Spain","Rodrigo Hernández Cascante","Right Center Back","Yassine Bounou",3,102,51,1.408059,FALSE,"Regular Play","Normal","Right Foot","Off T",79.9,46.8,118.8,40.4,40.6724722631905,1.26491106406735,99.6244359454225,108.434948822922,8.81051287749939,29.2836576858308,39.4229628516173,0.0661078464026802,6,10,1,1,29.8950000000004,1.40799999999945,"0",0.00357526214801965
"1137","Morocco","Walid Cheddira","Center Forward","Unai Simón Mendibil",3,103,35,0.310581,TRUE,"From Goal Kick","Normal","Left Foot","Saved",109.7,47.1,116.6,42.5,12.5099960031968,4.22018956920184,124.579287603206,126.32682595212,1.74753834891467,26.2761801437991,8.29276793356717,0,0,2,0,1,12.0280000000002,2.0059999999994,"0",0.242706181137075
"1138","Spain","Marcos Llorente Moreno","Right Back","Yassine Bounou",3,106,9,0.553394,FALSE,"From Corner","Half Volley","Right Foot","Blocked",100.3,53.3,113.6,45.9,23.7693079411244,8.70459648691426,124.024344827187,132.672184910959,8.6478400837714,20.9996882814887,15.2200525623271,0.278668994726421,6,8,5,1,3.625,31.7619999999997,"0",0.0271604965475092
"1139","Morocco","Abdelhamid Sabiri","Left Center Midfield","Unai Simón Mendibil",4,105,1,2.808496,FALSE,"From Kick Off","Lob","Right Foot","Off T",59.6,39.7,114.7,39.5,60.4007450285177,5.32353266168246,89.7154206538487,84.6106882400265,5.10473241382218,21.8858825482094,55.100362975211,0.107131242777994,2,10,1,1,0.845000000000255,2.80799999999999,"0",0.000416360918709364
"1140","Spain","Sergio Busquets i Burgos","Center Defensive Midfield","Yassine Bounou",4,120,46,0.159324,FALSE,"Regular Play","Normal","Left Foot","Blocked",102.6,47.1,115.2,41.8,18.7928177770126,5.12640224719052,112.197717846423,110.556045219583,1.64167262683949,8.37391985145142,13.6693086877135,0.463241054612078,4,6,1,1,43.2349999999997,36.3850000000002,"0",0.0546689161554502
"1141","Spain","Carlos Soler Barragán","Right Center Midfield","Yassine Bounou",4,121,22,0.507458,FALSE,"Regular Play","Normal","Head","Blocked",104.3,44.4,116.7,40.8,16.30490723678,3.39558536926993,105.65578195885,103.626994859891,2.02878709895845,16.403449169513,12.9120099132552,0,2,4,0,1,79.0169999999998,0.603000000000065,"0",0.0945823597139739
"1142","Spain","Pablo Sarabia García","Right Wing","Yassine Bounou",4,122,22,1.208292,FALSE,"From Corner","Volley","Right Foot","Post",117.8,48.1,119.3,43.1,8.39344982709732,3.17804971641414,164.80475147318,167.275644314578,2.4708928413975,10.0968971076528,5.22015325445528,0,0,0,0,1,27.1770000000006,40.9889999999996,"0",0.277778040165363
"1143","Brazil","Neymar da Silva Santos Junior","Center Attacking Midfield","Seung-Gyu Kim",1,6,39,0.057669,FALSE,"From Free Kick","Normal","Right Foot","Wayward",111.3,44.4,119.4,43.2,9.74935895328508,3.25576411921994,116.827874010314,169.380344723845,52.5524707135305,199.421435682777,8.18840643837372,1.00255867162264,2,4,2,1,46.086,3.024,"0",0.153374685863749
"1144","Brazil","Vinícius José Paixão de Oliveira Júnior","Left Wing","Seung-Gyu Kim",1,6,41,0.949424,FALSE,"From Free Kick","Normal","Right Foot","Goal",110,29.9,114.3,34.8,14.2130221979704,7.71556867638414,44.7149487224162,47.6264056382907,2.91145691587457,16.291335631697,6.51920240520265,0.298702871487009,3,7,3,1,48.161,0.949000000000012,"1",0.179962797079256
"1145","South Korea","Hee-Chan Hwang","Left Midfield","Alisson Ramsés Becker",1,16,15,0.947069,FALSE,"Regular Play","Normal","Right Foot","Saved",90.4,28,117.8,40.1,31.9399436442834,2.20227155455453,67.9321004375898,92.6025622024998,24.67046176491,32.6312497216994,29.9527961966825,0.185695338177052,4,8,1,1,41.33,0.946999999999889,"0",0.018670474104324
"1146","South Korea","In-Beom Hwang","Left Defensive Midfield","Alisson Ramsés Becker",1,16,40,0.885841,FALSE,"From Corner","Normal","Left Foot","Off T",91.7,46.4,117.5,40.9,29.0146514712826,2.65706605111728,102.742996541346,109.798876354525,7.05587981317859,32.1904379682922,26.3797270645471,0.192969884042898,8,9,3,1,6.57600000000002,0.885999999999967,"0",0.00859722453560496
"1147","South Korea","Hee-Chan Hwang","Left Midfield","Alisson Ramsés Becker",1,24,57,1.288867,FALSE,"From Corner","Normal","Right Foot","Saved",82.7,33,117.4,40.1,37.9511528151649,2.60192236625153,79.3710705608451,92.2025981617658,12.8315276009207,27.7385980169851,35.4189214968497,0.0604508307776979,4,7,1,1,8.875,0,"0",0.00375696399814672
"1148","Brazil","Richarlison de Andrade","Center Forward","Seung-Gyu Kim",1,28,13,0.542622,FALSE,"From Corner","Normal","Left Foot","Goal",110.7,43.3,117,41.5,9.86813052203911,3.35410196624968,109.536654938128,116.565051177078,7.02839623894958,20.297053790312,6.55209890035246,0,0,0,0,1,35.4179999999999,0.541999999999916,"1",0.119732240704457
"1149","Brazil","Raphael Dias Belloli","Right Wing","Seung-Gyu Kim",1,30,19,1.027841,FALSE,"Regular Play","Normal","Left Foot","Off T",94.7,30.7,117.9,39.7,26.9551479313321,2.12132034355964,69.8171308724269,81.8698976458441,12.0527667734172,26.9582973959028,24.8845333490504,0.275594442803535,3,7,2,1,16.617,1.02800000000002,"0",0.0276168149803869
"1150","South Korea","Hee-Chan Hwang","Left Midfield","Alisson Ramsés Becker",1,31,37,0.162455,FALSE,"From Goal Kick","Normal","Right Foot","Saved",119.3,30.8,119.4,34.4,9.22659200355147,5.63205113613149,4.3510779515739,6.11550356628535,1.76442561471145,20.3505897076933,3.60138862107382,0,1,0,0,1,62.0239999999999,0.162000000000035,"0",0.499125896469029
"1151","Brazil","Carlos Henrique Casimiro","Left Defensive Midfield","Seung-Gyu Kim",1,33,37,1.317419,FALSE,"From Throw In","Normal","Right Foot","Off T",93.6,43.2,118,41.4,26.5932322217515,2.44131112314674,96.9112271190246,124.992020198559,28.080793079534,21.9189650384574,24.4663033578839,0.203872379310734,7,8,2,1,106.783,1.31700000000001,"0",0.0176550417527673
"1152","Brazil","Lucas Tolentino Coelho de Lima","Right Defensive Midfield","Seung-Gyu Kim",1,35,45,0.609876,TRUE,"From Throw In","Volley","Right Foot","Goal",110,44.8,118.9,40.2,11.0923396990896,1.11803398874989,115.641005824305,100.304846468766,15.3361593555391,20.4959696725236,10.0184829190851,0.475651494154495,4,6,1,1,20.2820000000002,0.610000000000127,"1",0.1052580266607
"1153","Brazil","Lucas Tolentino Coelho de Lima","Right Defensive Midfield","Seung-Gyu Kim",1,45,14,0.26888,FALSE,"Regular Play","Normal","Left Foot","Saved",112,49.2,117.6,43.8,12.1918005233025,4.49444101084885,138.99091309843,147.724355685422,8.73344258699245,26.5625131444051,7.77946013551069,0,1,1,0,1,25.058,1.35199999999986,"0",0.240578394184004
"1154","Brazil","Richarlison de Andrade","Center Forward","Seung-Gyu Kim",1,48,8,0.211364,FALSE,"From Counter","Normal","Right Foot","Saved",110.3,51.6,114.8,47.1,15.1211772028503,8.80056816347672,140.097399737979,143.781162734385,3.68376299640644,31.1324234521718,6.36396103067893,0,0,1,0,1,12.6220000000003,2.07499999999982,"0",0.250394347099717
"1155","Brazil","Neymar da Silva Santos Junior","Center Attacking Midfield","Seung-Gyu Kim",1,48,9,1.316712,TRUE,"From Counter","Normal","Other","Off T",111.4,42.3,114.2,48.2,8.90224690738242,10.0439036235918,104.972875766787,144.727578551402,39.7547027846148,6.8457477327312,6.53069674690228,0.924500327042057,2,2,1,1,13.3800000000001,1.31700000000001,"0",0.167899489579312
"1156","Brazil","Raphael Dias Belloli","Right Wing","Seung-Gyu Kim",2,45,23,0.108813,FALSE,"From Kick Off","Normal","Left Foot","Saved",104.3,51.7,116.8,42.5,19.5800919303256,4.06078810084939,126.694323794444,127.998732442505,1.3044086480606,146.733639245451,15.5206314304541,0.338642730739297,0,3,1,1,23.0149999999999,0.108999999999924,"0",0.111804060804142
"1157","South Korea","Heung-Min Son","Left Midfield","Alisson Ramsés Becker",2,46,16,0.254254,FALSE,"Regular Play","Normal","Right Foot","Saved",105.3,27.9,113.3,34.6,19.0394327646598,8.60523096726637,50.5412047780398,51.1322224976793,0.591017719639467,40.6383894942522,10.435037134577,0,0,1,0,1,5.76899999999978,0.25400000000036,"0",0.150856769865567
"1158","Brazil","Raphael Dias Belloli","Right Wing","Seung-Gyu Kim",2,53,52,0.562022,FALSE,"From Throw In","Normal","Left Foot","Saved",110.4,50.6,118.5,42.6,14.3010489125798,3.00166620396073,137.834111016307,150.018360631151,12.1842496148441,21.2325266842598,11.3846387733647,0.604122093330177,1,3,1,1,54.5799999999999,7.096,"0",0.104944330646364
"1159","Brazil","Vinícius José Paixão de Oliveira Júnior","Left Wing","Seung-Gyu Kim",2,53,59,0.627623,TRUE,"From Throw In","Normal","Right Foot","Off T",110.4,26.8,118.9,37.9,16.3217646104825,2.37065391822594,36.0273733851036,27.6459753637385,8.38139802136504,17.7888261576727,13.9807009838563,0.914728519988759,3,5,2,1,61.049,0.626999999999953,"0",0.0900378500486376
"1160","Brazil","Raphael Dias Belloli","Right Wing","Seung-Gyu Kim",2,61,39,0.30834,FALSE,"Regular Play","Normal","Right Foot","Saved",114.6,51.1,118.3,44.2,12.3438243668646,4.53100430368368,154.057704510128,157.963773059855,3.90606854972623,25.0984723538248,7.82943165242535,0,0,0,0,1,19.3620000000001,54.0839999999998,"0",0.311577348607354
"1161","South Korea","Hee-Chan Hwang","Right Midfield","Alisson Ramsés Becker",2,67,34,0.409709,FALSE,"Regular Play","Half Volley","Right Foot","Saved",106.8,51.7,117.1,42.7,17.6388775153069,3.9623225512318,131.552613148135,132.954591511113,1.40197836297793,33.1368122222888,13.6780846612382,0.267070545318816,3,5,1,1,24.9920000000002,0.729999999999563,"0",0.103377720400094
"1162","South Korea","Seung-Ho Paik","Right Center Midfield","Alisson Ramsés Becker",2,75,47,1.066911,FALSE,"From Free Kick","Half Volley","Left Foot","Goal",93.7,39.8,117.8,40.2,26.3007604452799,2.20907220343746,89.5642990487321,95.1944289077349,5.63012985900274,24.8804674384115,24.1033192734943,0.405770181106238,5,10,4,1,3.79699999999957,1.06700000000001,"1",0.0189033421396173
"1163","Brazil","Daniel Alves da Silva","Right Back","Seung-Gyu Kim",2,88,28,0.345742,FALSE,"From Free Kick","Overhead Kick","Right Foot","Blocked",111.1,53.1,119,40.6,15.8372977493005,1.16619037896906,145.80823094032,120.963756532074,24.8444744082462,27.6849028469966,14.7871565894191,0.186547219630232,2,6,2,1,56.9700000000003,0.529000000000451,"0",0.162964190210343
"1164","Brazil","Gleison Bremer Silva Nascimento","Left Back","Seung-Gyu Kim",2,89,3,0.424708,FALSE,"From Corner","Normal","Head","Saved",116.1,41,116.8,40.1,4.02616442783948,3.20156211871643,104.381394591091,91.7899106082459,12.5914839828447,2.17079604276184,1.14017542509914,0,2,2,0,1,1.67299999999977,0.423999999999978,"0",0.211938487187311
"1165","South Korea","Hee-Chan Hwang","Right Midfield","Weverton Pereira da Silva",2,89,49,0.386811,FALSE,"From Goal Kick","Half Volley","Right Foot","Off T",112.9,53.6,117.9,44.4,15.3417730396457,4.87544869729956,152.432792499084,154.486129572466,2.05333707338144,27.0772464542656,10.4709120901667,0,0,0,0,1,28.4120000000003,0.386000000000422,"0",0.325048196226221
"1166","Brazil","Daniel Alves da Silva","Right Back","Seung-Gyu Kim",2,92,41,1.551588,FALSE,"From Throw In","Normal","Right Foot","Off T",88.4,46.1,117.4,40.3,32.1833808043841,2.61725046566047,100.925871453234,96.5819446551779,4.34392679805632,22.1978902895543,29.5743131788382,0,6,8,0,1,12.2550000000001,1.55100000000039,"0",0.00984014188323232
"1167","Switzerland","Breel-Donald Embolo","Right Center Forward","Diogo Meireles Costa",1,4,56,0.164009,FALSE,"Regular Play","Normal","Left Foot","Blocked",104.1,27.2,117.7,37.3,20.4120062708201,3.54682957019364,51.1648417822355,40.4260787400991,10.7387630421364,28.5725161762098,16.9401889009539,0.193275058950714,2,4,1,1,5.71000000000004,0.769000000000005,"0",0.0967725761461067
"1168","Portugal","Gonçalo Matias Ramos","Center Forward","Yann Sommer",1,16,43,0.527886,FALSE,"From Throw In","Normal","Left Foot","Goal",111.3,27.5,119.1,36.7,15.2295764878739,3.42052627529741,34.8379168059993,15.2551187030579,19.5827981029414,23.5768382820868,12.0615090266517,0,0,1,0,1,4.61300000000006,0.52800000000002,"1",0.191838315234483
"1169","Portugal","Otávio Edmilson da Silva Monteiro","Left Center Midfield","Yann Sommer",1,21,3,0.734486,FALSE,"From Free Kick","Half Volley","Right Foot","Saved",101.4,36.8,118.1,39.1,18.8732615093417,2.10237960416287,80.2382252249577,64.6538240580534,15.5844011669043,22.7333198614997,16.8576392178739,0.775397701888453,3,6,2,1,54.5809999999999,0.735000000000127,"0",0.0377310551663029
"1170","Portugal","Gonçalo Matias Ramos","Center Forward","Yann Sommer",1,21,54,0.617896,FALSE,"Regular Play","Normal","Right Foot","Saved",100.7,32.2,117,38.7,20.8165799304304,3.26955654485436,67.9941461377522,66.5713071912547,1.42283894649752,27.6953737537031,17.5482192828788,0,0,2,0,1,11.5540000000001,0,"0",0.070903881147335
"1171","Portugal","Kléper Laveran Lima Ferreira","Right Center Back","Yann Sommer",1,32,35,0.517265,TRUE,"From Corner","Normal","Head","Goal",114.3,40,119.4,39.8,5.7,0.632455532033671,90,71.5650511770776,18.4349488229224,11.2228163697138,5.10392006206995,3.09523809523807,3,7,2,1,1.72199999999998,0.517000000000053,"1",0.0149602330774452
"1172","Switzerland","Remo Freuler","Left Center Midfield","Diogo Meireles Costa",1,37,32,0.147479,FALSE,"From Throw In","Normal","Head","Saved",115.9,44,117.2,43.2,5.72800139664787,4.25205832509386,134.292680631456,138.81407483429,4.52139420283461,9.12239983121238,1.52643375224737,0,1,2,0,1,12.7039999999997,5.45000000000027,"0",0.317792038896102
"1173","Switzerland","Fabian Lukas Schär","Center Back","Diogo Meireles Costa",1,37,36,1.050304,FALSE,"From Throw In","Volley","Right Foot","Off T",99.9,53.7,116.4,41.6,24.3248843779369,3.93954312071844,124.278030940609,113.962488974578,10.3155419660308,20.3930641725715,20.4611827615121,0.0684065580406351,6,7,1,1,17.1030000000001,1.05099999999993,"0",0.0386132763002278
"1174","Portugal","Gonçalo Matias Ramos","Center Forward","Yann Sommer",1,42,11,0.371844,FALSE,"Regular Play","Normal","Left Foot","Saved",107.5,33.4,115.3,37.8,14.1354165131417,5.18941229813165,62.1659460594492,64.9164059938091,2.75045993435989,25.5483482320543,8.95544527089524,0,0,0,0,1,14.3409999999999,0.371999999999844,"0",0.157391518509912
"1175","Portugal","Raphaël Adelino José Guerreiro","Left Back","Yann Sommer",1,47,18,0.916196,FALSE,"From Corner","Normal","Left Foot","Off T",96,25,118.1,37.9,28.3019433961698,2.83196045170126,57.9946167919165,42.1375947738883,15.8570220180282,29.3854729188071,25.5894509515152,0.0763269829805025,5,9,1,1,16.6590000000001,0.916999999999916,"0",0.022619425840097
"1176","Portugal","Gonçalo Matias Ramos","Center Forward","Yann Sommer",2,48,11,0.038164,TRUE,"From Corner","Normal","Head","Wayward",114.4,35.1,119.2,38.5,7.44110206891425,1.7,48.8140748342903,28.0724869358529,20.7415878984375,255.513315020283,5.88217646794109,1.56173761888606,3,5,1,1,1.29500000000007,48.8049999999998,"0",0.0764980118763247
"1177","Portugal","Gonçalo Matias Ramos","Center Forward","Yann Sommer",2,50,5,0.370436,FALSE,"Regular Play","Normal","Left Foot","Goal",115.8,44.4,118.7,43.4,6.08276253029822,3.64005494464026,136.33221985387,159.075498255079,22.7432784012093,12.0393823067832,3.0675723300356,0,0,0,0,1,23.7420000000002,0.369999999999891,"1",0.357606484794664
"1178","Portugal","João Félix Sequeira","Left Wing","Yann Sommer",2,52,32,0.136085,TRUE,"From Counter","Normal","Left Foot","Blocked",103.5,26.4,117.1,37.9,21.3824694551401,3.58050275799364,50.5032055684886,54.0902769208224,3.58707135233372,38.5070287146237,17.8103902259327,0.212717814905759,3,2,1,1,5.1579999999999,1.21399999999994,"0",0.10900466942889
"1179","Portugal","Kléper Laveran Lima Ferreira","Right Center Back","Yann Sommer",2,53,20,0.256914,TRUE,"From Corner","Normal","Head","Wayward",110.8,35.6,119,39.5,10.1980390271856,1.11803398874989,64.4400348281762,63.434948822922,1.0050860052542,15.6905769018009,9.08019823572151,1.66666666666664,3,7,1,1,1.8739999999998,34.0599999999999,"0",0.0307811934970162
"1180","Portugal","Raphaël Adelino José Guerreiro","Left Back","Yann Sommer",2,54,55,0.555432,TRUE,"From Free Kick","Normal","Left Foot","Goal",110.9,32.4,115.7,37.8,11.8562219952226,4.83011387029333,50.1325544398729,62.9044475062481,12.7718930663752,23.2976265192601,7.22495674727537,0,0,1,0,1,16.0140000000001,0.55600000000004,"1",0.218260432001789
"1181","Switzerland","Manuel Obafemi Akanji","Right Center Back","Diogo Meireles Costa",2,57,5,0.451453,FALSE,"From Corner","Volley","Right Foot","Goal",118.7,35.4,118.3,41.8,4.78016736108685,2.47588368062799,15.7807533095154,136.636577041617,120.855823732101,7.65081460934828,6.41248781675256,0,0,0,0,0,2,0.451999999999771,"1",0.240104940478595
"1182","Switzerland","Xherdan Shaqiri","Right Midfield","Diogo Meireles Costa",2,65,21,1.825262,FALSE,"From Throw In","Normal","Left Foot","Wayward",101.7,63.9,117.2,41.5,30.1014949794857,3.17647603485372,142.559066981041,118.178590109959,24.380476871082,31.3931837374209,27.2398604989086,0,5,8,0,1,4.82600000000002,22.5799999999999,"0",0.0421805973932191
"1183","Portugal","Gonçalo Matias Ramos","Center Forward","Yann Sommer",2,66,12,1.292875,TRUE,"From Goal Kick","Lob","Right Foot","Goal",112.6,45.8,114.2,44.4,9.40212741883453,7.28010988928052,128.088772880975,127.184706453233,0.904066427742166,8.89322315107327,2.12602916254694,0,0,0,0,1,15.0050000000001,1.29299999999967,"1",0.346294160743771
"1184","Switzerland","Denis Lemi Zakaria Lako Lado","Right Defensive Midfield","Diogo Meireles Costa",2,70,10,0.131723,FALSE,"From Throw In","Normal","Right Foot","Blocked",97.5,36.4,116.5,38.2,22.7861800221099,3.93573373083088,80.9097230791777,62.7838884426926,18.1258346364851,22.4821677231173,19.0850727009357,0.265653214180928,5,8,1,1,5.47100000000046,0.323999999999614,"0",0.030857340355546
"1185","Switzerland","Breel-Donald Embolo","Left Center Forward","Diogo Meireles Costa",2,79,35,0.066267,TRUE,"Regular Play","Overhead Kick","Right Foot","Blocked",102.1,39.2,117.6,40,17.917868176767,2.40000000000001,87.4409976823007,90,2.55900231769927,12.1663237332287,15.5206314304541,1.21267812518165,2,3,1,1,19.6940000000004,0.166999999999462,"0",0.0286651641295738
"1186","Switzerland","Granit Xhaka","Left Defensive Midfield","Diogo Meireles Costa",2,80,12,0.709378,TRUE,"From Corner","Normal","Head","Off T",113.2,34.5,118.7,39,8.74585616163449,1.64012194668567,51.0332530062007,52.4314079711724,1.39815496497175,10.5349838261313,7.10633520177595,0,3,3,0,1,1.25099999999929,27.2300000000005,"0",0.140975079612125
"1187","Switzerland","Noah Okafor","Left Midfield","Diogo Meireles Costa",2,84,57,0.039156,FALSE,"Regular Play","Normal","Right Foot","Blocked",108.4,23.1,117.9,37.5,20.498048687619,3.2649655434629,34.4653352223454,40.0302592718896,5.56492404954427,19.9464952393162,17.2513767566534,0,1,6,0,1,31.6660000000002,0.0850000000000364,"0",0.182331378796321
"1188","Portugal","Rafael Alexandre Conceição Leão","Right Wing","Yann Sommer",2,91,12,1.020614,TRUE,"From Free Kick","Normal","Right Foot","Goal",105,21.7,117.9,37.1,23.6619948440532,3.58050275799363,39.3405181598375,35.9097230791776,3.4307950806599,25.1265342099251,20.0890517446693,0,2,3,0,1,52.21,1.01999999999953,"1",0.133318820704083
"1189","Portugal","Rúben Santos Gato Alves Dias","Left Center Back","Yann Sommer",2,93,45,0.1,FALSE,"From Corner","Normal","Head","Blocked",108,41.9,118.4,40.9,12.149485585818,1.83575597506858,98.997143421065,119.357753542791,20.3606101217263,12.0830459735945,10.4479663092872,0.914308193048587,4,8,2,1,1.70900000000074,0.194999999999709,"0",0.0405917896455916
"1190","Argentina","Rodrigo Javier De Paul","Right Center Midfield","Andries Noppert",1,4,33,0.421799,FALSE,"Regular Play","Half Volley","Right Foot","Blocked",101.6,53.3,118.8,42.6,22.7035239555449,2.86356421265527,125.860384863228,155.224859431168,29.3644745679404,25.3852522769956,20.2566038614571,0.337892856558095,4,6,2,1,8.22800000000001,23.807,"0",0.0476600272394531
"1191","Argentina","Lionel Andrés Messi Cuccittini","Right Center Forward","Andries Noppert",1,21,36,1.024223,FALSE,"From Throw In","Normal","Left Foot","Off T",96.6,50.3,118.2,41.4,25.5665797477879,2.28035085019827,113.75769953069,127.874983651098,14.117284120408,26.9288553228416,23.3617208270281,0.177555206057109,2,5,1,1,6.60200000000009,1.02500000000009,"0",0.0236644329740924
"1192","Netherlands","Steven Bergwijn","Right Center Forward","Damián Emiliano Martínez",1,23,42,1.175712,FALSE,"Regular Play","Half Volley","Left Foot","Off T",101.6,32.9,117.1,38.3,19.7223223784624,3.36154726279433,68.8999162515336,59.6208739886317,9.2790422629019,23.3033197136697,16.4137137784232,0,1,4,0,1,15.4640000000002,1.17499999999995,"0",0.0771376482961703
"1193","Argentina","Rodrigo Javier De Paul","Right Center Midfield","Andries Noppert",1,32,39,0.896862,TRUE,"Regular Play","Normal","Right Foot","Saved",97.6,42.3,118.2,41,22.517770760002,2.0591260281974,95.8625038186945,119.054604099077,23.1921002803827,22.7593612738862,20.6409786589687,0.0940554413305167,4,7,1,1,89.2950000000001,0,"0",0.0386333392758307
"1194","Argentina","Nahuel Molina Lucero","Right Wing Back","Andries Noppert",1,34,4,0.658134,FALSE,"From Throw In","Normal","Right Foot","Goal",109.1,42.4,113.9,41.4,11.1610931364271,6.25859409132753,102.417445790076,102.925999124706,0.508553334629639,18.8325683722928,4.90306026885252,0,0,0,0,1,42.4019999999998,0.658000000000129,"1",0.157339616290112
"1195","Argentina","Lionel Andrés Messi Cuccittini","Right Center Forward","Andries Noppert",1,39,9,0.800349,TRUE,"Regular Play","Normal","Right Foot","Saved",104,32.2,118.2,38.5,17.8,2.34307490277199,64.010766416167,50.1944289077348,13.8163375084322,19.6136567201825,15.5347996446687,1.01534616513361,1,4,1,1,6.41199999999981,0,"0",0.0453468632282608
"1196","Netherlands","Wout Weghorst","Right Center Forward","Damián Emiliano Martínez",2,82,17,1.313822,FALSE,"From Free Kick","Normal","Head","Goal",108.7,46.4,117.3,42,12.9865314845805,3.36005952328229,119.525987311242,126.528855366985,7.00286805574341,11.0909602811959,9.66022774058665,0,2,3,0,1,39.6769999999997,1.31400000000031,"1",0.157824571988485
"1197","Netherlands","Steven Berghuis","Right Midfield","Damián Emiliano Martínez",2,84,33,0.071449,FALSE,"From Free Kick","Half Volley","Left Foot","Blocked",104.6,53.3,117.5,42.6,20.3482185952481,3.60693775937429,130.815083874882,136.123302714075,5.3082188391939,50.7342830841353,16.7600715988924,0.155451303460743,2,4,2,1,24.5679999999993,0.48700000000008,"0",0.0848072011572652
"1198","Netherlands","Denzel Dumfries","Right Back","Damián Emiliano Martínez",2,89,35,0.617301,FALSE,"From Free Kick","Half Volley","Right Foot","Off T",113.5,52.9,117.3,44.4,14.4450683625935,5.16236379965612,153.25756307539,148.465208094812,4.79235498057804,10.7076469143324,9.31074647920348,0,1,3,0,1,2.56700000000001,0.617000000000189,"0",0.268474744126393
"1199","Netherlands","Wout Weghorst","Right Center Forward","Damián Emiliano Martínez",2,100,32,0.993721,TRUE,"From Free Kick","Normal","Left Foot","Goal",111.8,39.9,117.6,39.8,8.20060973342837,2.40831891575847,89.3013056170168,85.2363583092738,4.06494730774307,8.5702673702364,5.80086200490927,0.830454798537402,1,2,1,1,1.38799999999992,48.2250000000004,"1",0.122385009897651
"1200","Argentina","Lionel Andrés Messi Cuccittini","Right Center Forward","Andries Noppert",4,109,18,0.928632,TRUE,"From Free Kick","Normal","Left Foot","Off T",101.1,53.3,118.2,42.6,23.1106036269069,3.16227766016838,125.134193056916,145.304846468766,20.1706534118505,28.7828077525344,20.1717624415915,0.0871312890094356,7,9,1,1,5.12800000000061,0.928999999999178,"0",0.0545600490357633
"1201","Netherlands","Luuk de Jong","Left Center Forward","Damián Emiliano Martínez",4,112,14,0.160033,FALSE,"From Free Kick","Volley","Left Foot","Blocked",110.9,28.4,117.6,37.6,14.7434731322033,3.39411254969543,38.113572668568,45.0000000000001,6.8864273314321,11.5220541479481,11.3811247247361,0.480569331332214,0,2,1,1,2.05699999999979,35.9360000000006,"0",0.154609511511243
"1202","Argentina","Lautaro Javier Martínez","Left Wing","Andries Noppert",4,113,47,0.176393,FALSE,"From Free Kick","Normal","Right Foot","Blocked",109.5,45.9,118.7,43.1,12.0440856855139,3.36154726279432,119.331839578248,157.249023657212,37.9171840789649,29.7022827378178,9.61665222413705,0.184742233484292,3,5,1,1,23.25,0.217999999999847,"0",0.161953443223665
"1203","Argentina","Enzo Fernandez","Right Center Midfield","Andries Noppert",4,114,54,0.273033,FALSE,"From Corner","Normal","Left Foot","Blocked",94.2,43.8,118,40.8,26.0783435056754,2.1540659228538,98.3786725062156,111.801409486352,13.4227369801362,33.3313168516727,23.9883304963059,0.288063918521845,8,10,4,1,5.66299999999956,0.343000000000757,"0",0.0114146208626597
"1204","Argentina","Germán Alejandro Pezzella","Right Center Back","Andries Noppert",4,115,53,0.876633,TRUE,"From Corner","Normal","Head","Off T",112.5,31.3,118.5,38.3,11.486513831446,2.26715680975093,40.7636052009412,41.4236656250026,0.660060424061435,11.62535821818,9.21954445729288,1.55180595898713,4,6,3,1,1.37100000000009,0.877000000000407,"0",0.0430223104794576
"1205","Argentina","Lautaro Javier Martínez","Left Wing","Andries Noppert",4,118,36,0.75934,TRUE,"From Keeper","Normal","Left Foot","Saved",97.6,38.6,117,40.8,22.443707358634,3.104834939252,86.4236656250026,104.931417178138,18.5077515531349,25.5488420605352,19.5243437789853,0,0,2,0,1,16.371000000001,0.760000000000218,"0",0.0464570001592896
"1206","Argentina","Lionel Andrés Messi Cuccittini","Center Forward","Andries Noppert",4,119,27,0.058642,TRUE,"From Throw In","Normal","Left Foot","Blocked",96.6,41.6,115.7,41.1,23.4546370681791,4.43846820423443,93.9115718125287,104.349332042947,10.4377602304184,10.2315746393371,19.1065433817842,0.981525898492651,3,5,2,1,37.6229999999996,0.257999999999811,"0",0.0147767375212986
"1207","Argentina","Enzo Fernandez","Right Center Midfield","Andries Noppert",4,120,9,0.977459,FALSE,"From Corner","Normal","Right Foot","Post",97.2,49.3,117.7,41.3,24.6237690047645,2.64196896272458,112.190288896123,119.475889003246,7.28560010712317,27.0043486017875,22.0056810846654,0.161962145615908,8,10,2,1,5.8760000000002,0.976999999998952,"0",0.0171995284948112
"1208","England","Philip Foden","Left Wing","Hugo Lloris",1,3,17,0.059151,FALSE,"Regular Play","Half Volley","Left Foot","Blocked",100.2,40,117.1,40.7,19.8,2.98328677803527,90,103.570434385161,13.5704343851615,23.7285402573382,16.9144908288721,0.712470499879101,2,4,1,1,4.07500000000002,13.746,"0",0.0349006717260195
"1209","France","Olivier Giroud","Center Forward","Jordan Pickford",1,10,35,0.868394,FALSE,"Regular Play","Diving Header","Head","Saved",110.3,38.2,119.1,40.4,9.86559678884152,0.984885780179615,79.4873728300787,113.962488974578,34.4751161444993,9.35666209843545,9.07083237635885,0,1,4,0,1,10.119,0,"0",0.181494193647903
"1210","France","Aurélien Djani Tchouaméni","Right Defensive Midfield","Jordan Pickford",1,16,22,1.14154,FALSE,"Regular Play","Normal","Right Foot","Goal",92.5,43.5,118.9,40.6,27.7218325512582,1.25299640861416,97.2531946127254,118.610459665965,21.35726505324,24.8584607173865,26.5588026838561,0.548398853550464,5,9,2,1,23.499,1.14199999999994,"1",0.0133845542696215
"1211","England","Harry Kane","Center Forward","Hugo Lloris",1,21,29,0.12581,FALSE,"From Throw In","Normal","Right Foot","Saved",113.6,52.2,114.5,50.2,13.7767920794356,11.588356225108,152.318938431515,151.665757516875,0.653180914639279,16.3862396694129,2.19317121994613,0,0,1,0,1,45.7460000000001,8.3639999999998,"0",0.284520211639189
"1212","England","Jude Bellingham","Left Center Midfield","Hugo Lloris",1,21,33,0.039999,TRUE,"From Throw In","Normal","Head","Blocked",117.3,35.7,118.1,42.6,5.07740090991444,3.22024843762093,32.1249984403876,143.841814560192,111.716816119804,22.361238805968,6.9462219947249,1.66878686184829,1,4,3,1,49.7349999999999,4.375,"0",0.106139976115105
"1213","England","Harry Kane","Center Forward","Hugo Lloris",1,28,30,0.968944,FALSE,"From Throw In","Normal","Right Foot","Saved",96.7,57.1,118.8,40.8,28.9015570514808,1.4422205101856,126.275153130626,123.69006752598,2.58508560464593,27.647036710571,27.4608812677234,0,5,7,0,1,18.059,0.969000000000051,"0",0.0235613621483811
"1214","France","Kylian Mbappé Lottin","Left Wing","Jordan Pickford",1,38,45,0.751028,FALSE,"From Free Kick","Half Volley","Left Foot","Off T",107.9,32.9,119,37.4,14.0292551477261,2.78567765543683,59.5965755254942,21.0375110254218,38.5590645000724,18.7478067932603,11.9774788666063,0.354215732041404,4,9,3,1,5.40599999999995,0.750999999999749,"0",0.113993148243981
"1215","England","Jude Bellingham","Left Center Midfield","Hugo Lloris",2,46,36,0.713787,FALSE,"From Corner","Half Volley","Right Foot","Saved",101.1,48,119.2,41.6,20.5234012775661,1.78885438199983,112.941989249972,153.434948822922,40.4929595729498,25.7856110859592,19.198176996788,0,7,8,0,1,4.71499999999969,0.713999999999942,"0",0.0332659740445158
"1216","England","Harry Maguire","Left Center Back","Hugo Lloris",2,47,13,0.384707,TRUE,"From Corner","Normal","Head","Blocked",116.2,30.9,117.2,32,9.86154146165801,8.47584804016684,22.6645574346961,19.2900462191887,3.37451121550737,10.8553330289395,1.48660687473185,0,2,3,0,1,2.32999999999993,42.893,"0",0.227931920617594
"1217","England","Jordan Brian Henderson","Right Center Midfield","Hugo Lloris",2,51,1,0.450466,FALSE,"From Free Kick","Half Volley","Right Foot","Blocked",101.1,56.4,117.9,41.7,25.0233890590384,2.70185121722126,130.948989082243,128.990994042506,1.95799503973774,36.1527317056546,22.3233062067428,0.189296708583009,5,7,3,1,63.0149999999999,3.48599999999988,"0",0.046928213203076
"1218","France","Adrien Rabiot","Left Defensive Midfield","Jordan Pickford",2,54,44,0.620194,FALSE,"From Kick Off","Half Volley","Left Foot","Saved",95.6,43.2,114.1,41.3,24.6089414644352,6.04152298679729,97.4715591765923,102.425942865427,4.95438368883509,30.3341009446159,18.5973116336744,0,0,1,0,1,16.511,4.21500000000015,"0",0.0473191470045554
"1219","England","Bukayo Saka","Right Wing","Hugo Lloris",2,59,35,0.775735,TRUE,"Regular Play","Normal","Right Foot","Saved",103.2,47.6,116.9,41.6,18.4390889145858,3.48855270850248,114.341089936692,117.299572211333,2.95848227464037,19.7955568297276,14.95626958837,0,1,3,0,1,45.3760000000002,0,"0",0.0809120184154978
"1220","France","Ousmane Dembélé","Right Wing","Jordan Pickford",2,60,8,0.43921,FALSE,"From Keeper","Normal","Left Foot","Blocked",99.5,53.8,118.7,41.5,24.7121427642364,1.98494332412792,123.94728590803,139.085616779975,15.1383308719446,25.041862159566,22.8019735987918,0.548155044739033,3,7,2,1,14.6199999999999,0.913000000000011,"0",0.0298623046579092
"1221","England","Harry Kane","Center Forward","Hugo Lloris",2,61,6,0.839383,FALSE,"Regular Play","Normal","Left Foot","Saved",99.1,53.8,117.9,42.6,25.0449595727364,3.34215499341368,123.436267283393,141.072456407208,17.6361891238143,25.3130606365476,21.8833269865439,0.112331191260346,4,7,1,1,36.998,0,"0",0.0408347828257061
"1222","England","Harry Maguire","Left Center Back","Hugo Lloris",2,69,23,0.879877,FALSE,"From Free Kick","Normal","Head","Post",109.1,35,118.5,39.3,11.9920807202087,1.65529453572469,65.3583380004417,64.9831065218999,0.375231478541764,12.4510175660909,10.3368273662667,0,1,4,0,1,1.60899999999947,0.880000000000109,"0",0.16100010386896
"1223","England","Luke Shaw","Left Back","Hugo Lloris",2,70,31,0.08424,FALSE,"Regular Play","Normal","Left Foot","Blocked",108.4,21.7,118.4,37.2,21.6667948714156,3.22490309931941,32.3697839374233,29.7448812969422,2.62490264048119,8.56018821335226,18.4458667456967,0.766964988847373,2,3,1,1,13.1859999999997,32.6970000000001,"0",0.106371001884974
"1224","France","Olivier Giroud","Center Forward","Jordan Pickford",2,74,53,0.602144,TRUE,"Regular Play","Normal","Head","Off T",112.9,47,118.8,41.2,9.97045635866282,1.69705627484772,134.593653766691,135,0.406346233309023,11.9872206200634,8.27345151674921,0,0,0,0,1,24.6769999999997,0.601999999999862,"0",0.244016917034018
"1225","France","Olivier Giroud","Center Forward","Jordan Pickford",2,76,23,0.410396,FALSE,"Regular Play","Volley","Left Foot","Saved",111.3,40.5,119,40.5,8.71435597161374,1.11803398874989,93.2892426784919,116.565051177078,23.2758084985861,18.9888437700358,7.7,0,2,4,0,1,33.4950000000008,0.409999999999854,"0",0.204905632279069
"1226","France","Olivier Giroud","Center Forward","Jordan Pickford",2,77,10,0.328704,TRUE,"From Corner","Normal","Head","Goal",114.7,36.4,119.2,39.2,6.40702739185654,1.13137084989847,55.8138775136249,45,10.8138775136249,16.4084240656174,5.3,1.66666666666668,0,1,1,1,11.8000000000002,86.9930000000004,"1",0.0469322582701969
"1227","England","Mason Mount","Right Center Midfield","Hugo Lloris",2,88,0,1.03097,FALSE,"Regular Play","Normal","Right Foot","Off T",89.5,44.7,118.7,39.7,30.8600064808807,1.33416640641263,98.7602780000162,77.0053832080836,21.7548947919326,29.5852210773854,29.6249894514749,0.0836329741504597,4,6,1,1,10.3580000000002,1.03099999999995,"0",0.0125495537881664
"1228","Brazil","Vinícius José Paixão de Oliveira Júnior","Left Midfield","Dominik Livaković",1,4,6,1.13506,FALSE,"From Free Kick","Normal","Right Foot","Saved",98.8,20.8,118.3,37.6,28.6020978251596,2.94108823397055,47.8341110163065,35.3112134396333,12.5228975766732,23.1122203929816,25.738881094562,0.275973662330441,4,7,1,1,50.222,1.13500000000002,"0",0.0534019408344421
"1229","Croatia","Ivan Perišić","Left Wing","Alisson Ramsés Becker",1,12,4,1.908931,FALSE,"From Throw In","Half Volley","Right Foot","Off T",112.2,43.2,117.6,42.6,8.4308955633432,3.53836120259083,112.306205054908,137.290610042638,24.9844049877308,9.65554336827426,5.43323108288244,0,1,2,0,1,26.83,20.548,"0",0.207741341499114
"1230","Croatia","Andrej Kramarić","Center Forward","Alisson Ramsés Becker",1,18,26,0.110666,FALSE,"Regular Play","Normal","Right Foot","Blocked",99.5,27,118.1,37.7,24.2744721878767,2.98328677803526,57.6193222934308,39.5596679689946,18.0596543244362,25.8441610721903,21.4580987042189,0.413627918970646,2,7,2,1,28.2139999999999,38.6779999999999,"0",0.0470570525530999
"1231","Brazil","Vinícius José Paixão de Oliveira Júnior","Left Midfield","Dominik Livaković",1,19,51,0.336501,FALSE,"Regular Play","Normal","Right Foot","Blocked",103,34.8,117.5,38,17.7775138869303,3.20156211871642,72.9920530445927,51.3401917459099,21.6518612986827,16.6657155762508,14.8489056835849,0.156999220500805,3,7,1,1,46.393,1.58000000000015,"0",0.0767894416410142
"1232","Brazil","Neymar da Silva Santos Junior","Center Attacking Midfield","Dominik Livaković",1,20,4,0.670032,FALSE,"Regular Play","Normal","Right Foot","Saved",107.2,24.9,117.4,36.1,19.7952014387326,4.68721665810318,40.2873483102115,33.6900675259797,6.5972807842318,21.5949056136852,15.1485972947993,1,2,5,1,1,8.13100000000009,0.670000000000073,"0",0.0796927286013795
"1233","Brazil","Carlos Henrique Casimiro","Left Defensive Midfield","Dominik Livaković",1,22,37,0.297653,FALSE,"Regular Play","Normal","Right Foot","Blocked",96.4,49.8,118.6,40.1,25.5538646783613,1.40356688476183,112.550875481667,94.0856167799749,18.4652587016921,11.7969917091912,24.2266382315005,0.472179688205646,5,7,3,1,40.3600000000001,0.44399999999996,"0",0.0202913376820875
"1234","Croatia","Ivan Perišić","Left Wing","Alisson Ramsés Becker",1,29,27,1.456308,FALSE,"Regular Play","Normal","Right Foot","Off T",100.8,20.7,117.6,37.5,27.2237029075767,3.4655446902327,44.851180128143,43.8308606720927,1.02031945605036,23.9395131322072,23.758787847868,0,2,6,0,1,21.434,1.45700000000011,"0",0.085527521660123
"1235","Croatia","Ivan Perišić","Left Wing","Alisson Ramsés Becker",2,50,3,2.118574,TRUE,"From Corner","Normal","Head","Wayward",111.9,41.4,118.3,40.2,8.22009732302483,1.71172427686237,99.8060927598971,96.7098368077569,3.09625595214013,6.4643739858112,6.51152823843987,0,4,5,0,1,1.79899999999998,2.11799999999994,"0",0.126731072031713
"1236","Brazil","Neymar da Silva Santos Junior","Center Attacking Midfield","Dominik Livaković",2,54,19,0.278331,FALSE,"From Goal Kick","Normal","Left Foot","Saved",112.6,29,116.7,35.2,13.2574507353412,5.82494635168428,33.9297974220607,34.5085229876684,0.578725565607733,24.6470179550859,7.43303437365926,0,0,0,0,1,63.1980000000003,51.9099999999999,"0",0.338083977318695
"1237","Brazil","Lucas Tolentino Coelho de Lima","Right Defensive Midfield","Dominik Livaković",2,65,31,0.303696,FALSE,"From Throw In","Half Volley","Left Foot","Saved",111.6,34.5,115.4,36.6,10.0404183179786,5.72013985843003,56.7847485062628,53.5307656099481,3.2539828963147,13.4076662659385,4.34165866921849,0,0,0,0,1,14.6680000000001,0.304000000000087,"0",0.19790613923312
"1238","Brazil","Éder Gabriel Militão","Right Back","Dominik Livaković",2,66,7,0.089926,FALSE,"From Corner","Normal","Right Foot","Blocked",101.4,53.7,117.8,42.1,23.1008657846411,3.04138126514911,126.373842685449,133.66778014613,7.29393746068155,15.804851103743,20.0878072471835,0,4,4,0,1,13.1330000000003,60.7619999999997,"0",0.0316737991440916
"1239","Croatia","Andrej Kramarić","Center Forward","Alisson Ramsés Becker",2,70,58,0.046232,FALSE,"From Free Kick","Normal","Left Foot","Blocked",101.2,57.3,116.5,43.4,25.5485811739126,4.87954915950234,132.620657626399,134.169684513742,1.54902688734319,35.2111537378865,20.6712360539954,0,3,7,0,1,54.7349999999997,56.4780000000001,"0",0.0583642177741038
"1240","Brazil","Neymar da Silva Santos Junior","Center Attacking Midfield","Dominik Livaković",2,75,47,0.147237,FALSE,"Regular Play","Normal","Left Foot","Saved",114.1,28.2,115,31.9,13.1928010672488,9.51892851112981,26.565051177078,31.6863676878566,5.12131651077859,22.7802927677804,3.80788655293195,0,0,0,0,1,8.58500000000004,0.148000000000138,"0",0.33126091918751
"1241","Brazil","Lucas Tolentino Coelho de Lima","Right Defensive Midfield","Dominik Livaković",2,79,47,0.568835,FALSE,"From Throw In","Normal","Left Foot","Saved",104.6,32.8,118.2,37.5,17,3.08058436014987,64.942384581697,35.7538872544367,29.1884973272603,23.6283106791949,14.3892320851392,0.190378255573269,5,8,2,1,56.0070000000005,0,"0",0.077222640850456
"1242","Brazil","Richarlison de Andrade","Center Forward","Dominik Livaković",2,81,53,0.859157,TRUE,"Regular Play","Normal","Head","Off T",109.4,41,118.9,39.5,10.6470653233649,1.20830459735945,95.3893117599735,65.5560452195834,29.8332665403901,12.3820662986892,9.61769203083567,1.49071198499987,1,2,1,1,17.3960000000006,0.858999999999469,"0",0.053319447985876
"1243","Croatia","Nikola Vlašić","Right Wing","Alisson Ramsés Becker",2,84,20,0.049187,FALSE,"From Throw In","Normal","Right Foot","Blocked",107,54.2,117.5,42.2,19.2520128817742,3.33016516106934,137.52611691162,131.347777219694,6.17833969192586,44.5884323082549,15.945218719102,0.520579206295353,2,4,1,1,5.21000000000004,0.130000000000109,"0",0.0707312772609148
"1244","Brazil","Éder Gabriel Militão","Right Back","Dominik Livaković",2,85,22,0.068123,FALSE,"Regular Play","Normal","Right Foot","Blocked",102.5,50.1,118.4,42.2,20.2054448107435,2.72029410174709,119.991086323341,143.972626614897,23.9815402915552,17.1817152954502,17.7544360653894,0.101639453522718,5,6,1,1,28.1800000000003,1.70100000000002,"0",0.0656511656907359
"1245","Brazil","Éder Gabriel Militão","Right Back","Dominik Livaković",2,85,24,0.045914,FALSE,"Regular Play","Half Volley","Left Foot","Blocked",104.7,46.8,118.2,42.1,16.7430582630534,2.76586333718787,113.962488974578,139.398705354996,25.4362163804174,21.7798492834428,14.2947542826031,0.437055447701005,5,6,2,1,29.7290000000003,0.152000000000044,"0",0.0709847188202271
"1246","Brazil","Antony Matheus dos Santos","Right Midfield","Dominik Livaković",2,93,36,1.24373,FALSE,"From Free Kick","Normal","Left Foot","Saved",94.6,56.8,117.7,41.8,30.4532428486688,2.92061637330204,123.481340655121,128.047042531826,4.56570187670557,21.6714869302112,27.542875666858,0,5,8,0,1,30.7670000000007,13.8819999999996,"0",0.0226072245725402
"1247","Brazil","Pedro Guilherme Abreu dos Santos","Center Forward","Dominik Livaković",3,91,16,0.831967,FALSE,"From Corner","Normal","Head","Wayward",112.9,49.4,119.1,41.7,11.780067911519,1.92353840616714,142.935550370089,152.102728969052,9.16717859896343,44.2326869567115,9.8858484714262,0.302061046665089,3,5,1,1,1.38500000000022,10.2210000000005,"0",0.124131745029062
"1248","Brazil","Pedro Guilherme Abreu dos Santos","Center Forward","Dominik Livaković",3,100,41,1.786865,FALSE,"From Free Kick","Volley","Right Foot","Saved",107.2,38.8,118.6,39.7,12.8561269439906,1.43178210632764,84.6441749571448,77.9052429229881,6.7389320341567,5.76673000246282,11.4354711315275,0,1,1,0,1,57.1099999999997,0,"0",0.12658614886891
"1249","Croatia","Marcelo Brozović","Center Defensive Midfield","Alisson Ramsés Becker",3,102,19,0.811005,FALSE,"Regular Play","Normal","Right Foot","Off T",103.7,46.4,116.9,41.1,17.5114248420852,3.2893768406797,111.436860135225,109.536654938128,1.90020519709671,20.6658055115473,14.2242750254626,0.232495277487639,1,4,1,1,15.1679999999997,0.810999999999694,"0",0.0726859760075896
"1250","Brazil","Danilo Luiz da Silva","Left Back","Dominik Livaković",3,104,8,1.044005,FALSE,"From Throw In","Normal","Right Foot","Off T",96.9,22.6,118,37.6,28.9200622405969,3.12409987036266,53.011231612856,39.8055710922652,13.2056605205908,32.6036376383104,25.8884143971777,0,6,8,0,1,15.6800000000003,1.04399999999987,"0",0.0436694282051759
"1251","Brazil","Neymar da Silva Santos Junior","Center Attacking Midfield","Dominik Livaković",3,105,35,0.296773,FALSE,"From Throw In","Normal","Right Foot","Goal",116.5,47.2,113.6,44.7,8.00562302385018,7.94040301244213,154.075098492446,126.29262972848,27.782468763966,22.8262538093963,3.82883794381533,0,0,1,0,0,16.5150000000003,0.296000000000276,"1",0.366946865354463
"1252","Croatia","Bruno Petković","Right Center Forward","Alisson Ramsés Becker",4,116,2,0.117114,FALSE,"Regular Play","Normal","Left Foot","Goal",103.2,38.6,118.2,39.6,16.8582324103092,1.84390889145857,85.2363583092739,77.4711922908485,7.76516601842535,143.94720025197,15.0332963783729,0.341632531890003,3,4,2,1,29.8469999999998,0,"1",0.0801348359630112
"1253","Croatia","Lovro Majer","Right Defensive Midfield","Alisson Ramsés Becker",4,119,45,1.178765,FALSE,"From Free Kick","Normal","Left Foot","Off T",91.5,55,117.1,39.8,32.2063658303758,2.90688837074973,117.75854060106,86.0548137709625,31.7037268300975,31.3371529817459,29.7724705054854,0.269246030918837,5,7,2,1,16.8330000000005,1.17900000000009,"0",0.0123049387458622
"1254","Brazil","Carlos Henrique Casimiro","Left Defensive Midfield","Dominik Livaković",4,121,19,0.354655,FALSE,"From Free Kick","Half Volley","Left Foot","Saved",114,31,118.7,37.5,10.816653826392,2.81780056072107,33.6900675259798,27.4744316262771,6.2156358997027,21.5199807171388,8.02122185206219,0,2,3,0,1,4.64300000000003,3.76499999999942,"0",0.267571816027591
"1255","Portugal","João Félix Sequeira","Left Wing","Yassine Bounou",1,3,59,0.443873,FALSE,"From Free Kick","Diving Header","Head","Saved",106.8,44.2,116.4,41.1,13.8520756567382,3.76430604494374,107.65012421993,106.990823291986,0.659300927943931,25.6256473303059,10.0881118153994,0,2,1,0,1,1.37899999999999,0.444000000000017,"0",0.13160043824481
"1256","Morocco","Youssef En-Nesyri","Center Forward","Diogo Meireles Costa",1,5,56,0.828557,FALSE,"From Corner","Normal","Head","Off T",112.7,39.4,118.8,40.1,7.32461603089199,1.20415945787923,85.3013194827006,94.7636416907262,9.46232220802565,8.94911269202559,6.1400325732035,0.780868809443031,4,6,1,1,1.70699999999999,0.827999999999975,"0",0.077244295352071
"1257","Portugal","Raphaël Adelino José Guerreiro","Left Back","Yassine Bounou",1,12,26,0.535739,FALSE,"From Free Kick","Volley","Left Foot","Blocked",105.6,23.6,118.5,37.4,21.824756585126,3.00166620396073,41.2847108945712,29.9816393688493,11.3030715257219,26.2816928398506,18.8904737897174,0.15895321338882,5,7,2,1,3.904,16.116,"0",0.120363773558882
"1258","Morocco","Hakim Ziyech","Right Midfield","Diogo Meireles Costa",1,17,49,1.039925,FALSE,"Regular Play","Normal","Left Foot","Off T",96.1,60.9,116.8,42.7,31.7493307016069,4.18688428309167,131.168948638943,130.155999624919,1.01294901402397,26.2083557574907,27.5632001044871,0.0889284214187013,4,6,1,1,13.866,1.03999999999996,"0",0.0249969277289395
"1259","Morocco","Youssef En-Nesyri","Center Forward","Diogo Meireles Costa",1,25,21,1.096902,FALSE,"From Free Kick","Normal","Head","Off T",106.7,39.8,116.5,40.4,13.3015036743971,3.52278299076171,89.1384742654324,96.519801751657,7.38132748622458,14.5893841882719,9.81835016690686,0,0,4,0,1,1.29899999999998,1.09699999999998,"0",0.13046408957557
"1260","Portugal","João Félix Sequeira","Left Wing","Yassine Bounou",1,30,9,0.18265,FALSE,"Regular Play","Half Volley","Right Foot","Blocked",100.9,27.7,117.7,37.9,22.7178344038335,3.11448230047949,57.2193129232193,47.6025622024998,9.61675072071958,23.0988481902315,19.654007224991,0.205977702060897,2,4,1,1,13.558,0.301999999999907,"0",0.0647633299668835
"1261","Morocco","Selim Amallah","Left Center Midfield","Diogo Meireles Costa",1,34,2,0.69424,FALSE,"Regular Play","Half Volley","Left Foot","Off T",108.7,31.3,118.7,36.3,14.261135999632,3.92173431022552,52.4069121284952,19.3589941756947,33.0479179528006,18.2303292311087,11.1803398874989,0.454076609186499,3,5,1,1,26.768,0.69399999999996,"0",0.121908064545239
"1262","Morocco","Sofiane Boufal","Left Midfield","Diogo Meireles Costa",1,34,56,1.012198,FALSE,"Regular Play","Normal","Right Foot","Saved",97,27.8,118.2,38.2,26.0353605698097,2.54558441227157,62.0569655766171,45,17.0569655766171,22.7170273855899,23.6135554290327,0.114071739460992,5,7,1,1,17.1749999999997,0,"0",0.0426548103882943
"1263","Portugal","João Félix Sequeira","Left Wing","Yassine Bounou",1,38,46,0.446655,FALSE,"From Free Kick","Half Volley","Right Foot","Off T",102.2,35.4,117.9,39.4,18.3847763108502,2.18403296678415,75.5102374061155,74.054604099077,1.45563330703848,39.97486045501,16.2015431363806,0.291028872663988,3,5,2,1,14.3989999999999,0.445999999999913,"0",0.0643040620237776
"1264","Morocco","Youssef En-Nesyri","Center Forward","Diogo Meireles Costa",1,41,36,0.58303,TRUE,"From Free Kick","Normal","Head","Goal",112.6,39.7,113.9,40.3,7.40607858451421,6.10737259384098,87.6784694101675,92.8155566842112,5.13708727404375,13.695669024014,1.43178210632764,0,0,1,0,1,46.7150000000001,0.583000000000084,"1",0.260496896927471
"1265","Portugal","Bruno Miguel Borges Fernandes","Right Wing","Yassine Bounou",1,44,23,1.285842,FALSE,"From Throw In","Half Volley","Right Foot","Post",108,62.3,117.9,43,25.3237043103887,3.66196668472011,151.71456805805,145.007979801441,6.70658825660863,20.3133233692034,21.6910119634839,0,0,1,0,1,19.1979999999999,5.97499999999991,"0",0.0995874857746679
"1266","Morocco","Yahia Attiyat allah","Left Back","Diogo Meireles Costa",1,46,58,0.510457,FALSE,"From Counter","Normal","Left Foot","Off T",107.6,26.3,118.4,36.9,18.4783657286027,3.48855270850248,42.1485437092629,27.2995722113327,14.8489714979302,29.6745995681236,15.1327459504216,0,1,3,0,1,17.9650000000001,0.510999999999967,"0",0.187190393114711
"1267","Morocco","Azzedine Ounahi","Right Center Midfield","Diogo Meireles Costa",2,55,0,1.334524,FALSE,"Regular Play","Normal","Right Foot","Off T",93.4,44.2,117.1,41.4,26.9295376863399,3.22024843762093,98.9726266148964,115.769327624339,16.7967010094422,20.1675823640472,23.8648276758916,0.15545502209836,1,4,1,1,8.52500000000009,117.679,"0",0.0215270121893019
"1268","Portugal","Gonçalo Matias Ramos","Center Attacking Midfield","Yassine Bounou",2,57,28,0.792392,FALSE,"From Goal Kick","Normal","Head","Off T",108.7,40,118.2,40.7,11.3,1.93132079158279,90,111.250505507133,21.2505055071333,16.6435960335383,9.52575456328789,0,1,1,0,1,21.5079999999998,0.791999999999916,"0",0.20880520882744
"1269","Portugal","João Félix Sequeira","Left Wing","Yassine Bounou",2,60,14,0.082237,TRUE,"Regular Play","Normal","Head","Blocked",109.7,29.4,117.5,37.5,14.7800541270998,3.53553390593274,44.1776290200018,45,0.82237097999819,9.2607623160669,11.2449988883948,0.857492925712544,0,1,1,1,36.0140000000001,25.893,"0",0.103200060790654
"1270","Portugal","Bruno Miguel Borges Fernandes","Right Wing","Yassine Bounou",2,63,4,0.718617,TRUE,"From Throw In","Normal","Right Foot","Off T",101,35.5,115.7,37.8,19.5256241897666,4.83011387029333,76.6754687381092,62.9044475062481,13.7710212318611,26.5857517628205,14.8788440411209,0.37769478730025,4,5,1,1,17.654,55.9000000000001,"0",0.0458850977193881
"1271","Portugal","Bernardo Mota Veiga de Carvalho e Silva","Left Defensive Midfield","Yassine Bounou",2,70,44,1.062713,FALSE,"From Free Kick","Normal","Right Foot","Wayward",109.8,35.9,119.1,38.8,10.9931797037982,1.50000000000001,68.101807194361,36.8698976458441,31.2319095485169,19.1492757445801,9.74166310236604,0.568721702227921,5,8,3,1,0.963999999999942,8.43499999999949,"0",0.113763122518011
"1272","Portugal","João Félix Sequeira","Center Attacking Midfield","Yassine Bounou",2,81,59,0.767556,FALSE,"Regular Play","Normal","Left Foot","Saved",102,57.1,118.2,42.5,24.8276056034407,3.08058436014987,133.531199285614,144.246112745563,10.7149134599491,29.2152196816162,21.8082553176544,0.116841247567397,2,7,1,1,20.2669999999998,0.768000000000029,"0",0.0558509182660576
"1273","Portugal","Cristiano Ronaldo dos Santos Aveiro","Center Forward","Yassine Bounou",2,90,24,0.462799,TRUE,"From Free Kick","Normal","Right Foot","Saved",101.8,53.7,113.5,45,22.780035118498,8.20060973342836,126.970504705768,127.568592028828,0.598087323059104,29.6150989351912,14.5801234562674,0,0,1,0,1,5.31400000000031,1.30199999999968,"0",0.0738556621638842
"1274","Portugal","Kléper Laveran Lima Ferreira","Right Center Back","Yassine Bounou",2,96,40,0.369331,TRUE,"From Throw In","Normal","Head","Off T",114.1,44.5,118.3,40.7,7.42024258363566,1.83847763108503,127.333195738186,112.38013505196,14.9530606862262,16.0868714269996,5.66392090340252,0.92847669088526,1,2,1,1,16.4350000000004,0.368999999999687,"0",0.131148883675677
"1275","Croatia","Dejan Lovren","Right Center Back","Damián Emiliano Martínez",1,15,52,0.935009,TRUE,"From Corner","Normal","Head","Off T",115,27.7,118.3,36.7,13.2774244490413,3.71214223865412,22.1219419718818,27.2553283749431,5.13338640306128,8.18994885357324,9.58592718520228,0.735214622093807,1,2,1,1,7.399,0.935000000000059,"0",0.113117508044165
"1276","Argentina","Enzo Fernandez","Left Defensive Midfield","Dominik Livaković",1,24,35,1.145676,FALSE,"From Throw In","Normal","Right Foot","Saved",93.1,36.9,118.5,39.9,27.0780353792516,1.50332963783729,83.4261399757142,86.1859251657096,2.75978518999547,22.7804738233295,25.5765517613301,0.161775027066481,5,8,1,1,9.78999999999996,57.796,"0",0.0179077906956472
"1277","Croatia","Ivan Perišić","Left Wing","Damián Emiliano Martínez",1,30,33,1.630258,FALSE,"From Throw In","Lob","Right Foot","Off T",106.9,23.2,118.2,36.6,21.3037555374633,3.84707681233427,37.9457482666353,27.8972710309476,10.0484772356877,12.5424894304778,17.5285481429581,0.155756437838666,2,5,1,1,59.817,1.62999999999988,"0",0.118386429484908
"1278","Argentina","Julián Álvarez","Left Center Forward","Dominik Livaković",1,38,26,0.326927,FALSE,"From Counter","Volley","Right Foot","Goal",112.7,37.4,114.9,38.5,7.74919350642375,5.3160135440008,70.3959118491706,73.6104596659652,3.21454781679464,22.404439005931,2.45967477524977,0,1,0,0,1,11.279,0.326999999999771,"1",0.291046122085352
"1279","Argentina","Rodrigo Javier De Paul","Right Midfield","Dominik Livaković",1,40,49,0.385615,FALSE,"Regular Play","Normal","Right Foot","Blocked",95.6,51.4,117.5,42.1,26.9317656309422,3.2649655434629,115.042598177817,130.03025927189,14.9876610940727,25.1760017620523,23.792856070678,0.0966510695164493,5,8,1,1,31.4760000000001,0.619000000000142,"0",0.0270250603246045
"1280","Argentina","Alexis Mac Allister","Left Midfield","Dominik Livaković",1,41,53,0.540362,FALSE,"From Corner","Normal","Head","Saved",113.5,32.8,119.2,37.3,9.7,2.81602556806575,42.0750220508436,16.5043613817549,25.5706606690887,13.3705862871101,7.26223106214612,0,2,5,0,1,1.20100000000002,0.539999999999964,"0",0.148766936888238
"1281","Croatia","Luka Modrić","Right Center Midfield","Damián Emiliano Martínez",1,44,48,0.298525,FALSE,"From Throw In","Normal","Right Foot","Blocked",92.9,46.3,117.5,40.1,27.8226526413281,2.50199920063936,103.087228423837,92.2906100426386,10.7966183811981,29.5865571952118,25.3692727526825,0.189390598083489,6,8,2,1,37.058,5.72699999999986,"0",0.0152382656174795
"1282","Croatia","Mario Pašalić","Right Wing","Damián Emiliano Martínez",1,44,53,0.214249,FALSE,"From Throw In","Half Volley","Right Foot","Off T",119.4,45.8,119.2,44,5.8309518948453,4.07921561087423,174.09385888623,168.69006752598,5.40379136024973,4.66746635923619,1.81107702762748,0,0,0,0,0,42.5709999999999,0.213999999999942,"0",0.454059319394628
"1283","Argentina","Leandro Daniel Paredes","Right Defensive Midfield","Dominik Livaković",2,48,26,1.274215,FALSE,"Regular Play","Normal","Right Foot","Saved",85,44.8,118.3,41,35.3276095992922,1.9723082923316,97.8089924602957,120.46554491946,22.6565524591641,25.7668081578914,33.5161155267134,0.160354454385897,7,9,1,1,38.0329999999999,1.27399999999989,"0",0.00691984690760869
"1284","Argentina","Lionel Andrés Messi Cuccittini","Right Center Forward","Dominik Livaković",2,57,5,0.426667,TRUE,"Regular Play","Normal","Left Foot","Saved",112.7,30.1,117.4,35.4,12.300406497348,5.28393792544916,36.404088563079,29.4758890032457,6.92819955983334,15.2613823858885,7.08378429936993,0,0,2,0,1,35.087,0.42699999999968,"0",0.256670418812282
"1285","Croatia","Mislav Oršić","Left Wing","Damián Emiliano Martínez",2,57,35,0.118325,FALSE,"From Free Kick","Normal","Right Foot","Blocked",98.4,22.8,117.5,37,27.6115917686757,3.90512483795333,51.4698199851732,39.8055710922652,11.664248892908,26.7253552517927,23.8002100831064,0.371802183010308,4,6,2,1,17.377,29.9289999999996,"0",0.047513414354008
"1286","Croatia","Dejan Lovren","Right Center Back","Damián Emiliano Martínez",2,61,47,0.184782,TRUE,"From Free Kick","Normal","Head","Blocked",112.7,40.1,118.8,40.9,7.30068489937759,1.5,90.7848246029917,126.869897645844,36.0850730428522,3.63033408692368,6.1522353661088,1.05999788000636,1,2,1,1,1.9369999999999,3.11599999999999,"0",0.114821001953562
"1287","Argentina","Julián Álvarez","Left Center Forward","Dominik Livaković",2,68,46,0.554719,FALSE,"From Throw In","Normal","Right Foot","Goal",113.3,45.4,119.1,42.7,8.60523096726637,2.84604989415155,128.867777502321,161.565051177078,32.6972736747572,15.1792416953599,6.39765582068932,0.614295116833948,2,4,1,1,14.6689999999999,0.555000000000291,"1",0.157295783458858
"1288","Croatia","Ivan Perišić","Left Back","Damián Emiliano Martínez",2,74,54,1.22653,FALSE,"From Throw In","Normal","Left Foot","Off T",85.8,21.3,117.1,39.7,38.9785838634499,2.91547594742266,61.3308837415936,84.0938588862296,22.762975144636,31.4718480473404,36.3077126792642,0.0722421919214613,5,8,1,1,6.89500000000044,1.22699999999986,"0",0.0110365274891118
"1289","Croatia","Mislav Oršić","Left Wing","Damián Emiliano Martínez",2,77,39,1.411106,FALSE,"Regular Play","Normal","Right Foot","Off T",108,21.9,117.5,37,21.7165835250391,3.90512483795333,33.5437184712981,39.8055710922652,6.26185262096712,19.524175060099,17.8398430486369,0,0,4,0,1,9.80499999999938,1.41100000000006,"0",0.181962487720011
"1290","Argentina","Alexis Mac Allister","Left Center Midfield","Dominik Livaković",2,82,12,0.7015,FALSE,"From Free Kick","Volley","Right Foot","Off T",107.1,46.7,116.9,41.8,14.5361618042728,3.58468966578698,117.44645517366,120.141385552075,2.69493037841524,18.6312367020316,10.956733089749,0,1,2,0,1,4.6869999999999,0.701000000000022,"0",0.132079365188306
"1291","Croatia","Lovro Majer","Right Defensive Midfield","Damián Emiliano Martínez",2,88,23,1.051285,FALSE,"From Throw In","Half Volley","Left Foot","Saved",96,35.4,117.9,39.9,24.4368574084312,2.10237960416286,79.1498953702026,87.2736890060935,8.12379363589089,21.5475286630009,22.3575490606641,0,0,5,0,1,17.3379999999997,0,"0",0.0307079004081017
"1292","Croatia","Nikola Vlašić","Right Wing","Damián Emiliano Martínez",2,92,51,0.953431,FALSE,"From Corner","Normal","Left Foot","Off T",103.6,52.3,117.5,42.4,20.5,3.46554469023269,126.869897645844,133.830860672093,6.96096302624855,28.3616695446276,17.0651692051383,0,5,7,0,1,16.433,0.953000000000429,"0",0.0450189692354848
"1293","Croatia","Dejan Lovren","Right Center Back","Damián Emiliano Martínez",2,94,53,1.062937,FALSE,"Regular Play","Normal","Left Foot","Off T",89.3,36.5,118.3,39.9,30.8988672931549,1.70293863659264,83.4959894595683,86.6335393365703,3.13754987700197,29.0912446725456,29.1986301048525,0.0793425931542965,6,9,1,1,24.9650000000001,8.58299999999963,"0",0.0146081474337701
"1294","France","Kylian Mbappé Lottin","Left Wing","Yassine Bounou",1,4,37,0.200454,TRUE,"From Throw In","Normal","Left Foot","Blocked",108.5,47.3,116.8,42.6,13.6213068389197,4.12310562561766,122.406670043897,129.093858886229,6.6871888423326,26.5714308232029,9.53834367172833,1.11166454683596,2,5,4,1,56.697,3.01099999999997,"0",0.0602521872055988
"1295","France","Theo Bernard François Hernández","Left Back","Yassine Bounou",1,4,40,0.448327,FALSE,"From Throw In","Half Volley","Left Foot","Goal",115.7,31.5,116.8,34,9.52575456328789,6.8,26.8340434707745,28.072486935853,1.23844346507853,19.0901314984639,2.73130005674953,0.13000175503554,1,2,1,1,59.26,0.447999999999979,"1",0.272156027912897
"1296","Morocco","Azzedine Ounahi","Left Defensive Midfield","Hugo Lloris",1,9,38,0.976005,FALSE,"Regular Play","Normal","Right Foot","Saved",95.5,26.2,117.6,38.4,28.1192105152332,2.8844410203712,60.6089478676723,56.3099324740203,4.29901539365203,27.2042248454094,25.2438111227287,0.298142396999972,2,6,1,1,27.389,7.02500000000009,"0",0.032644572020183
"1297","Morocco","Hakim Ziyech","Right Wing","Hugo Lloris",1,16,1,0.374275,FALSE,"Regular Play","Normal","Right Foot","Off T",106.4,54.6,118,43.3,19.9529446448388,3.85875627631495,137.030914236853,148.781597235654,11.7506829988005,38.2744043931525,16.1941347407016,0,0,1,0,1,15.47,0.374000000000024,"0",0.116155712386612
"1298","France","Olivier Giroud","Center Forward","Yassine Bounou",1,16,32,0.596581,FALSE,"From Goal Kick","Normal","Left Foot","Post",105.4,26.8,115.9,36.1,19.6824795185972,5.65862174031804,47.8829634525395,46.4320961841646,1.4508672683749,29.1064101218755,14.0264036730732,0,0,1,0,1,9.82499999999993,0.597000000000094,"0",0.184767945318606
"1299","Morocco","Achraf Hakimi Mouh","Right Back","Hugo Lloris",1,25,27,0.100586,FALSE,"From Throw In","Normal","Right Foot","Blocked",95.3,53.3,117.4,41.7,28.0531638144435,3.10644491340181,118.300755766006,123.178511659393,4.87775589338649,43.7549581147782,24.9593669791523,0.232119172721315,3,5,1,1,30.645,9.231,"0",0.0191285749095829
"1300","France","Aurélien Djani Tchouaméni","Right Defensive Midfield","Yassine Bounou",1,32,23,0.500272,FALSE,"Regular Play","Normal","Right Foot","Blocked",96,32.9,115.3,38.8,25.0281841131154,4.85077313425397,73.5200267181539,75.6772800217964,2.15725330364245,30.1597426224425,20.1816748561659,0.16479747628621,3,5,2,1,9.06500000000005,0.539999999999964,"0",0.0374214476327369
"1301","France","Olivier Giroud","Center Forward","Yassine Bounou",1,34,5,0.041832,TRUE,"From Corner","Normal","Head","Blocked",111.9,44.5,118.8,40.8,9.2660671268883,1.4422205101856,119.054604099077,123.69006752598,4.63546342690245,18.2056155714854,7.82943165242535,3.18449844938955,3,6,2,1,1.19300000000021,2.38599999999997,"0",0.0111346593776587
"1302","France","Youssouf Fofana","Left Defensive Midfield","Yassine Bounou",1,34,7,0.71638,FALSE,"From Corner","Half Volley","Left Foot","Off T",104.3,46.5,117.5,41.2,16.9923512204756,2.77308492477241,112.490178027113,115.641005824305,3.15082779719255,28.4535746622448,14.2242750254626,0.222307655869482,4,7,2,1,2.86200000000008,0.717000000000098,"0",0.0435566603164802
"1303","France","Kylian Mbappé Lottin","Left Wing","Yassine Bounou",1,35,10,0.570406,FALSE,"From Counter","Normal","Right Foot","Blocked",111.7,30.9,114.3,33.3,12.3166553901617,8.7965902484997,42.3675651310135,40.3893506813394,1.97821444967411,14.6132165399205,3.53836120259082,0,0,1,0,1,8.64699999999993,4.56899999999996,"0",0.292703554148002
"1304","France","Olivier Giroud","Center Forward","Yassine Bounou",1,35,14,0.69937,FALSE,"From Counter","Normal","Left Foot","Off T",105.8,42.5,113.5,39.6,14.4183910336764,6.51229606206597,99.9849602046433,86.4785466230777,13.5064135815656,22.9620285238413,8.22800097228969,0.13739945609159,2,2,1,1,12.5169999999998,0.699000000000069,"0",0.13422895831841
"1305","France","Raphaël Varane","Right Center Back","Yassine Bounou",1,39,33,0.298608,FALSE,"From Corner","Volley","Right Foot","Off T",113.7,47.9,118.4,41.3,10.1044544632553,2.06155281280882,141.42874774883,129.09385888623,12.3348888626003,23.3678334464174,8.10246875958186,1.15429606697383,0,3,2,1,0.947999999999865,0.298000000000229,"0",0.071412973801752
"1306","Morocco","Jawad El Yamiq","Left Center Back","Hugo Lloris",1,43,53,0.857176,FALSE,"From Corner","Overhead Kick","Right Foot","Saved to Post",107.2,33.9,119.5,39.9,14.1792101331492,0.509901951359279,64.5192820522105,78.6900675259797,14.1707854737692,14.3688756919953,13.6853936735485,0.252695430354691,4,9,2,1,3.38500000000022,6.7539999999999,"0",0.0609391597466006
"1307","Morocco","Sofiane Boufal","Left Wing","Hugo Lloris",1,43,59,0.885241,FALSE,"From Corner","Half Volley","Right Foot","Off T",96.7,37.2,118.1,38.3,23.4676372905327,2.5495097567964,83.1475302294462,48.1798301198643,34.9677001095819,27.1237314221414,21.4282523785772,0.250801592007033,6,9,3,1,9.2539999999999,0.885000000000218,"0",0.0171688915814345
"1308","France","Jules Koundé","Right Back","Yassine Bounou",2,46,56,0.49991,TRUE,"From Throw In","Half Volley","Right Foot","Blocked",94,50.6,115.6,41.9,28.0777491975407,4.79270278652871,112.180344302017,113.355564859286,1.17522055726873,33.9972948384403,23.28626204439,0.129280644914285,5,8,2,1,40.73,0.822999999999865,"0",0.018997117603013
"1309","Morocco","Yahia Attiyat allah","Left Back","Hugo Lloris",2,52,40,0.099188,FALSE,"From Throw In","Half Volley","Right Foot","Wayward",109.8,35.1,118.6,40,11.3159179919262,1.40000000000001,64.3407354830327,90,25.6592645169673,185.604911980777,10.0722390757964,0,1,5,0,1,24.1000000000004,28.8019999999997,"0",0.196671356658568
"1310","Morocco","Sofyan Amrabat","Center Defensive Midfield","Hugo Lloris",2,53,8,0.747129,FALSE,"From Throw In","Normal","Right Foot","Off T",92.5,36,117.4,39.8,27.7893864631805,2.60768096208105,81.7241071729248,85.6012946450043,3.87718747207954,36.9593504508166,25.1882909305098,0.415227399268699,7,8,1,1,52.1550000000002,0.746999999999844,"0",0.0146921934326804
"1311","France","Marcus Thuram","Left Wing","Yassine Bounou",2,70,57,0.603871,TRUE,"From Free Kick","Normal","Head","Off T",114.5,45.5,117,41.8,7.77817459305202,3.49857113690718,135,120.963756532073,14.0362434679265,9.39834078713017,4.46542271235322,1.96116135138184,2,2,1,1,1.61000000000058,0.60399999999936,"0",0.0808939488109421
"1312","France","Youssouf Fofana","Left Center Midfield","Yassine Bounou",2,73,31,0.31026,FALSE,"Regular Play","Normal","Left Foot","Off T",111.6,27.3,118.2,36.9,15.2266214243344,3.58468966578698,33.4813406551205,30.1413855520753,3.33995510304525,36.7278231717585,11.6498927033686,0.656532164298612,0,1,1,1,13.0559999999996,0.311000000000604,"0",0.154907562503331
"1313","France","Kylian Mbappé Lottin","Center Forward","Yassine Bounou",2,78,48,0.07908,TRUE,"From Goal Kick","Normal","Right Foot","Blocked",107.2,29.8,116.5,36.7,16.3670400500518,4.81040538832228,51.4495347038423,46.6846843178963,4.76485038594595,10.8780036254965,11.5801554393713,0.985972877658996,1,4,2,1,28.1030000000001,1.86300000000028,"0",0.101455794744559
"1314","France","Randal Kolo Muani","Right Wing","Yassine Bounou",2,78,49,0.327022,FALSE,"From Goal Kick","Normal","Right Foot","Goal",115.6,43.8,115.7,39.4,5.81377674149946,4.34165866921848,130.815083874882,82.0565281894095,48.758555685472,14.0297224614301,4.40113621693308,0,0,0,0,1,29.6390000000001,0.327000000000226,"1",0.421627058861754
"1315","Morocco","Zakaria Aboukhlal","Left Center Forward","Hugo Lloris",2,85,38,0.667115,TRUE,"From Throw In","Normal","Head","Wayward",107.1,41,118.5,39.7,12.9387016350173,1.52970585407783,94.4326684686899,78.6900675259799,15.74260094271,11.519828549405,11.473883387938,1.42857142857142,1,3,1,1,40.1260000000002,6.51699999999983,"0",0.0355853310664279
"1316","Morocco","Abdessamad Ezzalzouli","Left Midfield","Hugo Lloris",2,92,42,0.119454,FALSE,"From Throw In","Normal","Right Foot","Blocked",106.9,32.9,117,38.6,14.9003355666911,3.31058907144937,61.5429834045625,64.9831065219,3.44012311733751,9.05507879718712,11.5974135047432,0.587220219514704,0,3,1,1,39.4700000000003,5.23399999999947,"0",0.0749774262239769
"1317","Morocco","Azzedine Ounahi","Left Defensive Midfield","Hugo Lloris",2,92,46,0.076444,FALSE,"From Throw In","Normal","Right Foot","Blocked",103,48.2,117.4,41.5,18.8743211798464,3.00166620396072,115.750474127318,119.981639368849,4.23116524153112,13.6574571044301,15.8823801742686,0.987194584805231,4,6,2,1,44.2879999999996,0.416000000000167,"0",0.0296882010595258
"1318","Morocco","Azzedine Ounahi","Left Defensive Midfield","Hugo Lloris",2,93,7,0.324009,FALSE,"From Corner","Normal","Left Foot","Blocked",98.1,48,117.6,40.9,23.3154455243729,2.56320112359526,110.067087083984,110.556045219583,0.488958135599262,19.3358272241538,20.7523492646013,0.154119982874188,6,9,1,1,6.58100000000013,33.768,"0",0.0194237480825567
"1319","Morocco","Azzedine Ounahi","Left Defensive Midfield","Hugo Lloris",2,93,35,0.126017,FALSE,"From Corner","Half Volley","Right Foot","Blocked",108.6,44.6,118.1,41.4,12.2930874885035,2.36008474424119,111.974507991472,126.384351815836,14.4098438243638,17.331256630329,10.0244700608062,0.684225881422622,3,5,3,1,34.5920000000006,5.75699999999961,"0",0.0530547894413534
"1320","Morocco","Abderrazak Hamdallah","Right Center Forward","Hugo Lloris",2,93,35,0.238285,FALSE,"From Corner","Normal","Other","Blocked",115.9,37.4,119,40.1,4.85489443757534,1.00498756211209,57.6193222934307,95.7105931374997,38.091270844069,12.7843097230021,4.11096095821889,0.292602867990327,1,1,1,1,35.1720000000005,5.17699999999968,"0",0.151639009244129
"1321","Croatia","Joško Gvardiol","Left Center Back","Yassine Bounou",1,6,28,0.670713,FALSE,"From Free Kick","Diving Header","Head","Goal",108.8,38,118.5,39.3,11.3771701226623,1.65529453572469,79.8753283446022,64.9831065218999,14.8922218227023,16.8681813219436,9.78672570372748,0.392232270276368,3,5,1,1,2.46600000000001,0.670999999999992,"1",0.116936973072122
"1322","Morocco","Achraf Dari","Left Center Back","Dominik Livaković",1,8,17,0.646845,FALSE,"From Free Kick","Normal","Head","Goal",115.6,39,117.8,39.8,4.5122056690714,2.20907220343746,77.1957339347133,84.8055710922651,7.60983715755182,7.90107821142973,2.34093998214393,0,0,0,0,1,2.99000000000001,0.646999999999991,"1",0.303186059977103
"1323","Croatia","Mislav Oršić","Left Wing","Yassine Bounou",1,9,35,1.043818,FALSE,"From Kick Off","Normal","Right Foot","Off T",99.5,23.8,117.3,38.2,26.1283371074395,3.24499614791759,51.6826609459942,56.3099324740203,4.62727152802612,30.165658975545,22.8954143880385,0.0959676988698639,4,6,1,1,17.919,1.04399999999998,"0",0.0844400795648589
"1324","Croatia","Josip Stanišić","Right Back","Yassine Bounou",1,13,55,0.751326,FALSE,"From Throw In","Normal","Right Foot","Off T",94.4,41.3,114.7,39.6,25.6329865602898,5.31507290636732,92.9070541783151,85.6839724801343,7.22308169818078,34.0824492759067,20.3710579008553,0.276039748723323,4,5,2,1,23.804,0.750999999999976,"0",0.0208528993593659
"1325","Croatia","Mislav Oršić","Left Wing","Yassine Bounou",1,17,21,0.197355,FALSE,"Regular Play","Normal","Right Foot","Blocked",104.9,38.8,115.9,39.7,15.1476070717457,4.11096095821889,85.4562423485329,85.8150838748815,0.358841526348584,14.4120621756002,11.0367567699936,0.307147558416977,2,3,1,1,8.19000000000005,8.24000000000001,"0",0.0864720565911141
"1326","Croatia","Andrej Kramarić","Center Attacking Midfield","Yassine Bounou",1,17,29,0.63366,FALSE,"From Counter","Normal","Head","Saved",111.3,34.8,118.4,38.3,10.1355808910985,2.33452350598575,59.1331905488629,43.2642954110715,15.8688951377915,11.7292580728227,7.91580697086533,0,2,5,0,1,15.796,0.634000000000015,"0",0.23085762014136
"1327","Croatia","Luka Modrić","Right Defensive Midfield","Yassine Bounou",1,23,25,0.582089,FALSE,"From Throw In","Normal","Left Foot","Saved",101.2,49.5,117.3,41.8,21.0639502468079,3.24499614791759,116.808343895343,123.69006752598,6.88172363063687,30.4251868215591,17.8465682975747,0.0880280325890753,5,7,1,1,37.8670000000002,6.01699999999983,"0",0.0485038183137748
"1328","Morocco","Sofiane Boufal","Left Wing","Dominik Livaković",1,32,9,0.694943,FALSE,"Regular Play","Volley","Left Foot","Off T",112.4,29.5,117.8,35.8,12.9618671494503,4.74130783645188,35.8973775117081,27.6459753637387,8.25140214796938,11.1201517743824,8.29759001156359,1.49071198499987,0,1,1,1,31.78,0.694999999999936,"0",0.0887108826283095
"1329","Morocco","Youssef En-Nesyri","Center Forward","Dominik Livaković",1,36,19,1.272792,TRUE,"From Corner","Normal","Head","Off T",117.8,48.9,118.6,41.8,9.16787870774914,2.28035085019828,166.115332314742,142.125016348902,23.9903159658402,14.0134437886781,7.1449282711585,0.196380671908585,1,2,1,1,1.16900000000032,1.27299999999968,"0",0.235349790674386
"1330","Morocco","Hakim Ziyech","Right Wing","Dominik Livaković",1,39,41,1.494677,FALSE,"From Goal Kick","Normal","Left Foot","Off T",90.6,53.5,118,41.3,32.351352367405,2.38537208837531,114.663814712464,123.023867555797,8.36005284333305,20.2833066510134,29.9933325924279,0.154746115147543,4,6,1,1,29.7129999999997,1.49499999999989,"0",0.017227428451988
"1331","Croatia","Mislav Oršić","Left Wing","Yassine Bounou",1,41,43,1.485201,FALSE,"Regular Play","Normal","Right Foot","Goal",106.5,21.3,117.3,37,23.0638244877124,4.03608721412211,35.8264645577181,41.9872124958167,6.1607479380986,17.4942611179292,19.0559701930917,0,2,3,0,1,45.922,1.48500000000013,"1",0.158258998994336
"1332","Croatia","Marko Livaja","Center Forward","Yassine Bounou",1,46,36,0.099526,FALSE,"Regular Play","Normal","Right Foot","Blocked",90.5,39.5,115.4,39.4,29.5042369838639,4.63896540189728,89.0289780689212,82.5685920288275,6.46038604009371,39.1857404095413,24.9002008024032,0.248069469178417,2,5,1,1,48.4669999999996,0.230000000000018,"0",0.0158440236523332
"1333","Croatia","Mislav Oršić","Left Wing","Yassine Bounou",2,46,22,0.171821,FALSE,"From Free Kick","Normal","Right Foot","Blocked",100.8,24.2,118.2,37.9,24.8652367774771,2.76586333718787,50.5484662937181,40.6012946450044,9.94717164871367,47.457179580834,22.1461057524794,0.121806384283524,4,6,1,1,8.35399999999981,0.291999999999916,"0",0.0743370673358117
"1334","Croatia","Mislav Oršić","Left Wing","Yassine Bounou",2,54,5,1.566332,FALSE,"From Corner","Normal","Right Foot","Off T",87.5,26.6,117.4,39.7,35.154089378051,2.61725046566047,67.5932693537043,83.4180553448221,15.8247859911177,25.309228053907,32.6438355589536,0.26712838206794,8,10,2,1,7.23000000000002,1.56700000000001,"0",0.00661207526746205
"1335","Morocco","Youssef En-Nesyri","Center Forward","Dominik Livaković",2,64,57,0.1,TRUE,"From Free Kick","Normal","Head","Blocked",110.6,40.5,119.5,40.4,9.41328847959097,0.640312423743284,93.0447784441941,128.65980825409,35.6150298098959,7.0710678118655,8.90056178002266,1.24034734589207,2,3,1,1,24.3339999999998,120.199,"0",0.0767822017520604
"1336","Morocco","Youssef En-Nesyri","Center Forward","Dominik Livaković",2,74,35,0.245173,FALSE,"Regular Play","Half Volley","Left Foot","Saved",115.5,48.3,117.1,45.7,9.44139820153773,6.3953107821278,151.534837857345,153.03428556713,1.49944770978468,12.4050416038842,3.05286750449474,0,0,0,0,1,23.1669999999995,7.89300000000003,"0",0.360247276599447
"1337","Croatia","Mateo Kovačić","Left Defensive Midfield","Yassine Bounou",2,86,30,0.819776,FALSE,"Regular Play","Normal","Left Foot","Off T",110.3,29.2,115.9,34.8,14.5165422880244,6.62193325245732,41.9285378829296,38.2544203525171,3.6741175304125,24.9424833170815,7.91959594928934,0,0,1,0,1,28.7800000000007,0.819999999999709,"0",0.221568153856627
"1338","Morocco","Youssef En-Nesyri","Center Forward","Dominik Livaković",2,89,48,0.04494,TRUE,"From Free Kick","Normal","Head","Blocked",110.9,36.5,118.8,40.9,9.74987179402888,1.5,68.9624889745782,126.869897645844,57.9074086712658,17.9400483940777,9.04267659490263,1.96579797511313,2,8,3,1,5.80299999999988,17.2199999999993,"0",0.0484484740528509
"1339","Morocco","Hakim Ziyech","Right Wing","Dominik Livaković",2,90,4,1.272882,FALSE,"From Free Kick","Normal","Left Foot","Off T",89.6,46.9,118.2,41.2,31.1732256912884,2.16333076527839,102.787972654802,123.69006752598,20.9020948711776,25.2417246884135,29.1624758894028,0.153662692153465,8,10,2,1,21.75,1.27299999999923,"0",0.01226067872685
"1340","Morocco","Youssef En-Nesyri","Center Forward","Dominik Livaković",2,95,31,0.6245,TRUE,"From Free Kick","Normal","Head","Off T",113.6,43.4,119.3,40.9,7.24706837279738,1.14017542509914,117.97947438848,142.125016348902,24.1455419604215,13.0049258634088,6.22414652783818,1.21267812518165,1,4,1,1,21.6210000000001,0.625,"0",0.118267699625053
"1341","Argentina","Alexis Mac Allister","Left Center Midfield","Hugo Lloris",1,4,40,0.94819,FALSE,"Regular Play","Normal","Right Foot","Saved",92.4,30,117.4,38.5,29.355749011054,3.00166620396072,70.0835940061909,60.0183606311506,10.0652333750403,27.6810603142804,26.4054918530218,0,3,7,0,1,2.40699999999998,0.949000000000012,"0",0.0264639035552677
"1342","Argentina","Rodrigo Javier De Paul","Right Center Midfield","Hugo Lloris",1,7,36,0.422018,FALSE,"Regular Play","Normal","Right Foot","Blocked",99.2,47.9,117.4,41.1,22.2497190993504,2.82311884269862,110.797162279164,112.93210043759,2.13493815842601,27.5787488990641,19.4288445358956,0,4,9,0,1,32.529,0.475999999999999,"0",0.0480389296995733
"1343","Argentina","Ángel Fabián Di María Hernández","Left Wing","Hugo Lloris",1,16,15,0.87298,FALSE,"Regular Play","Normal","Right Foot","Off T",103.1,34.6,117.8,39.5,17.7417586501451,2.2561028345357,72.2799346777091,77.1957339347133,4.91579925700424,20.1884707373134,15.4951605348251,0.166643523339933,3,5,1,1,5.31700000000001,0.873000000000047,"0",0.0771071906314535
"1344","Argentina","Alexis Mac Allister","Left Center Midfield","Hugo Lloris",1,31,35,3.284765,FALSE,"Regular Play","Half Volley","Right Foot","Wayward",94.3,23.5,117.9,39,30.5407923931256,2.3259406699226,57.2985898440799,64.5366549381283,7.23806509404846,18.0524257767914,28.2349074728429,0.346687622640768,4,7,1,1,62.527,3.28399999999988,"0",0.0277351612546119
"1345","Argentina","Ángel Fabián Di María Hernández","Left Wing","Hugo Lloris",1,35,22,0.466153,FALSE,"From Counter","Normal","Left Foot","Goal",111.8,32.1,114.6,35.1,11.3863953909918,7.29177618965366,46.0674996837402,47.7791668640721,1.71166718033189,27.084178974863,4.10365690573664,0,0,0,0,1,9.75700000000006,0.465999999999894,"1",0.287241813487104
"1346","Argentina","Rodrigo Javier De Paul","Right Center Midfield","Hugo Lloris",2,48,49,0.86795,FALSE,"From Throw In","Volley","Right Foot","Saved",103.3,52.3,117.8,41.6,20.7407810846168,2.72029410174709,126.372646855935,126.027373385104,0.34527347083116,20.5772350921191,18.0205438319713,0.293610109757351,3,6,1,1,32.3130000000001,0,"0",0.0501659752772591
"1347","Argentina","Julián Álvarez","Center Forward","Hugo Lloris",2,58,21,0.426019,FALSE,"From Free Kick","Normal","Left Foot","Saved",110.5,24.9,118.9,36.3,17.8398430486369,3.86005181312376,32.1756018977649,16.5570713756366,15.6185305221283,33.0312918686245,14.1605084654471,0,0,0,0,1,12.404,0,"0",0.221060785464336
"1348","Argentina","Lionel Andrés Messi Cuccittini","Right Wing","Hugo Lloris",2,59,51,0.718656,FALSE,"Regular Play","Normal","Right Foot","Off T",109.7,46,118,42.7,11.9201510057549,3.36005952328229,120.221838267063,143.471144633015,23.2493063659522,14.3491862326306,8.93196506934504,0,1,3,0,1,13.9250000000002,0.717999999999847,"0",0.181300919915584
"1349","France","Randal Kolo Muani","Right Wing","Damián Emiliano Martínez",2,67,15,0.803718,TRUE,"From Corner","Normal","Head","Off T",113.4,34.6,118.3,38.3,8.52760224213113,2.40416305603427,50.7105931374996,45,5.71059313749963,9.07255553521714,6.14003257320349,0,1,3,0,1,1.51299999999992,0.802999999999884,"0",0.145854826661406
"1350","France","Kylian Mbappé Lottin","Left Wing","Damián Emiliano Martínez",2,70,9,0.90957,FALSE,"Regular Play","Normal","Right Foot","Off T",102.5,27.9,117.1,37.3,21.2758078577524,3.9623225512318,55.338910542941,47.0454084888873,8.29350205405379,22.6667362495263,17.3643312569186,0.107125095525499,3,5,1,1,15.1279999999997,20.5110000000004,"0",0.0858915834621396
"1351","Argentina","Enzo Fernandez","Center Defensive Midfield","Hugo Lloris",2,71,31,1.099332,FALSE,"From Goal Kick","Normal","Right Foot","Saved",98.9,32.2,118.2,39.6,22.4955551165113,1.84390889145857,69.7122473125196,77.4711922908485,7.75894497832896,18.7406391792553,20.6700266085944,0.225407030555034,4,9,2,1,32.518,0,"0",0.0630407021719616
"1352","France","Kylian Mbappé Lottin","Left Center Forward","Damián Emiliano Martínez",2,80,59,0.869946,FALSE,"From Throw In","Volley","Right Foot","Goal",104.8,30.1,117.7,37.9,18.1397353894703,3.11448230047949,56.9231666358446,47.6025622024998,9.32060443334487,21.8404360730436,15.0748134316813,0,0,0,0,1,45.7039999999997,0.869999999999891,"1",0.0951859470136945
"1353","Argentina","Enzo Fernandez","Center Defensive Midfield","Hugo Lloris",2,83,23,0.403089,FALSE,"From Throw In","Normal","Right Foot","Blocked",92.2,35.9,118.1,40,28.1007117347586,1.90000000000001,81.6103815465747,90,8.38961845342534,24.43345713179,26.2225094146231,0.0921942921514796,6,9,1,1,25.0590000000002,10.7489999999998,"0",0.0175434157034605
"1354","France","Kylian Mbappé Lottin","Left Center Forward","Damián Emiliano Martínez",2,92,57,0.162324,FALSE,"From Counter","Normal","Right Foot","Blocked",95.9,32.2,116.7,39,25.3308112779674,3.44818792991333,72.0657506114705,73.1416012322617,1.07585062079124,30.6358068040619,21.8833269865439,0.177555206057109,3,5,1,1,6.39399999999932,0.483000000000175,"0",0.0417276995885588
"1355","France","Adrien Rabiot","Left Defensive Midfield","Damián Emiliano Martínez",2,93,45,0.569118,FALSE,"From Corner","Normal","Left Foot","Saved",108.9,28.5,118.3,36.4,15.9831160916762,3.98120584747888,43.9860212772147,25.277722235553,18.7082990416617,21.4064125980832,12.2788435937591,0.0866816735265234,5,8,1,1,16.0559999999996,0.569999999999709,"0",0.0971707198504085
"1356","Argentina","Lionel Andrés Messi Cuccittini","Right Wing","Hugo Lloris",2,96,37,0.660113,FALSE,"Regular Play","Normal","Left Foot","Saved",96.2,40.9,117.6,39.9,23.8170107276291,2.40208242989287,92.1656152529027,87.6140559696111,4.55155928329158,32.5091760471734,21.4233517452335,0,4,6,0,1,17.558,0.659999999999854,"0",0.035713211589887
"1357","Argentina","Alexis Mac Allister","Left Center Midfield","Hugo Lloris",3,92,5,0.867141,FALSE,"From Free Kick","Half Volley","Right Foot","Off T",98.2,23.8,117.5,39.1,27.1602650944353,2.65706605111728,53.3832484809294,70.2011236454751,16.8178751645458,25.6024116984687,24.6288448775008,0.0530924390176547,3,7,1,1,27.5129999999999,0.867000000000189,"0",0.0571819061937508
"1358","France","Youssouf Fofana","Left Defensive Midfield","Damián Emiliano Martínez",3,99,54,0.414646,FALSE,"From Free Kick","Normal","Right Foot","Blocked",89.8,39.9,117.8,39.3,30.2001655624601,2.30867927612304,89.8102795691743,72.3498757800698,17.4604037891045,32.5802156203275,28.0064278336242,0.155294775921515,8,10,2,1,4.48800000000028,3.43900000000031,"0",0.0139436230983963
"1359","Argentina","Lautaro Javier Martínez","Center Forward","Hugo Lloris",3,104,28,0.134648,FALSE,"Regular Play","Normal","Right Foot","Blocked",108.8,45.3,116.7,42.2,12.3907223356833,3.96610640301039,115.324181401947,123.69006752598,8.36588612403268,15.6667927557252,8.48645980371085,0,1,2,0,1,22.5730000000003,3.09100000000035,"0",0.165213358255691
"1360","Argentina","Gonzalo Ariel Montiel","Right Back","Hugo Lloris",3,104,30,0.668562,FALSE,"Regular Play","Half Volley","Right Foot","Blocked",96.3,49.4,117.6,41.6,25.496078129783,2.8844410203712,111.634488532485,123.69006752598,12.0555789934952,27.5607475298471,22.6832537348591,0.196638466015848,5,6,3,1,24.951,0.713000000000648,"0",0.0279489988512721
"1361","Argentina","Lautaro Javier Martínez","Center Forward","Hugo Lloris",3,105,41,1.060919,FALSE,"From Counter","Half Volley","Left Foot","Off T",105.1,33.5,109,35.1,16.2560757872249,12.0420097990327,66.4311672762332,65.9892009361004,0.441966340132822,14.1062864213758,4.2154477816716,0,0,1,0,1,5.38599999999951,1.0610000000006,"0",0.170964287936557
"1362","Argentina","Lionel Andrés Messi Cuccittini","Right Wing","Hugo Lloris",4,106,55,0.934735,FALSE,"From Throw In","Half Volley","Left Foot","Saved",103.6,55.8,118.5,42.4,22.7727907819837,2.83019433961698,133.93250031626,147.994616791916,14.0621164756567,20.8208896470561,20.0392115613364,0,4,6,0,1,2.875,3.65099999999984,"0",0.0629157963542871
"1363","Argentina","Lautaro Javier Martínez","Center Forward","Hugo Lloris",4,107,57,0.275733,FALSE,"Regular Play","Normal","Right Foot","Saved",114.4,52,118.7,43.9,13.2423562857975,4.11096095821889,154.9831065219,161.565051177078,6.58194465517801,32.6201170288197,9.1706052144883,0,0,0,0,1,11.308,1.39099999999962,"0",0.302377905070733
"1364","Argentina","Lionel Andrés Messi Cuccittini","Right Wing","Hugo Lloris",4,107,58,0.330581,FALSE,"Regular Play","Half Volley","Right Foot","Goal",116.6,43,118.3,43.7,4.53431361950186,4.07185461430047,131.423665625003,155.323136829663,23.8994712046603,12.0885599612126,1.83847763108503,0.240284665666106,0,2,1,1,12.3689999999997,0.329999999999927,"1",0.343608885043737
"1365","France","Kylian Mbappé Lottin","Left Center Forward","Damián Emiliano Martínez",4,115,38,0.128318,FALSE,"From Corner","Normal","Right Foot","Blocked",101.4,26.6,117.6,37.8,22.924222996647,3.25576411921995,54.2298862437277,47.4895529219992,6.74033332172853,31.0358761073892,19.6946693295419,0.577090671162206,6,9,4,1,3.9409999999998,0.167999999999665,"0",0.0292411815710957
"1366","France","Randal Kolo Muani","Right Center Forward","Damián Emiliano Martínez",4,122,44,0.212606,FALSE,"From Free Kick","Half Volley","Right Foot","Saved",103.7,45.1,109.7,43.5,17.079227148791,10.8784190027779,107.374037132658,108.768060066843,1.39402293418561,28.6104932612354,6.20966987850401,0,0,0,0,1,9.72799999999916,0.213000000001557,"0",0.113456580128424
"1367","Argentina","Lautaro Javier Martínez","Left Center Forward","Hugo Lloris",4,122,59,0.914533,FALSE,"Regular Play","Normal","Head","Off T",110.8,41.6,118.1,42.4,9.33809402394301,3.0610455730028,99.8658069430844,141.632514615138,41.766707672054,11.3976544001919,7.34370478709486,0.369358427576558,1,3,1,1,13.2960000000003,0.914000000000669,"0",0.161508426500864
