game_id,event_team,shots,avg_dist,avg_angle,goals,is_home,division
2021020001,Pittsburgh Penguins,58,34.45106382978724,29.69148936170213,6,0,Metropolitan
2021020001,Tampa Bay Lightning,55,41.995,25.6275,2,1,Atlantic
2021020002,Seattle Kraken,63,34.34090909090909,33.07727272727273,3,0,Pacific
2021020002,Vegas Golden Knights,58,35.07234042553191,29.582978723404256,4,1,Pacific
2021020003,Montréal Canadiens,55,35.58780487804878,31.378048780487806,1,0,Atlantic
2021020003,Toronto Maple Leafs,64,34.63137254901961,26.01372549019608,2,1,Atlantic
2021020004,New York Rangers,53,34.83684210526316,27.944736842105264,1,0,Metropolitan
2021020004,Washington Capitals,48,40.9775,30.4175,5,1,Metropolitan
2021020005,Chicago Blackhawks,61,42.086363636363636,31.60909090909091,2,0,Central
2021020005,Colorado Avalanche,70,32.77755102040816,34.14489795918367,4,1,Central
2021020006,Edmonton Oilers,67,31.003999999999998,32.312,2,1,Pacific
2021020006,Vancouver Canucks,66,32.56734693877551,24.063265306122446,2,0,Pacific
2021020007,Buffalo Sabres,58,37.1204081632653,28.728571428571428,5,1,Atlantic
2021020007,Montréal Canadiens,54,38.98684210526316,32.18157894736842,1,0,Atlantic
2021020008,Ottawa Senators,68,26.456603773584906,27.635849056603774,3,1,Atlantic
2021020008,Toronto Maple Leafs,75,31.244444444444444,28.674603174603174,2,0,Atlantic
2021020009,Detroit Red Wings,45,25.797142857142855,30.837142857142858,6,1,Atlantic
2021020009,Tampa Bay Lightning,69,31.559649122807016,35.3421052631579,7,0,Atlantic
2021020010,Florida Panthers,62,40.0078431372549,29.480392156862745,5,1,Atlantic
2021020010,Pittsburgh Penguins,77,37.455,28.513333333333332,4,0,Metropolitan
2021020011,Dallas Stars,50,30.910810810810812,26.324324324324323,3,0,Central
2021020011,New York Rangers,77,32.36730769230769,30.478846153846153,2,1,Metropolitan
2021020012,Carolina Hurricanes,80,35.23620689655172,29.801724137931036,6,1,Metropolitan
2021020012,New York Islanders,48,27.518421052631577,38.136842105263156,3,0,Metropolitan
2021020013,Arizona Coyotes,77,38.16379310344828,28.03103448275862,2,0,Central
2021020013,Columbus Blue Jackets,44,36.07142857142857,24.845714285714287,8,1,Metropolitan
2021020014,Nashville Predators,51,35.81025641025641,27.52820512820513,3,1,Central
2021020014,Seattle Kraken,41,38.83103448275862,29.175862068965518,4,0,Pacific
2021020015,Anaheim Ducks,39,34.53636363636364,29.063636363636363,4,1,Pacific
2021020015,Winnipeg Jets,67,38.31041666666667,26.816666666666666,1,0,Central
2021020016,Los Angeles Kings,84,38.351612903225806,32.73225806451613,6,1,Pacific
2021020016,Vegas Golden Knights,44,31.434375,32.546875,2,0,Pacific
2021020017,Chicago Blackhawks,50,32.21944444444444,30.544444444444444,3,0,Central
2021020017,New Jersey Devils,50,30.46511627906977,28.572093023255814,4,1,Metropolitan
2021020018,Philadelphia Flyers,64,37.351020408163265,31.720408163265308,4,1,Metropolitan
2021020018,Vancouver Canucks,69,35.442,29.79,4,0,Pacific
2021020019,Anaheim Ducks,58,44.665116279069764,30.488372093023255,1,1,Pacific
2021020019,Minnesota Wild,74,34.41833333333333,34.72,2,0,Central
2021020020,Boston Bruins,63,40.136538461538464,28.757692307692306,3,1,Atlantic
2021020020,Dallas Stars,47,37.733333333333334,32.89230769230769,1,0,Central
2021020021,Arizona Coyotes,40,38.89032258064516,26.432258064516127,1,0,Central
2021020021,Buffalo Sabres,56,30.38695652173913,32.29565217391304,1,1,Atlantic
2021020022,Ottawa Senators,45,39.78611111111111,30.291666666666664,1,0,Atlantic
2021020022,Toronto Maple Leafs,68,36.256521739130434,28.391304347826086,3,1,Atlantic
2021020023,Montréal Canadiens,57,38.61794871794872,29.635897435897437,1,1,Atlantic
2021020023,New York Rangers,48,39.68571428571428,35.64857142857143,3,0,Metropolitan
2021020024,Detroit Red Wings,39,35.08461538461538,26.484615384615385,3,1,Atlantic
2021020024,Vancouver Canucks,71,32.94230769230769,36.11730769230769,1,0,Pacific
2021020025,Florida Panthers,67,35.27272727272727,29.395454545454545,5,1,Atlantic
2021020025,New York Islanders,54,39.276744186046514,33.16744186046512,1,0,Metropolitan
2021020026,Chicago Blackhawks,38,38.328,23.248,2,0,Central
2021020026,Pittsburgh Penguins,44,33.12285714285714,29.665714285714287,5,1,Metropolitan
2021020027,Tampa Bay Lightning,56,32.48,30.23,2,0,Atlantic
2021020027,Washington Capitals,57,38.69047619047619,33.85,1,1,Metropolitan
2021020028,Columbus Blue Jackets,59,33.6027027027027,33.79189189189189,2,1,Metropolitan
2021020028,Seattle Kraken,48,38.28181818181818,30.787878787878785,1,0,Pacific
2021020029,Carolina Hurricanes,53,37.599999999999994,31.06590909090909,3,0,Metropolitan
2021020029,Nashville Predators,59,39.49361702127659,28.917021276595744,2,1,Central
2021020030,Colorado Avalanche,64,33.1734693877551,28.514285714285712,3,1,Central
2021020030,St. Louis Blues,44,36.080555555555556,27.291666666666668,5,0,Central
2021020031,Calgary Flames,72,41.215254237288136,25.96271186440678,2,0,Pacific
2021020031,Edmonton Oilers,47,36.69024390243902,30.821951219512197,5,1,Pacific
2021020032,Los Angeles Kings,61,33.79347826086956,37.697826086956525,2,1,Pacific
2021020032,Minnesota Wild,45,36.241025641025644,35.07435897435897,3,0,Central
2021020033,San Jose Sharks,60,38.47826086956522,24.258695652173913,4,1,Pacific
2021020033,Winnipeg Jets,51,43.763333333333335,23.11,3,0,Central
2021020034,Dallas Stars,60,45.10909090909091,26.53181818181818,2,0,Central
2021020034,Ottawa Senators,52,39.258974358974356,30.97948717948718,3,1,Atlantic
2021020035,New York Rangers,50,33.834210526315786,28.728947368421053,2,0,Metropolitan
2021020035,Toronto Maple Leafs,73,31.74406779661017,28.322033898305083,1,1,Atlantic
2021020036,Philadelphia Flyers,45,32.16842105263158,32.676315789473684,6,1,Metropolitan
2021020036,Seattle Kraken,40,33.890625,30.440625,1,0,Pacific
2021020037,Anaheim Ducks,47,40.25365853658536,34.89756097560976,3,0,Pacific
2021020037,Calgary Flames,75,30.182142857142857,34.20892857142857,2,1,Pacific
2021020038,Arizona Coyotes,52,36.266666666666666,27.23846153846154,4,1,Central
2021020038,St. Louis Blues,49,41.05348837209302,26.22093023255814,7,0,Central
2021020039,Buffalo Sabres,65,40.82,29.194545454545455,5,1,Atlantic
2021020039,Vancouver Canucks,44,38.13076923076923,26.315384615384616,2,0,Pacific
2021020040,Montréal Canadiens,54,42.142857142857146,36.645714285714284,0,1,Atlantic
2021020040,San Jose Sharks,43,38.65,31.21875,5,0,Pacific
2021020041,Columbus Blue Jackets,50,33.02894736842105,32.723684210526315,1,0,Metropolitan
2021020041,Detroit Red Wings,63,32.830357142857146,33.2125,4,1,Atlantic
2021020042,Florida Panthers,56,35.80731707317073,32.90975609756097,4,0,Atlantic
2021020042,Tampa Bay Lightning,52,33.51904761904762,31.754761904761903,1,1,Atlantic
2021020043,New Jersey Devils,56,31.213333333333335,25.74222222222222,4,1,Metropolitan
2021020043,Seattle Kraken,60,37.64418604651163,29.195348837209302,2,0,Pacific
2021020044,Dallas Stars,47,31.092307692307692,25.471794871794874,1,0,Central
2021020044,Pittsburgh Penguins,60,35.304545454545455,29.086363636363636,1,1,Metropolitan
2021020045,Colorado Avalanche,46,28.78,34.59142857142857,3,0,Central
2021020045,Washington Capitals,68,36.59814814814815,36.43518518518518,6,1,Metropolitan
2021020046,Chicago Blackhawks,69,31.606,33.424,1,1,Central
2021020046,New York Islanders,49,39.75675675675676,36.58108108108108,4,0,Metropolitan
2021020047,Los Angeles Kings,46,37.64705882352941,36.85294117647059,1,0,Pacific
2021020047,Nashville Predators,62,38.51590909090909,27.85,2,1,Central
2021020048,Minnesota Wild,70,34.55555555555556,31.50740740740741,6,1,Central
2021020048,Winnipeg Jets,63,36.802439024390246,29.958536585365856,5,0,Central
2021020049,Anaheim Ducks,63,36.39782608695652,34.66086956521739,5,0,Pacific
2021020049,Edmonton Oilers,61,27.253191489361704,31.146808510638298,6,1,Pacific
2021020050,Boston Bruins,72,39.583673469387755,37.638775510204084,3,0,Atlantic
2021020050,Philadelphia Flyers,48,38.736666666666665,31.75,6,1,Metropolitan
2021020051,St. Louis Blues,67,27.351063829787233,30.582978723404256,3,0,Central
2021020051,Vegas Golden Knights,64,39.207692307692305,28.20769230769231,1,1,Pacific
2021020052,Carolina Hurricanes,55,37.95227272727273,31.020454545454545,4,0,Metropolitan
2021020052,Montréal Canadiens,59,35.258974358974356,31.584615384615386,1,1,Atlantic
2021020053,Ottawa Senators,71,39.46153846153846,24.88269230769231,1,1,Atlantic
2021020053,San Jose Sharks,49,36.059375,29.959375,2,0,Pacific
2021020054,Calgary Flames,49,43.87777777777778,29.56388888888889,3,0,Pacific
2021020054,Detroit Red Wings,53,42.958695652173915,33.404347826086955,0,1,Atlantic
2021020055,Colorado Avalanche,49,35.575675675675676,31.583783783783783,1,0,Central
2021020055,Florida Panthers,66,38.46875,27.08125,4,1,Atlantic
2021020056,New Jersey Devils,52,34.19166666666666,29.48611111111111,1,1,Metropolitan
2021020056,Washington Capitals,51,31.995238095238093,30.53095238095238,4,0,Metropolitan
2021020057,Columbus Blue Jackets,56,32.37906976744186,36.246511627906976,3,1,Metropolitan
2021020057,New York Islanders,60,36.821276595744685,30.646808510638298,2,0,Metropolitan
2021020058,Chicago Blackhawks,55,30.278378378378378,30.267567567567568,1,1,Central
2021020058,Vancouver Canucks,55,40.417073170731705,26.504878048780487,4,0,Pacific
2021020059,Nashville Predators,51,34.86829268292683,36.56829268292683,1,1,Central
2021020059,New York Rangers,49,29.18888888888889,39.06,3,0,Metropolitan
2021020060,Anaheim Ducks,68,36.942,26.426,1,0,Pacific
2021020060,Winnipeg Jets,50,46.17368421052632,28.102631578947367,5,1,Central
2021020061,Arizona Coyotes,47,42.61351351351351,30.232432432432432,1,1,Central
2021020061,Edmonton Oilers,58,42.35227272727273,29.175,5,0,Pacific
2021020062,Boston Bruins,40,36.92058823529412,34.832352941176474,4,0,Atlantic
2021020062,Buffalo Sabres,68,38.38478260869565,26.480434782608697,1,1,Atlantic
2021020063,San Jose Sharks,51,34.66,29.1125,5,0,Pacific
2021020063,Toronto Maple Leafs,70,27.9,26.40576923076923,3,1,Atlantic
2021020064,Dallas Stars,52,29.229411764705883,38.6764705882353,3,1,Central
2021020064,Los Angeles Kings,78,37.82666666666667,32.77,2,0,Pacific
2021020065,Edmonton Oilers,58,35.95681818181818,39.652272727272724,5,0,Pacific
2021020065,Vegas Golden Knights,72,37.24107142857143,37.05714285714286,3,1,Pacific
2021020066,Detroit Red Wings,52,38.18055555555556,32.9,1,0,Atlantic
2021020066,Montréal Canadiens,67,29.183783783783785,35.65405405405405,6,1,Atlantic
2021020067,New York Rangers,55,36.402702702702705,34.9,3,0,Metropolitan
2021020067,Ottawa Senators,52,36.5,32.98974358974359,2,1,Atlantic
2021020068,Colorado Avalanche,57,27.502222222222223,26.517777777777777,3,0,Central
2021020068,Tampa Bay Lightning,62,34.472727272727276,26.521818181818183,3,1,Atlantic
2021020069,Buffalo Sabres,45,33.63142857142857,29.265714285714285,1,0,Atlantic
2021020069,New Jersey Devils,70,35.363157894736844,24.301754385964912,2,1,Metropolitan
2021020070,Florida Panthers,62,36.374,29.828,4,0,Atlantic
2021020070,Philadelphia Flyers,52,40.565,29.5625,2,1,Metropolitan
2021020071,Pittsburgh Penguins,49,28.297560975609755,24.21707317073171,7,1,Metropolitan
2021020071,Toronto Maple Leafs,60,34.35581395348837,30.995348837209303,1,0,Atlantic
2021020072,Calgary Flames,57,35.45641025641026,33.07435897435897,4,0,Pacific
2021020072,Washington Capitals,59,29.248648648648647,37.64594594594595,3,1,Metropolitan
2021020073,Carolina Hurricanes,53,30.365116279069767,37.448837209302326,5,0,Metropolitan
2021020073,Columbus Blue Jackets,51,42.58717948717949,31.54102564102564,1,1,Metropolitan
2021020074,Los Angeles Kings,55,35.483333333333334,31.2625,3,0,Pacific
2021020074,St. Louis Blues,63,30.708,29.922,7,1,Central
2021020075,Anaheim Ducks,51,42.184375,26.725,3,0,Pacific
2021020075,Minnesota Wild,63,34.48372093023256,24.993023255813952,4,1,Central
2021020076,Nashville Predators,71,34.65714285714286,28.510204081632654,4,0,Central
2021020076,Winnipeg Jets,49,30.021052631578947,23.24473684210526,6,1,Central
2021020077,Arizona Coyotes,54,41.4,26.42105263157895,0,1,Central
2021020077,New York Islanders,48,43.4264705882353,25.055882352941175,3,0,Metropolitan
2021020078,Seattle Kraken,59,35.33725490196078,31.609803921568627,2,1,Pacific
2021020078,Vancouver Canucks,57,43.693023255813955,29.22093023255814,4,0,Pacific
2021020079,Boston Bruins,54,47.45,25.75625,4,1,Atlantic
2021020079,San Jose Sharks,48,40.77647058823529,29.28235294117647,3,0,Pacific
2021020080,Chicago Blackhawks,68,31.291836734693877,28.59387755102041,3,1,Central
2021020080,Detroit Red Wings,50,26.64047619047619,34.733333333333334,6,0,Atlantic
2021020081,Minnesota Wild,62,37.41086956521739,33.56521739130435,2,1,Central
2021020081,Nashville Predators,49,29.511627906976745,27.834883720930232,5,0,Central
2021020082,New York Islanders,49,34.04,36.0375,2,0,Metropolitan
2021020082,Vegas Golden Knights,79,37.58793103448276,32.38793103448276,0,1,Pacific
2021020083,Buffalo Sabres,44,43.361111111111114,28.144444444444442,5,1,Atlantic
2021020083,Tampa Bay Lightning,70,39.56730769230769,27.142307692307693,1,0,Atlantic
2021020084,Ottawa Senators,57,30.344444444444445,28.524444444444445,5,1,Atlantic
2021020084,Washington Capitals,58,33.84390243902439,35.22195121951219,7,0,Metropolitan
2021020085,Arizona Coyotes,36,35.98888888888889,39.870370370370374,3,0,Central
2021020085,Florida Panthers,74,38.10740740740741,27.544444444444444,5,1,Atlantic
2021020086,Calgary Flames,63,36.846666666666664,31.357777777777777,5,0,Pacific
2021020086,New York Rangers,57,33.32439024390244,32.97073170731707,1,1,Metropolitan
2021020087,Carolina Hurricanes,57,38.295833333333334,30.3625,4,1,Metropolitan
2021020087,Toronto Maple Leafs,55,27.07179487179487,36.94871794871795,1,0,Atlantic
2021020088,Columbus Blue Jackets,52,30.338461538461537,32.738461538461536,4,1,Metropolitan
2021020088,Dallas Stars,55,34.969565217391306,39.81521739130435,1,0,Central
2021020089,Los Angeles Kings,50,32.14883720930233,31.844186046511627,0,0,Pacific
2021020089,St. Louis Blues,56,42.395348837209305,30.865116279069767,3,1,Central
2021020090,Calgary Flames,59,40.46190476190476,29.00952380952381,5,0,Pacific
2021020090,New Jersey Devils,53,41.75,28.8975,3,1,Metropolitan
2021020091,Pittsburgh Penguins,55,39.6,23.271428571428572,1,1,Metropolitan
2021020091,Tampa Bay Lightning,49,38.67368421052632,26.371052631578948,5,0,Atlantic
2021020092,Nashville Predators,44,38.12,29.077142857142857,3,1,Central
2021020092,San Jose Sharks,57,36.71951219512195,32.18292682926829,1,0,Pacific
2021020093,Colorado Avalanche,60,37.463157894736845,21.128947368421052,1,1,Central
2021020093,Vegas Golden Knights,55,44.323076923076925,25.16923076923077,3,0,Pacific
2021020094,Minnesota Wild,46,43.93714285714286,26.76,3,0,Central
2021020094,Vancouver Canucks,49,38.9969696969697,28.472727272727273,2,1,Pacific
2021020095,Anaheim Ducks,62,35.61960784313725,26.472549019607843,3,1,Pacific
2021020095,Winnipeg Jets,53,28.335897435897436,29.646153846153844,4,0,Central
2021020096,Montréal Canadiens,36,32.83,33.806666666666665,1,0,Atlantic
2021020096,Seattle Kraken,55,37.04864864864865,20.364864864864863,5,1,Pacific
2021020097,Boston Bruins,58,32.84390243902439,28.934146341463414,1,0,Atlantic
2021020097,Florida Panthers,52,37.04358974358974,27.910256410256412,4,1,Atlantic
2021020098,Detroit Red Wings,47,40.644444444444446,29.833333333333332,3,0,Atlantic
2021020098,Washington Capitals,46,29.0975,32.2925,2,1,Metropolitan
2021020099,Chicago Blackhawks,42,34.16388888888889,24.03333333333333,2,1,Central
2021020099,Toronto Maple Leafs,77,40.068518518518516,28.112962962962964,3,0,Atlantic
2021020100,Dallas Stars,69,31.255102040816325,26.755102040816325,2,1,Central
2021020100,Vegas Golden Knights,57,40.56896551724138,26.75862068965517,3,0,Pacific
2021020101,Edmonton Oilers,75,33.26938775510204,29.869387755102043,3,1,Pacific
2021020101,Philadelphia Flyers,50,40.16511627906977,27.39767441860465,5,0,Metropolitan
2021020102,Arizona Coyotes,48,40.03658536585366,31.346341463414635,1,0,Central
2021020102,Tampa Bay Lightning,47,33.48918918918919,30.775675675675675,5,1,Atlantic
2021020103,Calgary Flames,58,38.31304347826087,27.858695652173914,4,0,Pacific
2021020103,Pittsburgh Penguins,77,36.88709677419355,26.114516129032257,0,1,Metropolitan
2021020104,Boston Bruins,60,35.936734693877554,31.383673469387755,0,0,Atlantic
2021020104,Carolina Hurricanes,52,36.33720930232558,31.12093023255814,3,1,Metropolitan
2021020105,Colorado Avalanche,71,33.494,28.478,4,0,Central
2021020105,St. Louis Blues,38,40.9375,29.5,3,1,Central
2021020106,Philadelphia Flyers,53,35.05384615384615,31.405128205128204,2,0,Metropolitan
2021020106,Vancouver Canucks,45,33.93421052631579,24.513157894736842,1,1,Pacific
2021020107,Anaheim Ducks,56,31.58936170212766,29.52340425531915,3,1,Pacific
2021020107,Buffalo Sabres,53,27.273809523809526,42.054761904761904,4,0,Atlantic
2021020108,Los Angeles Kings,50,33.5578947368421,32.97105263157895,2,1,Pacific
2021020108,Winnipeg Jets,56,33.55777777777778,33.54666666666667,3,0,Central
2021020109,Montréal Canadiens,48,43.05833333333334,31.391666666666666,4,0,Atlantic
2021020109,San Jose Sharks,74,41.77142857142857,21.260714285714286,0,1,Pacific
2021020110,Minnesota Wild,48,40.09473684210526,30.652631578947368,1,0,Central
2021020110,Seattle Kraken,59,40.479166666666664,29.175,4,1,Pacific
2021020111,Detroit Red Wings,50,29.434146341463414,28.873170731707315,2,1,Atlantic
2021020111,Florida Panthers,67,32.90227272727273,30.40681818181818,3,0,Atlantic
2021020112,Columbus Blue Jackets,61,35.74,29.664444444444445,0,0,Metropolitan
2021020112,New York Rangers,64,30.3,31.598039215686274,4,1,Metropolitan
2021020113,Arizona Coyotes,38,31.242857142857144,26.985714285714288,0,0,Central
2021020113,Washington Capitals,60,41.47234042553192,32.740425531914894,2,1,Metropolitan
2021020114,Carolina Hurricanes,52,45.826190476190476,34.25238095238095,6,1,Metropolitan
2021020114,Chicago Blackhawks,53,33.76829268292683,30.465853658536588,3,0,Central
2021020115,Dallas Stars,69,29.118518518518517,29.692592592592593,1,1,Central
2021020115,Ottawa Senators,44,28.638709677419353,28.793548387096774,4,0,Atlantic
2021020116,Anaheim Ducks,75,27.057407407407407,30.822222222222223,4,0,Pacific
2021020116,Vegas Golden Knights,71,33.875,31.357142857142858,4,1,Pacific
2021020117,Boston Bruins,54,30.7725,30.11,2,1,Atlantic
2021020117,Florida Panthers,54,42.82325581395349,28.190697674418605,2,0,Atlantic
2021020118,Detroit Red Wings,54,40.17,34.425,4,0,Atlantic
2021020118,Toronto Maple Leafs,65,33.992,25.66,5,1,Atlantic
2021020119,New Jersey Devils,60,39.90217391304348,27.17391304347826,4,0,Metropolitan
2021020119,Pittsburgh Penguins,56,34.165116279069764,27.553488372093025,2,1,Metropolitan
2021020120,Chicago Blackhawks,56,35.12682926829268,27.909756097560976,0,0,Central
2021020120,St. Louis Blues,70,28.976363636363637,29.28909090909091,1,1,Central
2021020121,Nashville Predators,58,33.76888888888889,29.884444444444444,2,1,Central
2021020121,New York Islanders,56,38.563043478260866,32.060869565217395,2,0,Metropolitan
2021020122,Colorado Avalanche,61,37.904761904761905,24.104761904761904,4,1,Central
2021020122,Minnesota Wild,60,37.12564102564102,30.846153846153847,1,0,Central
2021020123,Calgary Flames,58,35.74782608695652,28.06086956521739,4,1,Pacific
2021020123,Philadelphia Flyers,40,38.05769230769231,28.565384615384616,0,0,Metropolitan
2021020124,Edmonton Oilers,60,33.11702127659574,34.31063829787234,2,0,Pacific
2021020124,Vancouver Canucks,61,33.13913043478261,31.621739130434783,1,1,Pacific
2021020125,Los Angeles Kings,65,30.812244897959182,34.13673469387755,5,1,Pacific
2021020125,Montréal Canadiens,51,33.857894736842105,29.781578947368423,2,0,Atlantic
2021020126,San Jose Sharks,57,43.646808510638294,23.340425531914892,2,1,Pacific
2021020126,Winnipeg Jets,69,37.41698113207547,24.662264150943397,1,0,Central
2021020127,Columbus Blue Jackets,59,36.825,26.322499999999998,3,0,Metropolitan
2021020127,New Jersey Devils,73,32.601851851851855,32.487037037037034,3,1,Metropolitan
2021020128,Arizona Coyotes,37,35.737931034482756,32.51724137931034,1,0,Central
2021020128,Carolina Hurricanes,81,32.77068965517241,32.12931034482759,2,1,Metropolitan
2021020129,Anaheim Ducks,44,42.294285714285714,28.81714285714286,4,1,Pacific
2021020129,Montréal Canadiens,37,35.93076923076923,32.565384615384616,2,0,Atlantic
2021020130,Buffalo Sabres,35,35.24074074074074,30.67037037037037,2,0,Atlantic
2021020130,Los Angeles Kings,62,28.76,30.438,3,1,Pacific
2021020131,New York Rangers,40,45.611111111111114,26.214814814814815,3,0,Metropolitan
2021020131,Seattle Kraken,73,32.45192307692307,27.35576923076923,1,1,Pacific
2021020132,Tampa Bay Lightning,45,27.959375,27.3375,3,1,Atlantic
2021020132,Washington Capitals,54,33.64186046511628,29.509302325581395,2,0,Metropolitan
2021020133,Chicago Blackhawks,55,39.792307692307695,27.82051282051282,5,1,Central
2021020133,Ottawa Senators,59,33.1219512195122,35.92926829268293,1,0,Atlantic
2021020134,Edmonton Oilers,47,20.161290322580644,39.08709677419355,5,1,Pacific
2021020134,Seattle Kraken,49,22.354054054054053,32.77837837837838,2,0,Pacific
2021020135,Toronto Maple Leafs,66,31.006976744186048,25.844186046511627,4,1,Atlantic
2021020135,Vegas Golden Knights,46,44.39090909090909,15.378787878787879,0,0,Pacific
2021020136,Detroit Red Wings,41,36.925,45.635714285714286,0,0,Atlantic
2021020136,Montréal Canadiens,60,32.21836734693878,37.738775510204086,3,1,Atlantic
2021020137,Arizona Coyotes,53,38.9325,32.46,0,0,Central
2021020137,Philadelphia Flyers,66,33.56122448979592,33.45510204081633,3,1,Metropolitan
2021020138,Minnesota Wild,76,37.725,32.08571428571428,5,1,Central
2021020138,Ottawa Senators,41,36.025,29.77777777777778,4,0,Atlantic
2021020139,Dallas Stars,52,31.6275,24.8375,3,0,Central
2021020139,Winnipeg Jets,69,34.47735849056604,24.141509433962266,3,1,Central
2021020140,Calgary Flames,69,30.253571428571426,32.50892857142857,2,1,Pacific
2021020140,Nashville Predators,36,38.48571428571429,31.035714285714285,3,0,Central
2021020141,New York Rangers,45,44.88181818181818,29.127272727272725,2,0,Metropolitan
2021020141,Vancouver Canucks,65,29.06808510638298,26.823404255319147,3,1,Pacific
2021020142,Anaheim Ducks,57,40.45128205128205,33.294871794871796,4,1,Pacific
2021020142,New Jersey Devils,52,39.044736842105266,36.876315789473686,0,0,Metropolitan
2021020143,Buffalo Sabres,45,41.66470588235294,27.21470588235294,3,0,Atlantic
2021020143,San Jose Sharks,45,36.127272727272725,24.342424242424244,5,1,Pacific
2021020144,Carolina Hurricanes,67,36.345454545454544,28.588636363636365,4,0,Metropolitan
2021020144,Chicago Blackhawks,57,35.33846153846154,29.91794871794872,3,1,Central
2021020145,Colorado Avalanche,60,33.96153846153846,32.67179487179487,4,1,Central
2021020145,Columbus Blue Jackets,62,40.76590909090909,35.13636363636364,5,0,Metropolitan
2021020146,Edmonton Oilers,55,32.95641025641026,33.4,5,1,Pacific
2021020146,Nashville Predators,56,36.367441860465114,23.96511627906977,2,0,Central
2021020147,Los Angeles Kings,73,33.93962264150944,27.822641509433964,2,1,Pacific
2021020147,St. Louis Blues,64,34.76792452830188,24.428301886792454,2,0,Central
2021020148,Boston Bruins,63,38.03962264150943,29.07169811320755,5,1,Atlantic
2021020148,Detroit Red Wings,37,39.62307692307692,26.473076923076924,1,0,Atlantic
2021020149,Tampa Bay Lightning,48,30.36,28.24,1,0,Atlantic
2021020149,Toronto Maple Leafs,63,27.09090909090909,28.206818181818182,2,1,Atlantic
2021020150,Montréal Canadiens,74,37.9468085106383,24.823404255319147,2,1,Atlantic
2021020150,New York Islanders,52,29.116279069767444,22.588372093023256,6,0,Metropolitan
2021020151,Ottawa Senators,65,36.815384615384616,38.940384615384616,1,1,Atlantic
2021020151,Vegas Golden Knights,67,34.68490566037736,31.29056603773585,5,0,Pacific
2021020152,Florida Panthers,52,37.28974358974359,30.138461538461538,5,1,Atlantic
2021020152,Washington Capitals,58,42.35510204081633,26.810204081632655,4,0,Metropolitan
2021020153,Philadelphia Flyers,66,38.384,25.09,2,0,Metropolitan
2021020153,Pittsburgh Penguins,64,28.240000000000002,35.838,3,1,Metropolitan
2021020154,Calgary Flames,55,34.585,25.81,3,1,Pacific
2021020154,Dallas Stars,41,36.75555555555555,26.477777777777778,4,0,Central
2021020155,San Jose Sharks,47,34.7,27.565789473684212,3,1,Pacific
2021020155,St. Louis Blues,53,38.03,21.2025,5,0,Central
2021020156,Buffalo Sabres,41,42.003571428571426,27.58214285714286,2,0,Atlantic
2021020156,Seattle Kraken,57,37.34,23.376,5,1,Pacific
2021020157,Chicago Blackhawks,38,37.75833333333333,42.5375,1,0,Central
2021020157,Winnipeg Jets,55,31.609756097560975,23.507317073170732,5,1,Central
2021020158,Edmonton Oilers,79,31.03035714285714,28.823214285714286,6,1,Pacific
2021020158,New York Rangers,46,32.26470588235294,29.69705882352941,5,0,Metropolitan
2021020159,Nashville Predators,48,33.127027027027026,31.448648648648646,3,0,Central
2021020159,Vancouver Canucks,69,38.1609756097561,29.97073170731707,2,1,Pacific
2021020160,Anaheim Ducks,65,30.95957446808511,30.680851063829788,3,1,Pacific
2021020160,Arizona Coyotes,47,39.01578947368421,32.53947368421053,1,0,Central
2021020161,Los Angeles Kings,53,32.815384615384616,36.92051282051282,3,1,Pacific
2021020161,New Jersey Devils,50,32.587878787878786,35.71515151515151,2,0,Metropolitan
2021020162,Buffalo Sabres,55,34.181395348837206,37.009302325581395,3,1,Atlantic
2021020162,Detroit Red Wings,51,30.343589743589742,27.08974358974359,4,0,Atlantic
2021020163,Boston Bruins,74,37.42586206896552,27.80862068965517,2,0,Atlantic
2021020163,Toronto Maple Leafs,55,33.68571428571428,29.438095238095237,5,1,Atlantic
2021020164,Montréal Canadiens,71,32.69591836734694,29.20204081632653,2,1,Atlantic
2021020164,Vegas Golden Knights,40,33.104,38.592,5,0,Pacific
2021020165,Ottawa Senators,45,30.233333333333334,31.6,3,1,Atlantic
2021020165,Tampa Bay Lightning,58,35.46875,27.65,5,0,Atlantic
2021020166,Carolina Hurricanes,73,34.682978723404254,31.578723404255317,2,0,Metropolitan
2021020166,Florida Panthers,58,38.01702127659574,32.1,5,1,Atlantic
2021020167,Minnesota Wild,76,34.238181818181815,24.172727272727272,4,0,Central
2021020167,Pittsburgh Penguins,66,31.128301886792453,22.245283018867923,4,1,Metropolitan
2021020168,Philadelphia Flyers,62,35.18333333333333,34.57142857142857,2,0,Metropolitan
2021020168,Washington Capitals,57,31.47111111111111,30.057777777777776,1,1,Metropolitan
2021020169,Colorado Avalanche,57,29.641304347826086,35.571739130434786,2,0,Central
2021020169,Columbus Blue Jackets,62,41.43125,26.889583333333334,4,1,Metropolitan
2021020170,New York Islanders,53,32.778260869565216,27.463043478260868,2,0,Metropolitan
2021020170,Winnipeg Jets,60,41.27804878048781,26.570731707317073,0,1,Central
2021020171,Calgary Flames,70,34.894827586206894,27.836206896551722,6,1,Pacific
2021020171,New York Rangers,51,33.05853658536586,30.273170731707317,0,0,Metropolitan
2021020172,Arizona Coyotes,38,40.66206896551724,32.52758620689655,5,1,Central
2021020172,Seattle Kraken,60,36.734883720930235,28.57906976744186,4,0,Pacific
2021020173,New Jersey Devils,65,39.27111111111111,27.45111111111111,2,0,Metropolitan
2021020173,San Jose Sharks,63,46.69761904761905,22.25,2,1,Pacific
2021020174,Detroit Red Wings,47,28.566666666666666,33.236111111111114,5,1,Atlantic
2021020174,Vegas Golden Knights,70,30.950943396226414,29.175471698113206,2,0,Pacific
2021020175,Chicago Blackhawks,56,30.845454545454547,31.974999999999998,2,1,Central
2021020175,Nashville Predators,49,29.60625,33.9,1,0,Central
2021020176,Minnesota Wild,70,41.71346153846154,30.396153846153844,5,1,Central
2021020176,New York Islanders,43,37.91935483870968,29.24516129032258,2,0,Metropolitan
2021020177,Dallas Stars,49,32.57222222222222,32.46111111111111,3,0,Central
2021020177,Vancouver Canucks,59,33.238297872340425,34.16382978723404,6,1,Pacific
2021020178,Anaheim Ducks,46,36.92368421052632,21.99473684210526,4,1,Pacific
2021020178,St. Louis Blues,64,39.155102040816324,27.187755102040818,1,0,Central
2021020179,Los Angeles Kings,52,36.52857142857143,31.93095238095238,5,0,Pacific
2021020179,Toronto Maple Leafs,70,29.083333333333332,33.50833333333333,1,1,Atlantic
2021020180,Florida Panthers,91,33.02,27.45,3,0,Atlantic
2021020180,New York Rangers,37,34.61724137931034,23.06206896551724,4,1,Metropolitan
2021020181,Buffalo Sabres,55,40.0175,26.0525,3,0,Atlantic
2021020181,Washington Capitals,50,42.570454545454545,29.879545454545454,5,1,Metropolitan
2021020182,Boston Bruins,66,43.753191489361704,23.71276595744681,3,1,Atlantic
2021020182,Ottawa Senators,41,41.24324324324324,24.197297297297297,2,0,Atlantic
2021020183,Los Angeles Kings,64,32.23913043478261,37.45434782608696,3,0,Pacific
2021020183,Montréal Canadiens,74,28.812,37.194,2,1,Atlantic
2021020184,Detroit Red Wings,58,23.14,25.466,4,1,Atlantic
2021020184,Edmonton Oilers,58,28.614634146341462,40.048780487804876,2,0,Pacific
2021020185,Carolina Hurricanes,60,33.32142857142857,32.50476190476191,2,0,Metropolitan
2021020185,Tampa Bay Lightning,34,29.853846153846153,30.45,1,1,Atlantic
2021020186,Florida Panthers,63,39.11224489795919,23.602040816326532,3,0,Atlantic
2021020186,New Jersey Devils,57,42.861702127659576,24.236170212765956,7,1,Metropolitan
2021020187,Chicago Blackhawks,51,31.609302325581396,24.52325581395349,2,1,Central
2021020187,Pittsburgh Penguins,81,34.473333333333336,30,2,0,Metropolitan
2021020188,St. Louis Blues,60,37.96521739130435,18.871739130434783,2,0,Central
2021020188,Winnipeg Jets,75,31.626229508196722,23.285245901639342,2,1,Central
2021020189,Calgary Flames,70,32.223636363636366,28.89090909090909,1,1,Pacific
2021020189,San Jose Sharks,53,39.13023255813953,28.5,4,0,Pacific
2021020190,Anaheim Ducks,46,37.512121212121215,27.424242424242426,3,0,Pacific
2021020190,Vancouver Canucks,80,39.256140350877196,27.10877192982456,2,1,Pacific
2021020191,Seattle Kraken,53,32.668571428571425,33.23714285714286,2,0,Pacific
2021020191,Vegas Golden Knights,46,47.85714285714286,28.425714285714285,4,1,Pacific
2021020192,Philadelphia Flyers,65,41.891836734693875,28.506122448979593,0,1,Metropolitan
2021020192,Toronto Maple Leafs,51,29.26923076923077,34.50769230769231,3,0,Atlantic
2021020193,Dallas Stars,58,33.26842105263158,32.48157894736842,2,1,Central
2021020193,Nashville Predators,35,34.94137931034483,30.26206896551724,4,0,Central
2021020194,Arizona Coyotes,49,41.08536585365854,26.229268292682928,2,1,Central
2021020194,Minnesota Wild,52,32.7825,35.8825,5,0,Central
2021020195,Boston Bruins,48,35.5475,36.12,3,1,Atlantic
2021020195,Edmonton Oilers,44,42.443243243243245,22.324324324324326,5,0,Pacific
2021020196,Calgary Flames,49,40.805882352941175,31.788235294117648,2,0,Pacific
2021020196,Montréal Canadiens,52,31.173684210526318,38.13421052631579,4,1,Atlantic
2021020197,Los Angeles Kings,52,34.9075,35.435,2,0,Pacific
2021020197,Ottawa Senators,57,32.34130434782609,35.243478260869566,0,1,Atlantic
2021020198,Detroit Red Wings,49,33.294117647058826,31.31764705882353,0,1,Atlantic
2021020198,Washington Capitals,51,31.088372093023256,34.22093023255814,2,0,Metropolitan
2021020199,New Jersey Devils,56,34.45217391304348,34.56304347826087,4,1,Metropolitan
2021020199,New York Islanders,78,35.152727272727276,32.28363636363636,0,0,Metropolitan
2021020200,Florida Panthers,68,31.305263157894736,31.46666666666667,2,0,Atlantic
2021020200,Pittsburgh Penguins,59,32.382222222222225,23.022222222222222,2,1,Metropolitan
2021020201,Nashville Predators,51,32.3975,27.105,4,0,Central
2021020201,St. Louis Blues,61,32.54,29.051111111111112,3,1,Central
2021020202,San Jose Sharks,60,41.90909090909091,24.161363636363635,1,0,Pacific
2021020202,Winnipeg Jets,73,28.05,21.68392857142857,4,1,Central
2021020203,Colorado Avalanche,56,41.272340425531915,25.672340425531914,7,1,Central
2021020203,Vancouver Canucks,44,40.47333333333333,24.89666666666667,1,0,Pacific
2021020204,Minnesota Wild,56,39.84418604651163,34.151162790697676,2,0,Central
2021020204,Vegas Golden Knights,61,39.22093023255814,37.776744186046514,3,1,Pacific
2021020205,Anaheim Ducks,60,42.65869565217391,34.04347826086956,7,0,Pacific
2021020205,Seattle Kraken,46,35.52571428571429,29.377142857142857,4,1,Pacific
2021020206,Buffalo Sabres,33,37.72962962962963,23.937037037037037,3,1,Atlantic
2021020206,Edmonton Oilers,64,37.241860465116275,38.230232558139534,2,0,Pacific
2021020207,Calgary Flames,56,38.11190476190476,26.659523809523808,1,0,Pacific
2021020207,Toronto Maple Leafs,68,27.703846153846154,30.932692307692307,2,1,Atlantic
2021020208,Carolina Hurricanes,75,30.412280701754383,36.57017543859649,1,1,Metropolitan
2021020208,Philadelphia Flyers,56,35.01590909090909,36.12045454545455,2,0,Metropolitan
2021020209,Columbus Blue Jackets,59,31.77674418604651,25.21627906976744,3,1,Metropolitan
2021020209,Washington Capitals,50,39.116216216216216,25.816216216216215,4,0,Metropolitan
2021020210,Arizona Coyotes,45,33.53125,29.096875,1,0,Central
2021020210,Chicago Blackhawks,51,33.266666666666666,28.994871794871795,2,1,Central
2021020211,Buffalo Sabres,57,41.08222222222222,31.522222222222222,4,1,Atlantic
2021020211,Toronto Maple Leafs,44,38.74,28.242857142857144,5,0,Atlantic
2021020212,Ottawa Senators,52,37.1,31.911428571428573,6,1,Atlantic
2021020212,Pittsburgh Penguins,66,33.654,35.636,3,0,Metropolitan
2021020213,Detroit Red Wings,59,41.58571428571428,31.6,3,1,Atlantic
2021020213,Montréal Canadiens,58,35.736363636363635,28.006818181818183,2,0,Atlantic
2021020214,Florida Panthers,56,31.8075,25.5875,2,0,Atlantic
2021020214,Tampa Bay Lightning,39,25.01212121212121,27.233333333333334,3,1,Atlantic
2021020215,Boston Bruins,55,39.01702127659574,27.846808510638297,5,0,Atlantic
2021020215,New Jersey Devils,69,33.34772727272727,32.88636363636363,2,1,Metropolitan
2021020216,Carolina Hurricanes,49,37.115,30.1175,3,1,Metropolitan
2021020216,St. Louis Blues,46,26.5,37.715,2,0,Central
2021020217,Columbus Blue Jackets,63,33.65882352941176,31.18627450980392,3,1,Metropolitan
2021020217,New York Rangers,58,35.766666666666666,32.258823529411764,5,0,Metropolitan
2021020218,Arizona Coyotes,34,37.48275862068966,25.22758620689655,1,0,Central
2021020218,Nashville Predators,41,42.67297297297297,25.935135135135134,4,1,Central
2021020219,Dallas Stars,63,36.41276595744681,32.06170212765957,5,1,Central
2021020219,Philadelphia Flyers,64,36.814,36.462,2,0,Metropolitan
2021020220,Los Angeles Kings,55,37.480000000000004,24.4,2,0,Pacific
2021020220,Winnipeg Jets,46,35.58857142857143,24.782857142857143,3,1,Central
2021020221,Colorado Avalanche,60,37.23571428571429,22.823809523809523,6,1,Central
2021020221,San Jose Sharks,44,38.21818181818182,25.157575757575756,2,0,Pacific
2021020222,Vancouver Canucks,73,37.72830188679245,31.81320754716981,4,0,Pacific
2021020222,Vegas Golden Knights,59,31.418367346938776,35.559183673469384,7,1,Pacific
2021020223,Minnesota Wild,39,37.52,34.22,4,0,Central
2021020223,Seattle Kraken,59,31.963265306122448,32.285714285714285,2,1,Pacific
2021020224,Boston Bruins,55,29.59583333333333,28.791666666666668,5,1,Atlantic
2021020224,Montréal Canadiens,48,51.910526315789475,28.365789473684213,2,0,Atlantic
2021020225,Calgary Flames,58,40.99545454545454,28.55,4,0,Pacific
2021020225,Ottawa Senators,51,43.180952380952384,33.99047619047619,0,1,Atlantic
2021020226,New Jersey Devils,64,35.89111111111111,32.284444444444446,3,0,Metropolitan
2021020226,New York Rangers,71,36.415,32.635,3,1,Metropolitan
2021020227,Pittsburgh Penguins,46,39.10588235294118,37.68529411764706,1,0,Metropolitan
2021020227,Washington Capitals,61,32.38139534883721,27.662790697674417,6,1,Metropolitan
2021020228,Edmonton Oilers,44,30.41842105263158,32.22631578947368,5,0,Pacific
2021020228,St. Louis Blues,58,28.21132075471698,28.350943396226413,4,1,Central
2021020229,Anaheim Ducks,70,32.573584905660375,27.150943396226413,5,1,Pacific
2021020229,Vancouver Canucks,50,39.73,27.490000000000002,1,0,Pacific
2021020230,New York Islanders,48,34.50277777777778,29.41111111111111,1,0,Metropolitan
2021020230,Tampa Bay Lightning,52,28.648780487804878,32.770731707317076,4,1,Atlantic
2021020231,Columbus Blue Jackets,63,31.648979591836735,26.33469387755102,5,1,Metropolitan
2021020231,Detroit Red Wings,48,39.06666666666666,20.102777777777778,3,0,Atlantic
2021020232,Nashville Predators,45,42.86388888888889,21.82777777777778,0,0,Central
2021020232,Toronto Maple Leafs,71,36.80185185185185,21.992592592592594,3,1,Atlantic
2021020233,Florida Panthers,52,35.11914893617021,31.517021276595745,6,1,Atlantic
2021020233,New York Islanders,48,43.694117647058825,27.161764705882355,1,0,Metropolitan
2021020234,New Jersey Devils,73,35.885185185185186,24.442592592592593,2,1,Metropolitan
2021020234,Ottawa Senators,48,37.955263157894734,30.289473684210527,2,0,Atlantic
2021020235,Montréal Canadiens,71,36.68333333333333,31.114583333333332,2,0,Atlantic
2021020235,New York Rangers,61,33.525,34.04038461538462,3,1,Metropolitan
2021020236,Calgary Flames,55,28.3325,31.48,1,0,Pacific
2021020236,Philadelphia Flyers,70,38.87894736842105,27.235087719298246,2,1,Metropolitan
2021020237,Buffalo Sabres,31,36.52916666666667,21.679166666666667,2,0,Atlantic
2021020237,Pittsburgh Penguins,74,35.8875,27.639285714285716,1,1,Metropolitan
2021020238,Arizona Coyotes,39,37.064516129032256,33.6258064516129,3,0,Central
2021020238,St. Louis Blues,56,34.570454545454545,33.304545454545455,2,1,Central
2021020239,Dallas Stars,55,40.84878048780488,30.990243902439026,5,1,Central
2021020239,Detroit Red Wings,60,34.62888888888889,35.22666666666667,2,0,Atlantic
2021020240,Minnesota Wild,55,42.40810810810811,30.302702702702703,1,1,Central
2021020240,San Jose Sharks,41,43.80967741935484,27.177419354838708,4,0,Pacific
2021020241,Edmonton Oilers,62,36.18936170212766,27.285106382978725,2,0,Pacific
2021020241,Winnipeg Jets,55,32.94130434782608,26.495652173913044,5,1,Central
2021020242,Carolina Hurricanes,68,43.68363636363637,30.783636363636365,4,0,Metropolitan
2021020242,Vegas Golden Knights,40,35.423529411764704,32.85294117647059,2,1,Pacific
2021020243,Anaheim Ducks,54,37.72,29.4675,3,1,Pacific
2021020243,Washington Capitals,59,40.10454545454545,27.925,2,0,Metropolitan
2021020244,Colorado Avalanche,66,43.37674418604651,24.10232558139535,4,0,Central
2021020244,Vancouver Canucks,67,33.21395348837209,26.02325581395349,2,1,Pacific
2021020245,Los Angeles Kings,58,36.04883720930233,35.68372093023256,0,1,Pacific
2021020245,Washington Capitals,57,38.40681818181818,37.42727272727273,2,0,Metropolitan
2021020246,Chicago Blackhawks,33,48.6,25.616,4,0,Central
2021020246,Seattle Kraken,67,32.20666666666666,34.23777777777778,2,1,Pacific
2021020247,Buffalo Sabres,48,39.27272727272727,28.21212121212121,0,1,Atlantic
2021020247,Calgary Flames,61,39.742222222222225,26.155555555555555,5,0,Pacific
2021020248,New York Rangers,53,33.38292682926829,29.651219512195123,1,0,Metropolitan
2021020248,Toronto Maple Leafs,55,29.266666666666666,31.193749999999998,2,1,Atlantic
2021020249,Montréal Canadiens,50,44.41290322580645,27.63225806451613,0,1,Atlantic
2021020249,Pittsburgh Penguins,67,35.65576923076923,29.948076923076922,6,0,Metropolitan
2021020250,Nashville Predators,53,32.59111111111111,27.184444444444445,3,0,Central
2021020250,Ottawa Senators,68,32.108695652173914,30.23913043478261,2,1,Atlantic
2021020251,Florida Panthers,65,31.67142857142857,28.946938775510205,4,1,Atlantic
2021020251,New Jersey Devils,66,33.076470588235296,34.254901960784316,1,0,Metropolitan
2021020252,Philadelphia Flyers,63,41.627906976744185,26.462790697674418,3,1,Metropolitan
2021020252,Tampa Bay Lightning,69,36.28163265306122,30.122448979591837,3,0,Atlantic
2021020253,San Jose Sharks,46,32.455813953488374,27.506976744186048,1,0,Pacific
2021020253,St. Louis Blues,79,32.501612903225805,26.120967741935484,4,1,Central
2021020254,Dallas Stars,66,37.794444444444444,28.024074074074075,2,0,Central
2021020254,Minnesota Wild,50,32.12222222222222,29.619444444444444,7,1,Central
2021020255,Edmonton Oilers,61,36.394,26.692,1,1,Pacific
2021020255,Winnipeg Jets,74,36.62881355932203,31.586440677966102,1,0,Central
2021020256,Arizona Coyotes,60,29.368750000000002,28.589583333333334,4,1,Central
2021020256,Columbus Blue Jackets,90,29.177611940298508,28.53731343283582,4,0,Metropolitan
2021020257,Detroit Red Wings,51,26.557142857142857,30.411428571428573,2,0,Atlantic
2021020257,Vegas Golden Knights,56,32.715,23.0525,5,1,Pacific
2021020258,Anaheim Ducks,55,29.743902439024392,32.39756097560976,1,1,Pacific
2021020258,Carolina Hurricanes,68,36.908,36.870000000000005,2,0,Metropolitan
2021020259,Vancouver Canucks,42,41.1,31.54,3,1,Pacific
2021020259,Winnipeg Jets,65,35.285106382978725,28.853191489361702,2,0,Central
2021020260,Colorado Avalanche,49,37.839473684210525,28.55,7,0,Central
2021020260,Seattle Kraken,42,34.608333333333334,32.355555555555554,3,1,Pacific
2021020261,Pittsburgh Penguins,47,36.05135135135135,32.4054054054054,2,0,Metropolitan
2021020261,Toronto Maple Leafs,64,34.02272727272727,30.795454545454543,0,1,Atlantic
2021020262,Montréal Canadiens,57,34.44888888888889,37.32,6,1,Atlantic
2021020262,Nashville Predators,62,33.63333333333333,34.92941176470588,3,0,Central
2021020263,New York Rangers,54,38.52926829268293,30.09512195121951,2,0,Metropolitan
2021020263,Ottawa Senators,63,35.35434782608696,30.806521739130435,1,1,Atlantic
2021020264,New Jersey Devils,46,37.91025641025641,33.90769230769231,5,0,Metropolitan
2021020264,Tampa Bay Lightning,53,28.375,32.74583333333333,3,1,Atlantic
2021020265,Florida Panthers,65,34.697916666666664,33.983333333333334,5,1,Atlantic
2021020265,Minnesota Wild,60,28.402272727272727,31.504545454545454,4,0,Central
2021020266,Calgary Flames,52,43.50833333333333,29.67222222222222,5,0,Pacific
2021020266,New York Islanders,58,29.955555555555556,25.74222222222222,2,1,Metropolitan
2021020267,Boston Bruins,61,44.84905660377358,31.067924528301887,5,0,Atlantic
2021020267,Philadelphia Flyers,50,37.207317073170735,35.86829268292683,2,1,Metropolitan
2021020268,Dallas Stars,48,38.525,31.395,4,1,Central
2021020268,St. Louis Blues,52,39.49512195121951,32.448780487804875,1,0,Central
2021020269,Chicago Blackhawks,57,40.03658536585366,27.241463414634147,2,0,Central
2021020269,Edmonton Oilers,58,38.51304347826087,22.330434782608695,5,1,Pacific
2021020270,Arizona Coyotes,53,39.5325,34.365,2,1,Central
2021020270,Detroit Red Wings,56,40.711363636363636,31.379545454545454,1,0,Atlantic
2021020271,Columbus Blue Jackets,63,35.00714285714286,33.05952380952381,2,0,Metropolitan
2021020271,Vegas Golden Knights,64,25.245652173913044,31.430434782608696,3,1,Pacific
2021020272,Carolina Hurricanes,37,34.61034482758621,35.92758620689655,5,0,Metropolitan
2021020272,Los Angeles Kings,68,34.74310344827586,35.429310344827584,4,1,Pacific
2021020273,San Jose Sharks,51,34.78048780487805,25.180487804878048,0,1,Pacific
2021020273,Washington Capitals,34,37.64666666666667,31.52,4,0,Metropolitan
2021020274,Boston Bruins,57,39.128571428571426,38.03095238095238,0,1,Atlantic
2021020274,Calgary Flames,60,36.98695652173913,29.09130434782609,4,0,Pacific
2021020275,Minnesota Wild,64,38.09166666666667,25.508333333333333,4,0,Central
2021020275,Tampa Bay Lightning,54,38.5225,24.7625,4,1,Atlantic
2021020276,New York Islanders,46,30.46,22.502857142857142,0,1,Metropolitan
2021020276,Toronto Maple Leafs,63,24.94313725490196,27.613725490196078,3,0,Atlantic
2021020277,Buffalo Sabres,43,44.32727272727273,26.506060606060608,4,0,Atlantic
2021020277,New York Rangers,60,25.906666666666666,31.22,5,1,Metropolitan
2021020278,Chicago Blackhawks,46,40.79666666666667,24.85333333333333,1,0,Central
2021020278,Vancouver Canucks,67,35.6204081632653,31.5,0,1,Pacific
2021020279,Arizona Coyotes,46,35.01842105263158,30.6,2,0,Central
2021020279,Los Angeles Kings,67,31.03846153846154,32.08461538461538,1,1,Pacific
2021020280,Seattle Kraken,50,41.21395348837209,29.3,5,1,Pacific
2021020280,Washington Capitals,65,37.073584905660375,24.367924528301884,2,0,Metropolitan
2021020281,Buffalo Sabres,56,36.83488372093023,25.900000000000002,4,1,Atlantic
2021020281,Columbus Blue Jackets,57,42.11818181818182,28.75227272727273,7,0,Metropolitan
2021020282,St. Louis Blues,48,32.423529411764704,33.247058823529414,5,1,Central
2021020282,Vegas Golden Knights,55,35.91428571428572,31.318367346938775,2,0,Pacific
2021020283,Anaheim Ducks,59,34.654545454545456,33.64545454545455,2,0,Pacific
2021020283,Nashville Predators,54,33.61162790697674,38.74883720930232,3,1,Central
2021020284,Pittsburgh Penguins,59,34.66304347826087,27.456521739130434,3,0,Metropolitan
2021020284,Winnipeg Jets,52,37.06888888888889,24.184444444444445,1,1,Central
2021020285,Colorado Avalanche,68,33.60925925925926,28.618518518518517,7,1,Central
2021020285,Ottawa Senators,36,36.81818181818182,35.67272727272727,5,0,Atlantic
2021020286,Carolina Hurricanes,56,45.32424242424243,28.866666666666667,1,0,Metropolitan
2021020286,San Jose Sharks,50,34.0578947368421,35.42894736842105,2,1,Pacific
2021020287,Philadelphia Flyers,52,37.44047619047619,28.973809523809525,0,0,Metropolitan
2021020287,Tampa Bay Lightning,67,31.78135593220339,33.00847457627118,4,1,Atlantic
2021020288,Dallas Stars,64,40.40681818181818,27.279545454545456,4,1,Central
2021020288,Edmonton Oilers,53,40.163636363636364,43.25151515151515,1,0,Pacific
2021020289,Calgary Flames,64,35.05384615384615,33.27307692307692,5,1,Pacific
2021020289,Chicago Blackhawks,40,36.21071428571428,29.175,2,0,Central
2021020290,Boston Bruins,71,39.31475409836066,29.011475409836066,5,0,Atlantic
2021020290,Buffalo Sabres,47,38.06216216216216,28.16216216216216,1,1,Atlantic
2021020291,Detroit Red Wings,44,28.416129032258066,32.270967741935486,4,1,Atlantic
2021020291,St. Louis Blues,64,27.583333333333332,31.402083333333334,2,0,Central
2021020292,Florida Panthers,78,34.708771929824564,27.86140350877193,2,1,Atlantic
2021020292,Philadelphia Flyers,44,35.945945945945944,31.835135135135136,1,0,Metropolitan
2021020293,Minnesota Wild,45,40.44571428571429,26.36,2,0,Central
2021020293,New Jersey Devils,80,32.9655737704918,29.64262295081967,2,1,Metropolitan
2021020294,New York Islanders,42,35.94230769230769,20.33076923076923,1,1,Metropolitan
2021020294,New York Rangers,40,37.40967741935484,23.148387096774194,4,0,Metropolitan
2021020295,Pittsburgh Penguins,57,32.208888888888886,29.988888888888887,4,1,Metropolitan
2021020295,Vancouver Canucks,53,38.35609756097561,35.509756097560974,1,0,Pacific
2021020296,Montréal Canadiens,44,39.34594594594595,34.127027027027026,3,0,Atlantic
2021020296,Washington Capitals,67,36.44444444444444,33.696296296296296,6,1,Metropolitan
2021020297,Columbus Blue Jackets,50,41.58,25.86,3,1,Metropolitan
2021020297,Winnipeg Jets,64,33.41458333333333,30.695833333333333,0,0,Central
2021020298,Nashville Predators,61,32.99767441860465,31.016279069767442,2,1,Central
2021020298,Vegas Golden Knights,55,33.93181818181818,30.645454545454545,5,0,Pacific
2021020299,Anaheim Ducks,47,42.81081081081081,31.064864864864866,2,0,Pacific
2021020299,Colorado Avalanche,63,36.33913043478261,31.836956521739133,5,1,Central
2021020300,Arizona Coyotes,41,37.56470588235294,28.438235294117646,3,1,Central
2021020300,Edmonton Oilers,65,27.728070175438596,35.30350877192983,5,0,Pacific
2021020301,Los Angeles Kings,60,31.67142857142857,32.765306122448976,2,1,Pacific
2021020301,Toronto Maple Leafs,70,29.790384615384614,28.065384615384616,6,0,Atlantic
2021020302,Ottawa Senators,64,33.58139534883721,35.92325581395349,3,0,Atlantic
2021020302,San Jose Sharks,53,39.12564102564102,23.91794871794872,6,1,Pacific
2021020303,Carolina Hurricanes,68,42.75416666666667,31.133333333333333,1,0,Metropolitan
2021020303,Seattle Kraken,45,40.52777777777778,30.572222222222223,2,1,Pacific
2021020304,Boston Bruins,62,36.23777777777778,27.977777777777778,2,1,Atlantic
2021020304,New York Rangers,39,39.25142857142857,28.74,5,0,Metropolitan
2021020305,Buffalo Sabres,69,38.97857142857143,22.37857142857143,4,1,Atlantic
2021020305,Montréal Canadiens,50,36.4825,28.7425,1,0,Atlantic
2021020306,Seattle Kraken,31,47.42857142857143,29.78095238095238,0,0,Pacific
2021020306,Tampa Bay Lightning,55,34.15526315789474,28.897368421052633,3,1,Atlantic
2021020307,New York Islanders,46,30.73939393939394,32.82121212121212,0,1,Metropolitan
2021020307,Pittsburgh Penguins,63,30.54,27.655555555555555,1,0,Metropolitan
2021020308,Carolina Hurricanes,66,39.342553191489365,27.951063829787234,6,0,Metropolitan
2021020308,Philadelphia Flyers,45,45.31428571428572,28.40857142857143,3,1,Metropolitan
2021020309,Florida Panthers,50,39.62894736842105,32.06578947368421,3,0,Atlantic
2021020309,Washington Capitals,52,34.48717948717949,27.15128205128205,4,1,Metropolitan
2021020310,Columbus Blue Jackets,42,41.81333333333333,32.656666666666666,4,1,Metropolitan
2021020310,Vancouver Canucks,72,39.781132075471696,34.17358490566038,2,0,Pacific
2021020311,Chicago Blackhawks,55,39.212820512820514,30.528205128205126,3,1,Central
2021020311,St. Louis Blues,45,41.265625,22.275,2,0,Central
2021020312,Nashville Predators,52,37.282222222222224,29.195555555555558,4,1,Central
2021020312,New Jersey Devils,52,40.52368421052632,33.03947368421053,2,0,Metropolitan
2021020313,Colorado Avalanche,59,40.832,28.23,1,0,Central
2021020313,Dallas Stars,51,30.17,33.08,3,1,Central
2021020314,Minnesota Wild,55,36.99148936170213,33.236170212765956,7,1,Central
2021020314,Winnipeg Jets,57,43.85434782608696,24.86521739130435,1,0,Central
2021020315,Anaheim Ducks,67,33.530434782608694,29.62608695652174,4,1,Pacific
2021020315,Ottawa Senators,48,29.773333333333333,32.29333333333334,0,0,Atlantic
2021020316,San Jose Sharks,57,39.99333333333333,23.113333333333333,1,1,Pacific
2021020316,Toronto Maple Leafs,51,36.89523809523809,22.564285714285713,4,0,Atlantic
2021020317,Buffalo Sabres,47,45.5,32.6875,2,0,Atlantic
2021020317,Detroit Red Wings,59,32.484313725490196,30.7921568627451,3,1,Atlantic
2021020318,Florida Panthers,67,41.01777777777778,30.61111111111111,1,1,Atlantic
2021020318,Seattle Kraken,43,37,33.236363636363635,4,0,Pacific
2021020319,Montréal Canadiens,54,35.35454545454545,30.070454545454545,6,0,Atlantic
2021020319,Pittsburgh Penguins,72,34.398360655737704,31.21967213114754,3,1,Metropolitan
2021020320,Columbus Blue Jackets,56,28.882051282051282,31.574358974358972,3,0,Metropolitan
2021020320,St. Louis Blues,52,27.151063829787233,28.43404255319149,6,1,Central
2021020321,Colorado Avalanche,69,35.119565217391305,31.484782608695653,6,1,Central
2021020321,Nashville Predators,51,33.87179487179487,35.31025641025641,2,0,Central
2021020322,Calgary Flames,65,29.17659574468085,32.297872340425535,2,1,Pacific
2021020322,Winnipeg Jets,42,36.69428571428571,21.357142857142858,4,0,Central
2021020323,Arizona Coyotes,52,36.47222222222222,30.622222222222224,2,1,Central
2021020323,Dallas Stars,52,41.11025641025641,27.099999999999998,3,0,Central
2021020324,Edmonton Oilers,50,31.037142857142857,29.091428571428573,3,0,Pacific
2021020324,Vegas Golden Knights,69,31.53265306122449,33.446938775510205,2,1,Pacific
2021020325,Los Angeles Kings,57,27.84468085106383,30.040425531914895,4,1,Pacific
2021020325,Ottawa Senators,53,37.477777777777774,33.57222222222222,2,0,Atlantic
2021020326,Boston Bruins,63,39.526923076923076,28.69423076923077,3,1,Atlantic
2021020326,Vancouver Canucks,57,40.92888888888889,32.986666666666665,2,0,Pacific
2021020327,New Jersey Devils,69,36.41875,25.585416666666667,5,1,Metropolitan
2021020327,Philadelphia Flyers,57,41.58409090909091,26.306818181818183,2,0,Metropolitan
2021020328,New York Islanders,48,27.648717948717948,33.72051282051282,2,0,Metropolitan
2021020328,New York Rangers,53,32.32432432432432,39.18918918918919,1,1,Metropolitan
2021020329,Carolina Hurricanes,64,37.72549019607843,29.309803921568626,2,1,Metropolitan
2021020329,Washington Capitals,52,46.71315789473684,35.02894736842105,4,0,Metropolitan
2021020330,Chicago Blackhawks,76,32.675000000000004,28.311363636363637,0,1,Central
2021020330,San Jose Sharks,49,34.564516129032256,36.438709677419354,2,0,Pacific
2021020331,Minnesota Wild,59,44.038000000000004,29.988,4,1,Central
2021020331,Tampa Bay Lightning,55,44.67,25.63,2,0,Atlantic
2021020332,Anaheim Ducks,59,37.46938775510204,36.183673469387756,1,1,Pacific
2021020332,Toronto Maple Leafs,53,32.56888888888889,34.897777777777776,5,0,Atlantic
2021020333,Buffalo Sabres,61,33.362,36.244,4,1,Atlantic
2021020333,Seattle Kraken,47,36.70789473684211,25.142105263157895,7,0,Pacific
2021020334,Montréal Canadiens,62,38.913636363636364,34.461363636363636,1,1,Atlantic
2021020334,Vancouver Canucks,67,40.87083333333333,31.710416666666667,2,0,Pacific
2021020335,Arizona Coyotes,32,38.246153846153845,29.207692307692305,1,0,Central
2021020335,Winnipeg Jets,74,37.675862068965515,24.946551724137933,0,1,Central
2021020336,Calgary Flames,78,26.677586206896553,30.082758620689653,1,1,Pacific
2021020336,Pittsburgh Penguins,40,33.13235294117647,27.391176470588235,1,0,Metropolitan
2021020337,Boston Bruins,67,31.50188679245283,30.522641509433964,1,1,Atlantic
2021020337,Detroit Red Wings,34,42.576,28.584,2,0,Atlantic
2021020338,Florida Panthers,74,28.970149253731343,30.685074626865674,5,1,Atlantic
2021020338,Washington Capitals,45,33.48285714285714,33.87714285714286,4,0,Metropolitan
2021020339,New Jersey Devils,63,42.5375,28.429166666666667,2,1,Metropolitan
2021020339,San Jose Sharks,59,32.58205128205128,25.348717948717947,5,0,Pacific
2021020340,New York Islanders,66,32.856521739130436,27.593478260869567,3,0,Metropolitan
2021020340,Philadelphia Flyers,71,32.95185185185185,27.91296296296296,3,1,Metropolitan
2021020341,St. Louis Blues,63,36.986,23.402,3,1,Central
2021020341,Tampa Bay Lightning,66,31.396153846153847,27.861538461538462,3,0,Atlantic
2021020342,Columbus Blue Jackets,51,35.46410256410257,30.98974358974359,0,0,Metropolitan
2021020342,Nashville Predators,61,26.321739130434782,31.163043478260867,6,1,Central
2021020343,Carolina Hurricanes,75,35.439655172413794,31.086206896551722,1,0,Metropolitan
2021020343,Dallas Stars,37,43.761538461538464,29.21153846153846,4,1,Central
2021020344,Arizona Coyotes,52,34.279545454545456,32.14545454545455,2,0,Central
2021020344,Minnesota Wild,54,37.11363636363636,33.97727272727273,5,1,Central
2021020345,Anaheim Ducks,60,27.23846153846154,32.725,4,0,Pacific
2021020345,Los Angeles Kings,61,30.916326530612245,31.940816326530612,4,1,Pacific
2021020346,Colorado Avalanche,60,33.96888888888889,28.233333333333334,3,0,Central
2021020346,Toronto Maple Leafs,61,33.23888888888889,30.69074074074074,8,1,Atlantic
2021020347,Ottawa Senators,38,33.61666666666667,34.70333333333333,2,1,Atlantic
2021020347,Vancouver Canucks,73,38.232,29.058,6,0,Pacific
2021020348,Detroit Red Wings,47,28.544444444444444,37.63611111111111,3,1,Atlantic
2021020348,Seattle Kraken,48,31.925641025641028,35.176923076923075,3,0,Pacific
2021020349,New York Rangers,44,35.720588235294116,34,4,1,Metropolitan
2021020349,Philadelphia Flyers,65,33.534,32.744,1,0,Metropolitan
2021020350,Edmonton Oilers,41,33.221428571428575,25.582142857142856,5,1,Pacific
2021020350,Pittsburgh Penguins,64,32.84375,33.1,2,0,Metropolitan
2021020351,Anaheim Ducks,56,32.03181818181818,36.63409090909091,6,1,Pacific
2021020351,Vegas Golden Knights,69,35.563043478260866,29.21521739130435,5,0,Pacific
2021020352,Colorado Avalanche,66,40.374,28.868,4,0,Central
2021020352,Montréal Canadiens,42,32.044444444444444,42.91111111111111,1,1,Atlantic
2021020353,St. Louis Blues,61,32.43589743589744,28.043589743589745,2,0,Central
2021020353,Tampa Bay Lightning,53,30.06818181818182,26.079545454545453,4,1,Atlantic
2021020354,Buffalo Sabres,55,38.5875,36.2675,4,0,Atlantic
2021020354,Florida Panthers,74,34.17407407407407,28.427777777777777,7,1,Atlantic
2021020355,New York Islanders,52,47.455882352941174,24.41764705882353,1,1,Metropolitan
2021020355,San Jose Sharks,67,41.583999999999996,23.186,2,0,Pacific
2021020356,Chicago Blackhawks,55,31.26,33.2575,3,0,Central
2021020356,Washington Capitals,61,30.342553191489362,32.0595744680851,3,1,Metropolitan
2021020357,Carolina Hurricanes,86,32.84153846153846,27.20769230769231,2,1,Metropolitan
2021020357,Ottawa Senators,45,28.363888888888887,37.93888888888889,3,0,Atlantic
2021020358,Boston Bruins,60,33.05918367346939,27.33061224489796,2,0,Atlantic
2021020358,Nashville Predators,75,38.985454545454544,26.598181818181818,0,1,Central
2021020359,Columbus Blue Jackets,42,44.45428571428572,27.22285714285714,2,0,Metropolitan
2021020359,Dallas Stars,67,34.197916666666664,31.552083333333336,3,1,Central
2021020360,Minnesota Wild,66,34.03584905660377,27.70566037735849,5,1,Central
2021020360,New Jersey Devils,55,36.0725,32.4525,2,0,Metropolitan
2021020361,Calgary Flames,61,30.814893617021276,32.07446808510638,3,0,Pacific
2021020361,Los Angeles Kings,75,36.49322033898305,35.28983050847457,2,1,Pacific
2021020362,New York Rangers,55,31.736842105263158,32.01052631578948,1,1,Metropolitan
2021020362,San Jose Sharks,52,38.31395348837209,29.832558139534882,0,0,Pacific
2021020363,New Jersey Devils,60,38.56938775510204,27.663265306122447,4,0,Metropolitan
2021020363,Winnipeg Jets,62,35.25686274509804,25.884313725490195,8,1,Central
2021020364,Arizona Coyotes,56,39.154545454545456,27.111363636363635,1,1,Central
2021020364,Vegas Golden Knights,52,35.46904761904762,29.676190476190477,7,0,Pacific
2021020365,Anaheim Ducks,66,33.677083333333336,32.8375,3,1,Pacific
2021020365,Calgary Flames,63,34.07884615384616,28.307692307692307,3,0,Pacific
2021020366,Edmonton Oilers,60,37.46222222222222,29.675555555555555,3,0,Pacific
2021020366,Seattle Kraken,57,34.94,34.16444444444444,4,1,Pacific
2021020367,Boston Bruins,81,28.693548387096772,29.40483870967742,2,1,Atlantic
2021020367,Tampa Bay Lightning,52,37.38780487804878,26.565853658536586,3,0,Atlantic
2021020368,Colorado Avalanche,59,38.61395348837209,28.73488372093023,5,0,Central
2021020368,Ottawa Senators,60,40.95957446808511,30.904255319148934,6,1,Atlantic
2021020369,Detroit Red Wings,57,31.2875,31.845,4,1,Atlantic
2021020369,New York Islanders,54,34.93529411764706,31.597058823529412,3,0,Metropolitan
2021020370,Florida Panthers,92,32.16133333333333,31.581333333333333,3,1,Atlantic
2021020370,St. Louis Blues,38,35.593333333333334,26.743333333333332,3,0,Central
2021020371,Chicago Blackhawks,52,37.24857142857143,29.70285714285714,2,0,Central
2021020371,New York Rangers,54,37.8,35.297435897435896,3,1,Metropolitan
2021020372,Columbus Blue Jackets,44,42.903333333333336,34.22,1,0,Metropolitan
2021020372,Washington Capitals,58,32.53846153846154,30.97948717948718,3,1,Metropolitan
2021020373,Buffalo Sabres,59,30.11875,38.74166666666667,2,0,Atlantic
2021020373,Carolina Hurricanes,47,31.636111111111113,38.03888888888889,6,1,Metropolitan
2021020374,Montréal Canadiens,46,34.68648648648649,27.705405405405404,3,0,Atlantic
2021020374,Nashville Predators,72,32.391525423728815,31.452542372881357,4,1,Central
2021020375,Minnesota Wild,68,33.29245283018868,31.307547169811322,3,1,Central
2021020375,Toronto Maple Leafs,68,35.781481481481485,32.605555555555554,3,0,Atlantic
2021020376,Pittsburgh Penguins,77,30.523214285714285,36.18035714285714,4,0,Metropolitan
2021020376,Vancouver Canucks,50,40.95142857142857,24.262857142857143,1,1,Pacific
2021020377,Chicago Blackhawks,53,32.8225,24.6725,2,0,Central
2021020377,New York Islanders,55,28.906976744186046,32.883720930232556,2,1,Metropolitan
2021020378,Philadelphia Flyers,69,43.10408163265306,29.224489795918366,1,1,Metropolitan
2021020378,Tampa Bay Lightning,45,34.50857142857143,30.385714285714286,7,0,Atlantic
2021020379,Columbus Blue Jackets,56,35.3775,29.87,6,1,Metropolitan
2021020379,San Jose Sharks,59,37.46041666666667,22.110416666666666,4,0,Pacific
2021020380,Toronto Maple Leafs,65,28.42340425531915,30.185106382978724,3,0,Atlantic
2021020380,Winnipeg Jets,58,34.758823529411764,28.811764705882354,6,1,Central
2021020381,Edmonton Oilers,50,25.77741935483871,39.44838709677419,1,1,Pacific
2021020381,Los Angeles Kings,62,38.09423076923077,33.051923076923075,5,0,Pacific
2021020382,Calgary Flames,54,42.50833333333333,33.34166666666667,2,0,Pacific
2021020382,Vegas Golden Knights,55,31.87560975609756,32.646341463414636,3,1,Pacific
2021020383,Colorado Avalanche,72,43.08983050847458,28.354237288135593,7,0,Central
2021020383,Philadelphia Flyers,58,44.765853658536585,30.858536585365854,5,1,Metropolitan
2021020384,Anaheim Ducks,57,32.53617021276596,32.99787234042553,3,0,Pacific
2021020384,Washington Capitals,68,30.39622641509434,31.486792452830187,3,1,Metropolitan
2021020385,Arizona Coyotes,35,36.2875,29.741666666666667,1,0,Central
2021020385,Dallas Stars,54,40.576470588235296,21.15,4,1,Central
2021020386,Los Angeles Kings,50,39.235897435897435,31.643589743589743,0,0,Pacific
2021020386,Vancouver Canucks,60,31.015217391304347,33.563043478260866,4,1,Pacific
2021020387,Pittsburgh Penguins,46,30.872500000000002,38.9975,6,0,Metropolitan
2021020387,Seattle Kraken,48,39.24324324324324,32.8027027027027,1,1,Pacific
2021020388,Anaheim Ducks,43,45.95757575757576,30.70909090909091,2,0,Pacific
2021020388,Buffalo Sabres,66,38.404761904761905,23.033333333333335,0,1,Atlantic
2021020389,Columbus Blue Jackets,73,32.839622641509436,31.135849056603774,4,0,Metropolitan
2021020389,Toronto Maple Leafs,58,43.705999999999996,25.116,5,1,Atlantic
2021020390,Montréal Canadiens,38,36.854838709677416,30.474193548387095,2,1,Atlantic
2021020390,Tampa Bay Lightning,60,32.274358974358975,30.382051282051282,3,0,Atlantic
2021020391,New York Islanders,51,38.40930232558139,29.73720930232558,5,0,Metropolitan
2021020391,Ottawa Senators,67,38.86538461538461,31.923076923076923,3,1,Atlantic
2021020392,Detroit Red Wings,40,32.02916666666667,38.74166666666667,2,1,Atlantic
2021020392,Nashville Predators,58,32.78292682926829,33.69268292682927,5,0,Central
2021020393,Chicago Blackhawks,56,33.9575,29.2975,2,1,Central
2021020393,New York Rangers,46,32.575,26.41111111111111,6,0,Metropolitan
2021020394,Florida Panthers,67,31.323529411764707,28.688235294117646,3,0,Atlantic
2021020394,St. Louis Blues,48,39.7475,36.87,4,1,Central
2021020395,Carolina Hurricanes,65,30.657777777777778,26.933333333333334,4,0,Metropolitan
2021020395,Winnipeg Jets,38,37.55217391304348,29.691304347826087,2,1,Central
2021020396,Edmonton Oilers,72,31.061016949152542,35.369491525423726,1,1,Pacific
2021020396,Minnesota Wild,41,26.893939393939394,33.52121212121212,4,0,Central
2021020397,Calgary Flames,82,36.815,27.21666666666667,3,0,Pacific
2021020397,San Jose Sharks,52,37.06944444444444,27.14166666666667,5,1,Pacific
2021020398,New Jersey Devils,58,37.9046511627907,28.376744186046512,3,1,Metropolitan
2021020398,Philadelphia Flyers,42,43.79117647058823,23.241176470588236,0,0,Metropolitan
2021020399,Colorado Avalanche,69,36.334,27.774,7,0,Central
2021020399,New York Rangers,54,33.54186046511628,28.28372093023256,3,1,Metropolitan
2021020400,Boston Bruins,64,31.56122448979592,32.477551020408164,1,0,Atlantic
2021020400,Vancouver Canucks,73,38.992592592592594,32.84814814814815,1,1,Pacific
2021020401,Dallas Stars,48,40.019444444444446,37.57222222222222,4,0,Central
2021020401,Vegas Golden Knights,77,40.40357142857143,32.02857142857143,5,1,Pacific
2021020402,Tampa Bay Lightning,48,34.233333333333334,29.55128205128205,5,0,Atlantic
2021020402,Toronto Maple Leafs,70,30.112727272727273,28.59090909090909,3,1,Atlantic
2021020403,Chicago Blackhawks,46,33.55,27.997222222222224,2,0,Central
2021020403,Montréal Canadiens,55,43.852380952380955,36.304761904761904,0,1,Atlantic
2021020404,Nashville Predators,54,34.325,26.75,4,0,Central
2021020404,New York Islanders,42,27.179310344827584,30.775862068965516,3,1,Metropolitan
2021020405,Anaheim Ducks,48,29.224324324324325,28.716216216216218,1,0,Pacific
2021020405,Columbus Blue Jackets,65,32.820754716981135,28.79433962264151,1,1,Metropolitan
2021020406,Detroit Red Wings,52,31.387179487179488,35.097435897435894,2,0,Atlantic
2021020406,St. Louis Blues,48,35.794736842105266,25.463157894736842,6,1,Central
2021020407,Calgary Flames,53,38.4575,22.7025,1,1,Pacific
2021020407,Carolina Hurricanes,47,41.56470588235294,29.03529411764706,2,0,Metropolitan
2021020408,Boston Bruins,47,41.40263157894737,27.43421052631579,3,0,Atlantic
2021020408,Edmonton Oilers,77,34.38275862068966,33.398275862068964,2,1,Pacific
2021020409,Dallas Stars,56,33.306976744186045,33.56744186046512,0,0,Central
2021020409,Los Angeles Kings,70,41.80350877192983,29.72982456140351,4,1,Pacific
2021020410,Minnesota Wild,54,35.6925,27.677500000000002,5,0,Central
2021020410,San Jose Sharks,56,32.69565217391305,26.556521739130435,2,1,Pacific
2021020411,Seattle Kraken,57,32.5225,30.0825,0,1,Pacific
2021020411,Winnipeg Jets,65,40.07058823529412,30.962745098039214,3,0,Central
2021020412,Buffalo Sabres,59,34.53488372093023,31.07674418604651,1,1,Atlantic
2021020412,New York Rangers,48,33.578947368421055,37.59473684210526,2,0,Metropolitan
2021020413,Nashville Predators,51,39.62380952380953,22.95952380952381,3,0,Central
2021020413,New Jersey Devils,55,36.42448979591837,24.50408163265306,2,1,Metropolitan
2021020414,Pittsburgh Penguins,53,38.542857142857144,28.276190476190475,4,0,Metropolitan
2021020414,Washington Capitals,55,38.35116279069767,34.372093023255815,2,1,Metropolitan
2021020415,Colorado Avalanche,79,39.696774193548386,26.101612903225806,7,1,Central
2021020415,Detroit Red Wings,58,41.006,30.264,3,0,Atlantic
2021020416,Arizona Coyotes,46,35.279411764705884,29.191176470588236,1,1,Central
2021020416,Florida Panthers,42,42.08571428571429,26.914285714285715,3,0,Atlantic
2021020417,Vancouver Canucks,64,26.545833333333334,26.483333333333334,3,1,Pacific
2021020417,Winnipeg Jets,68,32.76981132075472,29.266037735849057,3,0,Central
2021020418,Philadelphia Flyers,49,36.38333333333333,28.76388888888889,4,0,Metropolitan
2021020418,Vegas Golden Knights,74,40.04814814814815,30.085185185185185,3,1,Pacific
2021020419,Buffalo Sabres,51,35.14883720930233,24.193023255813955,2,1,Atlantic
2021020419,Washington Capitals,72,32.491379310344826,34.175862068965515,2,0,Metropolitan
2021020420,Chicago Blackhawks,47,35.4,30.558139534883722,4,0,Central
2021020420,Toronto Maple Leafs,43,33.012903225806454,27.35483870967742,5,1,Atlantic
2021020421,Ottawa Senators,44,30.972727272727273,26.790909090909093,4,1,Atlantic
2021020421,Tampa Bay Lightning,50,35.7575,25.4325,0,0,Atlantic
2021020422,New Jersey Devils,59,36.67560975609756,26.021951219512196,2,0,Metropolitan
2021020422,New York Islanders,55,45.38837209302326,19.346511627906978,4,1,Metropolitan
2021020423,Anaheim Ducks,58,33.73913043478261,26.108695652173914,0,0,Pacific
2021020423,Pittsburgh Penguins,54,40.83,28.580000000000002,1,1,Metropolitan
2021020424,Montréal Canadiens,43,36.964864864864865,38.097297297297295,1,0,Atlantic
2021020424,St. Louis Blues,50,31.43095238095238,28.419047619047618,4,1,Central
2021020425,Boston Bruins,39,33.790625,27.33125,4,0,Atlantic
2021020425,Calgary Flames,83,32.53064516129032,25.337096774193547,2,1,Pacific
2021020426,Carolina Hurricanes,56,30.817391304347826,27.208695652173912,3,0,Metropolitan
2021020426,Edmonton Oilers,48,31.397222222222222,23.530555555555555,1,1,Pacific
2021020427,Arizona Coyotes,57,38.586046511627906,29.84186046511628,3,1,Central
2021020427,Philadelphia Flyers,58,36.11190476190476,30.807142857142857,5,0,Metropolitan
2021020428,Los Angeles Kings,85,39.14137931034483,28.23103448275862,2,1,Pacific
2021020428,Minnesota Wild,50,37.590476190476195,31.154761904761905,1,0,Central
2021020429,Dallas Stars,77,34.916666666666664,22.70625,1,0,Central
2021020429,San Jose Sharks,49,39.45789473684211,24.80263157894737,2,1,Pacific
2021020430,Columbus Blue Jackets,54,35.44186046511628,28.32093023255814,5,0,Metropolitan
2021020430,Seattle Kraken,53,32.95909090909091,26.838636363636365,4,1,Pacific
2021020431,Nashville Predators,42,29.220689655172414,35.86551724137931,1,0,Central
2021020431,New York Rangers,54,43.0025,30.065,0,1,Metropolitan
2021020432,Anaheim Ducks,57,39.1,29.49375,3,0,Pacific
2021020432,St. Louis Blues,39,34.5375,33.759375,2,1,Central
2021020433,Colorado Avalanche,45,37.89705882352941,25.15,3,1,Central
2021020433,Florida Panthers,60,38.19767441860465,28.20232558139535,2,0,Atlantic
2021020434,Carolina Hurricanes,65,33.27804878048781,26.880487804878047,1,0,Metropolitan
2021020434,Vancouver Canucks,41,34.990625,30.78125,2,1,Pacific
2021020435,Minnesota Wild,67,27.763636363636362,33.94090909090909,4,0,Central
2021020435,Vegas Golden Knights,56,33.7375,24.975,6,1,Pacific
2021020436,Calgary Flames,55,40.86585365853659,33.9,5,0,Pacific
2021020436,Chicago Blackhawks,43,33.17,37.97666666666667,2,1,Central
2021020437,Boston Bruins,51,44.17567567567568,28.778378378378378,1,1,Atlantic
2021020437,Vegas Golden Knights,51,40.37692307692308,29.05897435897436,4,0,Pacific
2021020438,Detroit Red Wings,62,32.755102040816325,35.20816326530612,2,1,Atlantic
2021020438,New York Islanders,59,26.504545454545454,38.79772727272727,1,0,Metropolitan
2021020439,Los Angeles Kings,45,39.44722222222222,30.058333333333334,2,0,Pacific
2021020439,Tampa Bay Lightning,50,28.14047619047619,33.15714285714286,3,1,Atlantic
2021020440,Florida Panthers,71,32.91489361702128,31.727659574468085,2,1,Atlantic
2021020440,Ottawa Senators,54,35.211627906976744,20.45813953488372,8,0,Atlantic
2021020441,New Jersey Devils,49,36.52972972972973,27.58108108108108,1,0,Metropolitan
2021020441,Philadelphia Flyers,56,37.12954545454546,29.836363636363636,6,1,Metropolitan
2021020442,Montréal Canadiens,54,40.694736842105264,28.528947368421054,2,0,Atlantic
2021020442,Pittsburgh Penguins,51,33.0275,29.2025,5,1,Metropolitan
2021020443,Calgary Flames,49,29.3,31.383870967741935,2,0,Pacific
2021020443,Nashville Predators,67,35.28333333333333,30.65,2,1,Central
2021020444,Dallas Stars,57,35.98695652173913,29.358695652173914,1,1,Central
2021020444,St. Louis Blues,51,29.894594594594594,29.124324324324323,4,0,Central
2021020445,Carolina Hurricanes,62,44.43409090909091,29.290909090909093,2,0,Metropolitan
2021020445,Minnesota Wild,44,30.72,31.975,3,1,Central
2021020446,Buffalo Sabres,42,36.31025641025641,27.24871794871795,4,0,Atlantic
2021020446,Winnipeg Jets,70,33.108474576271185,25.879661016949154,2,1,Central
2021020447,Colorado Avalanche,60,30.095238095238095,28.873809523809523,4,1,Central
2021020447,New York Rangers,58,28.293333333333333,32.88444444444445,2,0,Metropolitan
2021020448,Edmonton Oilers,58,34.50869565217391,31.617391304347827,1,1,Pacific
2021020448,Toronto Maple Leafs,45,31.137837837837836,33.05135135135135,5,0,Atlantic
2021020449,Columbus Blue Jackets,58,37.17777777777778,31.26388888888889,3,0,Metropolitan
2021020449,Vancouver Canucks,69,37.06909090909091,31.383636363636363,4,1,Pacific
2021020450,San Jose Sharks,54,32.9390243902439,34.926829268292686,1,1,Pacific
2021020450,Seattle Kraken,50,35.10857142857143,28.565714285714286,3,0,Pacific
2021020451,Chicago Blackhawks,51,42.74054054054054,26.93243243243243,5,1,Central
2021020451,Washington Capitals,71,29.432727272727274,35.67090909090909,4,0,Metropolitan
2021020452,Arizona Coyotes,51,34.38333333333333,28.054761904761904,2,1,Central
2021020452,New York Rangers,48,37.7575,36.05,3,0,Metropolitan
2021020453,Anaheim Ducks,49,35.89722222222222,33.43888888888889,4,1,Pacific
2021020453,Seattle Kraken,45,37.30689655172414,33.63103448275862,1,0,Pacific
2021020454,Montréal Canadiens,70,29.071186440677966,29.422033898305084,2,1,Atlantic
2021020454,Philadelphia Flyers,67,42.363461538461536,29.551923076923078,2,0,Metropolitan
2021020455,Ottawa Senators,46,31.87027027027027,33.65945945945946,1,0,Atlantic
2021020455,Tampa Bay Lightning,53,30.446666666666665,29.435555555555556,2,1,Atlantic
2021020456,Florida Panthers,67,29.50392156862745,32.456862745098036,1,1,Atlantic
2021020456,Los Angeles Kings,50,42.76,26.57,4,0,Pacific
2021020457,New Jersey Devils,57,32.46341463414634,35.66829268292683,3,1,Metropolitan
2021020457,Vegas Golden Knights,55,39.88260869565217,22.667391304347827,5,0,Pacific
2021020458,Boston Bruins,62,29.866666666666667,34.59411764705882,1,0,Atlantic
2021020458,New York Islanders,51,30.1,26.61052631578947,3,1,Metropolitan
2021020459,Carolina Hurricanes,60,37.66875,31.335416666666667,5,1,Metropolitan
2021020459,Detroit Red Wings,56,30.963636363636365,33.16136363636364,3,0,Atlantic
2021020460,Colorado Avalanche,49,32.25,30.576315789473686,2,0,Central
2021020460,Nashville Predators,59,35.09347826086957,31.47608695652174,5,1,Central
2021020461,Buffalo Sabres,65,36.53148148148148,22.14074074074074,2,0,Atlantic
2021020461,Minnesota Wild,59,36.94117647058823,25.4,2,1,Central
2021020462,Calgary Flames,47,38.41388888888889,26.02777777777778,5,1,Pacific
2021020462,Toronto Maple Leafs,72,44.5271186440678,30.2,2,0,Atlantic
2021020463,Columbus Blue Jackets,71,33.25625,25.8375,2,0,Metropolitan
2021020463,Edmonton Oilers,63,32.8280701754386,30.19298245614035,5,1,Pacific
2021020464,San Jose Sharks,58,40.24090909090909,28.854545454545455,2,1,Pacific
2021020464,Vancouver Canucks,54,36.92307692307692,26.338461538461537,5,0,Pacific
2021020465,New York Rangers,52,28.540909090909093,33.10909090909091,2,1,Metropolitan
2021020465,Vegas Golden Knights,67,30.778,32.006,2,0,Pacific
2021020466,Buffalo Sabres,38,39.233333333333334,33.223333333333336,2,0,Atlantic
2021020466,Pittsburgh Penguins,77,32.012307692307694,36.28,3,1,Metropolitan
2021020467,Chicago Blackhawks,43,29.455555555555556,36.333333333333336,2,1,Central
2021020467,Nashville Predators,59,37.6475,33.94,3,0,Central
2021020468,Dallas Stars,59,37.83589743589744,33.223076923076924,1,0,Central
2021020468,St. Louis Blues,49,39.24146341463415,32.729268292682924,4,1,Central
2021020469,Washington Capitals,60,35.10625,24.83125,5,0,Metropolitan
2021020469,Winnipeg Jets,71,29.449019607843137,18.98627450980392,2,1,Central
2021020470,Anaheim Ducks,61,34.37391304347826,28.36521739130435,5,1,Pacific
2021020470,Arizona Coyotes,41,26.241666666666667,28.41111111111111,6,0,Central
2021020471,Boston Bruins,61,35.02745098039216,36.937254901960785,5,0,Atlantic
2021020471,Montréal Canadiens,57,33.7025,37.505,3,1,Atlantic
2021020472,Detroit Red Wings,53,34.95897435897436,30.733333333333334,5,1,Atlantic
2021020472,New Jersey Devils,61,40.806666666666665,28.93111111111111,2,0,Metropolitan
2021020473,Ottawa Senators,54,36.917073170731705,32.93658536585366,3,0,Atlantic
2021020473,Philadelphia Flyers,65,36.81224489795918,27.344897959183672,4,1,Metropolitan
2021020474,Carolina Hurricanes,60,32.51020408163265,33.251020408163264,5,1,Metropolitan
2021020474,Los Angeles Kings,54,32.76521739130435,29.402173913043477,1,0,Pacific
2021020475,Chicago Blackhawks,42,37.640625,36.75625,3,0,Central
2021020475,Dallas Stars,70,31.982692307692307,30.215384615384615,4,1,Central
2021020476,Florida Panthers,60,43.56888888888889,24.30666666666667,6,0,Atlantic
2021020476,Minnesota Wild,43,37.065625,20.328125,2,1,Central
2021020477,Colorado Avalanche,77,38.86545454545455,32.274545454545454,3,1,Central
2021020477,Tampa Bay Lightning,67,31.410869565217393,25.119565217391305,2,0,Atlantic
2021020478,Calgary Flames,71,28.33859649122807,33.96140350877193,6,1,Pacific
2021020478,Columbus Blue Jackets,45,35.92972972972973,33.689189189189186,2,0,Metropolitan
2021020479,Toronto Maple Leafs,91,32.81643835616438,31.709589041095892,2,0,Atlantic
2021020479,Vancouver Canucks,40,40.202777777777776,31.830555555555556,3,1,Pacific
2021020480,Edmonton Oilers,73,37.485454545454544,29.327272727272728,5,0,Pacific
2021020480,Seattle Kraken,30,40.728,31.312,3,1,Pacific
2021020481,Boston Bruins,55,35.96363636363636,28.693181818181817,3,0,Atlantic
2021020481,Ottawa Senators,57,33.10454545454545,30.352272727272727,2,1,Atlantic
2021020482,New Jersey Devils,47,36.6551724137931,22.606896551724137,2,1,Metropolitan
2021020482,Pittsburgh Penguins,42,38.65151515151515,31.35757575757576,3,0,Metropolitan
2021020483,New York Islanders,50,33.251282051282054,21.376923076923077,3,1,Metropolitan
2021020483,Vegas Golden Knights,56,35.46222222222222,20.637777777777778,3,0,Pacific
2021020484,Los Angeles Kings,48,34.897222222222226,32.09722222222222,3,0,Pacific
2021020484,Washington Capitals,68,35.51136363636363,37.60227272727273,2,1,Metropolitan
2021020485,Carolina Hurricanes,50,31.06578947368421,27.68684210526316,5,1,Metropolitan
2021020485,Nashville Predators,55,31.659523809523808,37.05714285714286,3,0,Central
2021020486,St. Louis Blues,53,31.686046511627907,29.45581395348837,2,0,Central
2021020486,Winnipeg Jets,55,35.96904761904762,29.057142857142857,4,1,Central
2021020487,Arizona Coyotes,57,34.06976744186046,24.962790697674418,1,0,Central
2021020487,Vancouver Canucks,46,36.041666666666664,28.647222222222222,5,1,Pacific
2021020488,Seattle Kraken,59,38.35,30.45263157894737,2,1,Pacific
2021020488,Toronto Maple Leafs,46,42.85277777777778,25.877777777777776,6,0,Atlantic
2021020489,Buffalo Sabres,49,44.12682926829268,29.065853658536586,3,1,Atlantic
2021020489,Columbus Blue Jackets,58,45.31428571428572,31.33265306122449,4,0,Metropolitan
2021020490,Colorado Avalanche,65,36.14489795918367,31.99795918367347,5,0,Central
2021020490,Detroit Red Wings,68,29.82,38.394,2,1,Atlantic
2021020491,Montréal Canadiens,47,39.097142857142856,25.417142857142856,2,0,Atlantic
2021020491,New York Islanders,60,38.108000000000004,27.724,2,1,Metropolitan
2021020492,Dallas Stars,53,37.6609756097561,32.165853658536584,7,1,Central
2021020492,Minnesota Wild,47,34.159375,30.090625,4,0,Central
2021020493,Anaheim Ducks,42,41.194736842105264,28.8,3,0,Pacific
2021020493,Edmonton Oilers,61,32.07446808510638,25.1,7,1,Pacific
2021020494,Boston Bruins,59,32.98478260869565,37.31304347826087,0,1,Atlantic
2021020494,Carolina Hurricanes,58,38.71296296296296,22.612962962962964,6,0,Metropolitan
2021020495,Ottawa Senators,40,48.84827586206897,33.141379310344824,2,1,Atlantic
2021020495,St. Louis Blues,70,31.16730769230769,30.765384615384615,5,0,Central
2021020496,Philadelphia Flyers,56,32.239024390243905,30.88048780487805,3,1,Metropolitan
2021020496,Washington Capitals,46,40.2375,20.4625,5,0,Metropolitan
2021020497,New Jersey Devils,52,40.33,24.2525,6,0,Metropolitan
2021020497,Pittsburgh Penguins,62,43.208163265306126,24.52857142857143,1,1,Metropolitan
2021020498,Chicago Blackhawks,47,37.294117647058826,33.93235294117647,2,1,Central
2021020498,Florida Panthers,46,34.26176470588235,32.80882352941177,5,0,Atlantic
2021020499,Nashville Predators,56,38.29545454545455,30.295454545454547,2,1,Central
2021020499,Winnipeg Jets,66,31.82982456140351,36.26842105263158,5,0,Central
2021020500,Anaheim Ducks,45,33.54117647058823,30.69705882352941,2,0,Pacific
2021020500,Calgary Flames,60,31.37222222222222,25.831481481481482,6,1,Pacific
2021020501,Tampa Bay Lightning,47,36.73548387096774,31.383870967741935,4,0,Atlantic
2021020501,Vegas Golden Knights,61,32.17659574468085,31.329787234042552,3,1,Pacific
2021020502,San Jose Sharks,60,40.15,28.376190476190477,4,1,Pacific
2021020502,Vancouver Canucks,55,35.8025,24.8175,5,0,Pacific
2021020503,Arizona Coyotes,57,31.04888888888889,31.413333333333334,5,0,Central
2021020503,Seattle Kraken,62,40.168181818181814,26.33409090909091,2,1,Pacific
2021020504,Buffalo Sabres,52,33.51,30.395,3,1,Atlantic
2021020504,Colorado Avalanche,52,28.92093023255814,27.06511627906977,5,0,Central
2021020505,Montréal Canadiens,47,31.09032258064516,32.39032258064516,4,0,Atlantic
2021020505,New York Rangers,47,32.266666666666666,35.13055555555555,3,1,Metropolitan
2021020506,Dallas Stars,69,28.75,25.889130434782608,4,1,Central
2021020506,Winnipeg Jets,52,34.9875,27.845000000000002,3,0,Central
2021020507,Edmonton Oilers,48,37.37777777777778,30.083333333333336,5,0,Pacific
2021020507,Los Angeles Kings,56,30.4525,38.86,2,1,Pacific
2021020508,Boston Bruins,56,30.20566037735849,26.70377358490566,5,1,Atlantic
2021020508,Colorado Avalanche,48,45.62432432432433,24.816216216216215,1,0,Central
2021020509,St. Louis Blues,46,40.247368421052634,28.50263157894737,6,0,Central
2021020509,Toronto Maple Leafs,67,34.20980392156863,27.08235294117647,3,1,Atlantic
2021020510,Carolina Hurricanes,77,43.85614035087719,31.314035087719297,3,0,Metropolitan
2021020510,Ottawa Senators,55,41.53,26.0475,4,1,Atlantic
2021020511,Florida Panthers,80,37.148387096774194,28.204838709677418,4,1,Atlantic
2021020511,Nashville Predators,48,40.658974358974355,26.976923076923075,6,0,Central
2021020512,Montréal Canadiens,46,37.605405405405406,33.372972972972974,7,0,Atlantic
2021020512,New Jersey Devils,65,37.043137254901964,29.986274509803923,4,1,Metropolitan
2021020513,New York Islanders,41,41.406666666666666,22.086666666666666,5,1,Metropolitan
2021020513,Washington Capitals,54,35.63777777777778,25.35111111111111,1,0,Metropolitan
2021020514,Philadelphia Flyers,49,38.41142857142857,23.734285714285715,4,0,Metropolitan
2021020514,Pittsburgh Penguins,58,38.2,28.05227272727273,5,1,Metropolitan
2021020515,Buffalo Sabres,59,35.44255319148936,25.25744680851064,3,0,Atlantic
2021020515,Columbus Blue Jackets,60,40.63076923076923,26.486538461538462,7,1,Metropolitan
2021020516,Chicago Blackhawks,67,31.937254901960785,34.02156862745098,0,1,Central
2021020516,Dallas Stars,56,32.6906976744186,30.07674418604651,0,0,Central
2021020517,Detroit Red Wings,52,38.64285714285714,24.821428571428573,4,0,Atlantic
2021020517,Minnesota Wild,43,45.33714285714286,25.428571428571427,7,1,Central
2021020518,Calgary Flames,55,38.784444444444446,26.011111111111113,2,1,Pacific
2021020518,Seattle Kraken,42,38.89354838709677,31.496774193548386,1,0,Pacific
2021020519,Arizona Coyotes,44,42.293103448275865,32.06206896551724,3,1,Central
2021020519,Tampa Bay Lightning,54,32.24390243902439,27.729268292682928,4,0,Atlantic
2021020520,Anaheim Ducks,54,29.771052631578947,31,7,0,Pacific
2021020520,Vancouver Canucks,48,37.221428571428575,35.39642857142857,4,1,Pacific
2021020521,Los Angeles Kings,74,29.58490566037736,37.369811320754714,4,0,Pacific
2021020521,Vegas Golden Knights,50,36.37567567567568,31.483783783783785,3,1,Pacific
2021020522,Edmonton Oilers,68,33.31071428571428,23.807142857142857,3,0,Pacific
2021020522,San Jose Sharks,31,33.0625,23.7125,0,1,Pacific
2021020523,Boston Bruins,73,36.59444444444444,34.15,2,1,Atlantic
2021020523,Pittsburgh Penguins,48,36.871428571428574,29.74,4,0,Metropolitan
2021020524,Buffalo Sabres,64,41.60980392156863,23.92156862745098,6,1,Atlantic
2021020524,New York Islanders,48,35.9325,31.25,3,0,Metropolitan
2021020525,Detroit Red Wings,59,35.03829787234042,32.351063829787236,2,0,Atlantic
2021020525,New York Rangers,73,25.476785714285715,39.02321428571429,2,1,Metropolitan
2021020526,Ottawa Senators,53,36.18205128205128,25.51025641025641,4,0,Atlantic
2021020526,Washington Capitals,66,35.742222222222225,26.615555555555556,1,1,Metropolitan
2021020527,Carolina Hurricanes,39,35.720689655172414,37.12413793103448,2,1,Metropolitan
2021020527,Florida Panthers,54,33.93636363636364,30.85,3,0,Atlantic
2021020528,Columbus Blue Jackets,47,45.97027027027027,33.4,4,1,Metropolitan
2021020528,Toronto Maple Leafs,67,45.93404255319149,26.568085106382977,3,0,Atlantic
2021020529,New Jersey Devils,55,35.52439024390244,33.71463414634146,7,0,Metropolitan
2021020529,St. Louis Blues,53,31.258536585365853,31.09268292682927,4,1,Central
2021020530,Dallas Stars,60,27.653488372093022,32.06046511627907,4,1,Central
2021020530,Nashville Predators,55,40.16842105263158,27.760526315789473,3,0,Central
2021020531,Minnesota Wild,48,39.55882352941177,26.06470588235294,0,0,Central
2021020531,Winnipeg Jets,60,34.19024390243903,28.085365853658537,2,1,Central
2021020532,Calgary Flames,48,32.990243902439026,35.18536585365854,3,1,Pacific
2021020532,Edmonton Oilers,48,48.48787878787879,28.26969696969697,1,0,Pacific
2021020533,Arizona Coyotes,45,36.77272727272727,34.6,3,1,Central
2021020533,Los Angeles Kings,64,35.45576923076923,35.875,5,0,Pacific
2021020534,Seattle Kraken,53,35.199999999999996,33.75757575757576,2,0,Pacific
2021020534,Vancouver Canucks,66,36.394827586206894,33.13965517241379,5,1,Pacific
2021020535,Colorado Avalanche,62,30.983783783783785,34.17297297297297,2,0,Central
2021020535,Vegas Golden Knights,61,38.12093023255814,25.153488372093022,0,1,Pacific
2021020536,Anaheim Ducks,75,39.7,33.261818181818185,3,1,Pacific
2021020536,San Jose Sharks,65,36.66415094339623,31.07358490566038,3,0,Pacific
2021020537,Montréal Canadiens,43,27.656756756756756,24.90810810810811,4,0,Atlantic
2021020537,Tampa Bay Lightning,64,25.844,33.804,5,1,Atlantic
2021020538,Chicago Blackhawks,57,31.219444444444445,27.544444444444444,4,1,Central
2021020538,Columbus Blue Jackets,67,37.114285714285714,36.18571428571428,7,0,Metropolitan
2021020539,Los Angeles Kings,56,28.9625,31.064999999999998,3,1,Pacific
2021020539,Vegas Golden Knights,47,30.661538461538463,24.394871794871797,6,0,Pacific
2021020540,Arizona Coyotes,67,31.398275862068967,22.343103448275862,7,0,Central
2021020540,San Jose Sharks,51,26.730232558139534,26.230232558139534,7,1,Pacific
2021020541,Buffalo Sabres,42,39.03103448275862,19.586206896551722,3,1,Atlantic
2021020541,New Jersey Devils,74,42.657627118644065,29.23898305084746,4,0,Metropolitan
2021020542,Pittsburgh Penguins,69,37.17666666666667,27.436666666666667,1,0,Metropolitan
2021020542,Toronto Maple Leafs,53,35.105,32.74,4,1,Atlantic
2021020543,Boston Bruins,61,39.46458333333334,32.26875,2,0,Atlantic
2021020543,Ottawa Senators,67,38.208333333333336,30.39375,0,1,Atlantic
2021020544,Florida Panthers,61,28.184444444444445,31.495555555555555,4,1,Atlantic
2021020544,New York Rangers,49,29.995,31.220000000000002,3,0,Metropolitan
2021020545,Detroit Red Wings,70,30.822,34.116,2,0,Atlantic
2021020545,New York Islanders,44,47.54210526315789,24.80263157894737,5,1,Metropolitan
2021020546,Nashville Predators,45,36.63548387096775,22.92258064516129,3,0,Central
2021020546,Washington Capitals,64,33.768085106382976,32.242553191489364,5,1,Metropolitan
2021020547,Edmonton Oilers,49,29.371794871794872,33.41282051282051,2,0,Pacific
2021020547,St. Louis Blues,54,29.16521739130435,32.65,4,1,Central
2021020548,Chicago Blackhawks,47,36.45882352941177,27.95,3,0,Central
2021020548,Winnipeg Jets,62,33.44375,28.733333333333334,1,1,Central
2021020549,Colorado Avalanche,88,30.97966101694915,26.352542372881356,1,1,Central
2021020549,Dallas Stars,39,36.06206896551724,27.406896551724138,4,0,Central
2021020550,Anaheim Ducks,64,33.32608695652174,32.719565217391306,1,1,Pacific
2021020550,Vancouver Canucks,61,31.729411764705883,30.7921568627451,2,0,Pacific
2021020551,Philadelphia Flyers,39,45.07666666666667,37.07,3,0,Metropolitan
2021020551,Seattle Kraken,61,39.13,31.814,2,1,Pacific
2021020552,Florida Panthers,54,31.67560975609756,29.517073170731706,9,1,Atlantic
2021020552,Tampa Bay Lightning,63,32.878846153846155,34.08653846153846,3,0,Atlantic
2021020553,Buffalo Sabres,53,36.14761904761905,24.923809523809524,1,0,Atlantic
2021020553,New York Islanders,50,32.9825,23.4,4,1,Metropolitan
2021020554,Carolina Hurricanes,64,43.022,31.322000000000003,4,1,Metropolitan
2021020554,Montréal Canadiens,41,40.00909090909091,26.59090909090909,0,0,Atlantic
2021020555,Columbus Blue Jackets,65,31.714,26.856,3,1,Metropolitan
2021020555,Nashville Predators,63,33.00408163265306,26.632653061224488,3,0,Central
2021020556,Los Angeles Kings,79,29.446774193548386,27.403225806451612,1,1,Pacific
2021020556,Vancouver Canucks,44,31.835483870967742,28.996774193548386,1,0,Pacific
2021020557,Philadelphia Flyers,53,37.75555555555555,28.758333333333333,2,0,Metropolitan
2021020557,San Jose Sharks,89,34.067692307692305,27.324615384615385,3,1,Pacific
2021020558,Calgary Flames,69,37.90576923076923,34.707692307692305,6,0,Pacific
2021020558,Seattle Kraken,43,35.80344827586207,23.575862068965517,4,1,Pacific
2021020559,Ottawa Senators,55,41.28292682926829,33.678048780487806,0,1,Atlantic
2021020559,Pittsburgh Penguins,71,40.843859649122805,35.8140350877193,2,0,Metropolitan
2021020560,Detroit Red Wings,40,34.94,27.324,1,1,Atlantic
2021020560,Washington Capitals,50,37.20540540540541,32.34864864864865,3,0,Metropolitan
2021020561,New York Rangers,49,33.4,26.13421052631579,3,0,Metropolitan
2021020561,Tampa Bay Lightning,57,26.35,30.745454545454546,3,1,Atlantic
2021020562,Edmonton Oilers,66,37.694,28.508,5,0,Pacific
2021020562,New Jersey Devils,67,40.253846153846155,27.28846153846154,6,1,Metropolitan
2021020563,Colorado Avalanche,61,41.93333333333334,27.782222222222224,4,0,Central
2021020563,Dallas Stars,51,39.96388888888889,27.133333333333333,0,1,Central
2021020564,Calgary Flames,60,39.116,27.828,3,1,Pacific
2021020564,Winnipeg Jets,39,33.69655172413793,27.024137931034485,1,0,Central
2021020565,Anaheim Ducks,32,35.38636363636364,33.05,1,0,Pacific
2021020565,Vegas Golden Knights,78,31.452380952380953,27.57936507936508,3,1,Pacific
2021020566,Boston Bruins,67,30.71578947368421,26.96140350877193,4,1,Atlantic
2021020566,Buffalo Sabres,47,39.93684210526316,30.260526315789473,3,0,Atlantic
2021020567,Ottawa Senators,37,33.60357142857143,32.23571428571429,0,0,Atlantic
2021020567,Toronto Maple Leafs,75,31.07704918032787,32.7016393442623,6,1,Atlantic
2021020568,Florida Panthers,75,27.28813559322034,24.672881355932205,5,1,Atlantic
2021020568,Montréal Canadiens,50,34.91428571428571,30.44,2,0,Atlantic
2021020569,Edmonton Oilers,46,35.215625,24.35,2,0,Pacific
2021020569,New York Islanders,58,32.59756097560975,17.195121951219512,3,1,Metropolitan
2021020570,Carolina Hurricanes,90,36.7125,34.11944444444445,7,0,Metropolitan
2021020570,Columbus Blue Jackets,33,28.703846153846154,28.746153846153845,4,1,Metropolitan
2021020571,Chicago Blackhawks,71,34.86551724137931,34.91034482758621,1,0,Central
2021020571,Nashville Predators,52,34.758974358974356,25.674358974358974,6,1,Central
2021020572,Minnesota Wild,61,40.765957446808514,32.48085106382979,4,1,Central
2021020572,St. Louis Blues,53,41.2,27.00227272727273,6,0,Central
2021020573,Los Angeles Kings,68,28.801960784313724,29.609803921568627,6,1,Pacific
2021020573,Philadelphia Flyers,64,29.238775510204082,31.92857142857143,3,0,Metropolitan
2021020574,Seattle Kraken,50,40.29210526315789,32.642105263157895,2,1,Pacific
2021020574,Vancouver Canucks,62,37.416326530612245,31.604081632653063,5,0,Pacific
2021020575,Boston Bruins,63,25.62641509433962,36.98679245283019,5,0,Atlantic
2021020575,Detroit Red Wings,44,30.169999999999998,39.45,1,1,Atlantic
2021020576,New York Rangers,35,32.38125,24.625,4,1,Metropolitan
2021020576,Tampa Bay Lightning,73,40.05090909090909,26.454545454545453,0,0,Atlantic
2021020577,Pittsburgh Penguins,75,32.11904761904762,26.066666666666666,8,1,Metropolitan
2021020577,San Jose Sharks,48,39.91538461538462,22.33076923076923,5,0,Pacific
2021020578,New Jersey Devils,61,36.136170212765954,31.44255319148936,4,0,Metropolitan
2021020578,Washington Capitals,61,35.825,32.89545454545455,3,1,Metropolitan
2021020579,Calgary Flames,70,31.67037037037037,30.435185185185183,5,0,Pacific
2021020579,Chicago Blackhawks,56,35.287179487179486,29.107692307692307,1,1,Central
2021020580,Anaheim Ducks,48,34.51025641025641,34.43076923076923,2,0,Pacific
2021020580,Colorado Avalanche,60,35.04,32.31111111111111,4,1,Central
2021020581,Arizona Coyotes,48,41.74411764705882,32.01764705882353,3,1,Central
2021020581,Dallas Stars,63,33.9078431372549,30.44705882352941,1,0,Central
2021020582,Vegas Golden Knights,84,35.290625,24.8078125,4,1,Pacific
2021020582,Winnipeg Jets,71,30.678,25.178,5,0,Central
2021020583,Carolina Hurricanes,58,36.578048780487805,21.992682926829268,3,0,Metropolitan
2021020583,Toronto Maple Leafs,54,30.6046511627907,24.91860465116279,4,1,Atlantic
2021020584,Minnesota Wild,70,36.73518518518519,30.794444444444444,3,0,Central
2021020584,Ottawa Senators,64,38.1921568627451,30.633333333333333,4,1,Atlantic
2021020585,Edmonton Oilers,69,39.99574468085106,29.01063829787234,1,0,Pacific
2021020585,New York Rangers,39,29.805555555555557,34.31111111111111,4,1,Metropolitan
2021020586,Boston Bruins,62,34.18163265306122,32.251020408163264,5,1,Atlantic
2021020586,New Jersey Devils,42,40.9969696969697,23.554545454545455,3,0,Metropolitan
2021020587,Montréal Canadiens,68,33.658490566037734,38.216981132075475,2,1,Atlantic
2021020587,Washington Capitals,37,30.484615384615385,37.92307692307693,5,0,Metropolitan
2021020588,Detroit Red Wings,47,28.736842105263158,44.01315789473684,6,1,Atlantic
2021020588,San Jose Sharks,42,32.36333333333333,30.623333333333335,2,0,Pacific
2021020589,Calgary Flames,71,30.516666666666666,31.801851851851854,2,0,Pacific
2021020589,Florida Panthers,73,33.108163265306125,30.857142857142858,6,1,Atlantic
2021020590,Columbus Blue Jackets,48,36.32702702702703,31.67837837837838,2,1,Metropolitan
2021020590,Tampa Bay Lightning,61,32.40208333333333,29.410416666666666,7,0,Atlantic
2021020591,Chicago Blackhawks,51,30.333333333333332,32.251282051282054,3,1,Central
2021020591,Colorado Avalanche,67,28.82608695652174,41.07826086956522,4,0,Central
2021020592,Arizona Coyotes,57,37.54047619047619,34.27619047619048,1,1,Central
2021020592,Winnipeg Jets,77,35.487692307692306,26.77230769230769,3,0,Central
2021020593,Nashville Predators,49,37.88611111111111,36.26111111111111,3,0,Central
2021020593,Vegas Golden Knights,77,36.098214285714285,27.675,2,1,Pacific
2021020594,Anaheim Ducks,58,35.41,36.019999999999996,4,1,Pacific
2021020594,Philadelphia Flyers,59,31.42666666666667,33.42,1,0,Metropolitan
2021020595,New York Islanders,56,30.419999999999998,35.0375,5,0,Metropolitan
2021020595,Seattle Kraken,64,38.51489361702128,31.857446808510637,2,1,Pacific
2021020596,Edmonton Oilers,51,41.74666666666667,29.246666666666666,2,0,Pacific
2021020596,Toronto Maple Leafs,62,37.340816326530614,29.35918367346939,4,1,Atlantic
2021020597,Pittsburgh Penguins,63,33.224489795918366,25.8265306122449,5,1,Metropolitan
2021020597,St. Louis Blues,44,43.480000000000004,19.074285714285715,3,0,Central
2021020598,New York Islanders,54,37.56388888888889,35.3,6,0,Metropolitan
2021020598,Vancouver Canucks,71,36.33018867924528,28.862264150943396,3,1,Pacific
2021020599,Boston Bruins,55,38.23111111111111,24.68888888888889,2,1,Atlantic
2021020599,Minnesota Wild,49,37.675,25.9025,3,0,Central
2021020600,Buffalo Sabres,70,45.88367346938776,24.408163265306122,2,1,Atlantic
2021020600,San Jose Sharks,37,43.833333333333336,22.95,3,0,Pacific
2021020601,Montréal Canadiens,40,33.05714285714286,31.33214285714286,5,1,Atlantic
2021020601,Toronto Maple Leafs,66,32.916326530612245,33.118367346938776,2,0,Atlantic
2021020602,Calgary Flames,48,30.502777777777776,31.77777777777778,1,0,Pacific
2021020602,Tampa Bay Lightning,65,30.725925925925925,26.151851851851852,4,1,Atlantic
2021020603,Columbus Blue Jackets,61,38.818,24.194,1,0,Metropolitan
2021020603,New Jersey Devils,53,38.693617021276594,23.593617021276597,3,1,Metropolitan
2021020604,Philadelphia Flyers,49,35.338235294117645,31.347058823529412,2,1,Metropolitan
2021020604,Pittsburgh Penguins,56,38.04545454545454,29.345454545454547,6,0,Metropolitan
2021020605,Dallas Stars,64,34.84285714285714,30.048979591836734,5,1,Central
2021020605,Florida Panthers,75,36.586666666666666,25.785,5,0,Atlantic
2021020606,Colorado Avalanche,59,35.02765957446809,24.631914893617022,7,1,Central
2021020606,Winnipeg Jets,62,33.15833333333333,30.120833333333334,1,0,Central
2021020607,Arizona Coyotes,46,30.021052631578947,31.44736842105263,6,1,Central
2021020607,Chicago Blackhawks,67,36.348,31.23,4,0,Central
2021020608,New York Rangers,47,30.616129032258065,29.87741935483871,1,0,Metropolitan
2021020608,Vegas Golden Knights,67,36.0078431372549,32.166666666666664,5,1,Pacific
2021020609,Anaheim Ducks,53,31.96829268292683,34.260975609756095,3,1,Pacific
2021020609,Detroit Red Wings,68,34.15555555555556,30.05185185185185,3,0,Atlantic
2021020610,Los Angeles Kings,72,32.688709677419354,33.446774193548386,2,1,Pacific
2021020610,Nashville Predators,44,30.567857142857143,27.09642857142857,4,0,Central
2021020611,Ottawa Senators,38,33.65185185185185,36.81111111111111,2,0,Atlantic
2021020611,Seattle Kraken,48,33.270270270270274,32.85675675675676,4,1,Pacific
2021020612,Calgary Flames,61,31.385714285714286,32.40408163265306,3,0,Pacific
2021020612,Carolina Hurricanes,58,37.294,37.18,6,1,Metropolitan
2021020613,St. Louis Blues,42,33.83529411764706,23.71470588235294,5,1,Central
2021020613,Washington Capitals,49,32.14324324324324,30.967567567567567,1,0,Metropolitan
2021020614,Buffalo Sabres,48,38.575,23.585,5,0,Atlantic
2021020614,Montréal Canadiens,58,37.876744186046515,32.25116279069768,3,1,Atlantic
2021020615,Boston Bruins,48,30.431707317073172,31.20731707317073,5,0,Atlantic
2021020615,Tampa Bay Lightning,52,34.746511627906976,30.3953488372093,2,1,Atlantic
2021020616,Philadelphia Flyers,62,39.96976744186046,28.06046511627907,2,1,Metropolitan
2021020616,San Jose Sharks,69,36.57586206896551,32.51724137931034,3,0,Pacific
2021020617,Carolina Hurricanes,53,36.895,31.895,3,1,Metropolitan
2021020617,Florida Panthers,65,34.70185185185185,33.71296296296296,4,0,Atlantic
2021020618,Columbus Blue Jackets,53,38.33863636363636,27.71818181818182,4,1,Metropolitan
2021020618,New Jersey Devils,51,35.18536585365854,25.658536585365855,3,0,Metropolitan
2021020619,Dallas Stars,62,35.08,28.96666666666667,3,1,Central
2021020619,Pittsburgh Penguins,55,39.33076923076923,26.446153846153845,2,0,Metropolitan
2021020620,Minnesota Wild,54,37.24864864864865,22.086486486486486,2,1,Central
2021020620,Washington Capitals,58,34.83777777777778,28.602222222222224,2,0,Metropolitan
2021020621,Seattle Kraken,54,40.39736842105263,23.094736842105263,3,0,Pacific
2021020621,Winnipeg Jets,49,32.85897435897436,23.41794871794872,5,1,Central
2021020622,Colorado Avalanche,78,34.335087719298244,26.589473684210528,5,1,Central
2021020622,Toronto Maple Leafs,45,28.36857142857143,29.56,4,0,Atlantic
2021020623,Edmonton Oilers,59,33.44186046511628,32.58372093023256,3,1,Pacific
2021020623,New York Islanders,57,31.450980392156865,37.03921568627451,1,0,Metropolitan
2021020624,Arizona Coyotes,67,29.270370370370372,34.44814814814815,2,1,Central
2021020624,Nashville Predators,47,39.43157894736842,31.207894736842107,4,0,Central
2021020625,Ottawa Senators,49,32.135714285714286,23.14761904761905,3,0,Atlantic
2021020625,Vancouver Canucks,85,21.58888888888889,28.5968253968254,3,1,Pacific
2021020626,Chicago Blackhawks,50,37.31428571428572,34.645714285714284,2,0,Central
2021020626,Vegas Golden Knights,64,35.5875,34.56,1,1,Pacific
2021020627,Anaheim Ducks,52,36.815384615384616,32.54102564102564,1,1,Pacific
2021020627,New York Rangers,57,34.072916666666664,27.120833333333334,4,0,Metropolitan
2021020628,Detroit Red Wings,45,33.94137931034483,30.689655172413794,0,0,Atlantic
2021020628,Los Angeles Kings,70,35.153703703703705,32.57592592592593,4,1,Pacific
2021020629,Dallas Stars,44,26.478378378378377,31.681081081081082,1,0,Central
2021020629,St. Louis Blues,58,32.486363636363635,30.579545454545453,2,1,Central
2021020630,Columbus Blue Jackets,73,34.97636363636364,26.934545454545454,2,0,Metropolitan
2021020630,Montréal Canadiens,58,38.63409090909091,25.586363636363636,1,1,Atlantic
2021020631,New Jersey Devils,56,31.66153846153846,21.864102564102563,3,1,Metropolitan
2021020631,Tampa Bay Lightning,49,38.88,25.5775,6,0,Atlantic
2021020632,Boston Bruins,56,33.586363636363636,32.93181818181818,7,0,Atlantic
2021020632,Washington Capitals,63,31.576923076923077,36.56730769230769,3,1,Metropolitan
2021020633,Minnesota Wild,73,39.77758620689655,30.010344827586206,3,0,Central
2021020633,Winnipeg Jets,59,35.05365853658537,28.814634146341465,6,1,Central
2021020634,Colorado Avalanche,57,32.74285714285714,34.13333333333333,4,1,Central
2021020634,Seattle Kraken,51,34.56666666666667,27.502777777777776,3,0,Pacific
2021020635,Edmonton Oilers,64,33.07021276595745,25.157446808510638,4,1,Pacific
2021020635,Ottawa Senators,45,36.3,32.958333333333336,6,0,Atlantic
2021020636,Los Angeles Kings,67,33.91923076923077,28.31346153846154,3,1,Pacific
2021020636,New York Rangers,42,33.63333333333333,35.403333333333336,1,0,Metropolitan
2021020637,Buffalo Sabres,33,40.89545454545455,26.84090909090909,1,1,Atlantic
2021020637,Tampa Bay Lightning,54,33.81739130434783,26.59565217391304,6,0,Atlantic
2021020638,Florida Panthers,63,36.3390243902439,30.25121951219512,5,1,Atlantic
2021020638,Vancouver Canucks,70,31.754166666666666,28.908333333333335,2,0,Pacific
2021020639,Carolina Hurricanes,66,40.35957446808511,25.48936170212766,4,0,Metropolitan
2021020639,Philadelphia Flyers,62,36.823214285714286,27.79642857142857,3,1,Metropolitan
2021020640,Chicago Blackhawks,33,32.208695652173915,28.878260869565217,4,0,Central
2021020640,Columbus Blue Jackets,50,35.25625,29.203125,2,1,Metropolitan
2021020641,Colorado Avalanche,70,34.628846153846155,32.99423076923077,4,0,Central
2021020641,Nashville Predators,65,31.91320754716981,28.660377358490564,5,1,Central
2021020642,Calgary Flames,67,39.82,22.14888888888889,5,1,Pacific
2021020642,New York Islanders,49,38.605,25.052500000000002,2,0,Metropolitan
2021020643,Toronto Maple Leafs,49,30.510344827586206,27.882758620689657,3,0,Atlantic
2021020643,Vegas Golden Knights,57,31.933333333333334,35.65333333333333,3,1,Pacific
2021020644,Anaheim Ducks,44,35.65714285714286,30.63142857142857,1,1,Pacific
2021020644,Pittsburgh Penguins,69,33.73137254901961,30.83529411764706,4,0,Metropolitan
2021020645,Detroit Red Wings,32,31.915384615384614,23.676923076923078,2,0,Atlantic
2021020645,San Jose Sharks,66,30.63529411764706,23.949019607843137,3,1,Pacific
2021020646,Boston Bruins,81,35.19322033898305,34.784745762711864,3,0,Atlantic
2021020646,Montréal Canadiens,50,43.67368421052632,31.592105263157894,2,1,Atlantic
2021020647,Dallas Stars,43,35.616129032258065,30.761290322580646,5,1,Central
2021020647,Seattle Kraken,55,32.77619047619048,32.93333333333333,2,0,Pacific
2021020648,Edmonton Oilers,60,34.6,28.279591836734692,3,1,Pacific
2021020648,Minnesota Wild,40,34.174193548387095,25.364516129032257,7,0,Central
2021020649,Arizona Coyotes,39,36.7,30.288888888888888,2,1,Central
2021020649,Toronto Maple Leafs,85,33.41904761904762,30.57936507936508,1,0,Atlantic
2021020650,Boston Bruins,55,32.08541666666667,28.329166666666666,3,1,Atlantic
2021020650,Philadelphia Flyers,54,32.84736842105263,26.736842105263158,2,0,Metropolitan
2021020651,Detroit Red Wings,60,43.07857142857143,37.08095238095238,0,1,Atlantic
2021020651,Winnipeg Jets,66,36.36590909090909,37.46590909090909,3,0,Central
2021020652,Tampa Bay Lightning,38,26.889655172413793,26.71034482758621,4,1,Atlantic
2021020652,Vancouver Canucks,60,34.96,24.115000000000002,2,0,Pacific
2021020653,New Jersey Devils,52,26.133333333333333,26.933333333333334,2,0,Metropolitan
2021020653,New York Islanders,48,31.074285714285715,25.625714285714285,3,1,Metropolitan
2021020654,Carolina Hurricanes,58,34.71666666666667,21.81875,0,1,Metropolitan
2021020654,Columbus Blue Jackets,58,35.02978723404255,29.640425531914893,6,0,Metropolitan
2021020655,Chicago Blackhawks,51,30.788888888888888,30.430555555555557,3,1,Central
2021020655,Montréal Canadiens,53,32.50526315789474,41.96578947368421,2,0,Atlantic
2021020656,Seattle Kraken,50,27.204545454545453,35.77272727272727,1,0,Pacific
2021020656,St. Louis Blues,50,29.144444444444446,36.59722222222222,2,1,Central
2021020657,Buffalo Sabres,45,44.925,27.421875,4,0,Atlantic
2021020657,Nashville Predators,52,35.45609756097561,29.302439024390242,1,1,Central
2021020658,Calgary Flames,57,32.2,30.604255319148937,1,1,Pacific
2021020658,Ottawa Senators,57,35.93829787234043,32.736170212765956,4,0,Atlantic
2021020659,Los Angeles Kings,70,27.798333333333332,35.803333333333335,6,1,Pacific
2021020659,Pittsburgh Penguins,49,24.15135135135135,41,2,0,Metropolitan
2021020660,New York Rangers,49,40.131578947368425,24.276315789473685,3,0,Metropolitan
2021020660,San Jose Sharks,59,35.67777777777778,28.54222222222222,0,1,Pacific
2021020661,Dallas Stars,46,24.927027027027027,35.27837837837838,1,0,Central
2021020661,Florida Panthers,66,39.20697674418604,19.123255813953488,7,1,Atlantic
2021020662,Anaheim Ducks,77,41.48392857142857,34.78928571428571,3,0,Pacific
2021020662,Minnesota Wild,66,37.64081632653061,31.99795918367347,7,1,Central
2021020663,Arizona Coyotes,44,45.80625,26.734375,3,0,Central
2021020663,Colorado Avalanche,88,34.25606060606061,33.52424242424242,3,1,Central
2021020664,Edmonton Oilers,64,33.32631578947368,30.128947368421052,0,1,Pacific
2021020664,Vegas Golden Knights,52,28.373684210526317,26.178947368421053,4,0,Pacific
2021020665,Boston Bruins,61,34.405660377358494,30.29433962264151,4,1,Atlantic
2021020665,Nashville Predators,54,41.53095238095238,29.60952380952381,3,0,Central
2021020666,Montréal Canadiens,53,35.205263157894734,32.910526315789475,1,1,Atlantic
2021020666,New Jersey Devils,53,39.43333333333333,25.053333333333335,7,0,Metropolitan
2021020667,Buffalo Sabres,49,43.309374999999996,34.575,0,0,Atlantic
2021020667,Detroit Red Wings,57,28.827083333333334,33.55833333333333,4,1,Atlantic
2021020668,Dallas Stars,34,31.614814814814814,31.21851851851852,1,0,Central
2021020668,Tampa Bay Lightning,53,32.56590909090909,27.993181818181817,3,1,Atlantic
2021020669,Columbus Blue Jackets,46,38.94,29.165714285714287,2,0,Metropolitan
2021020669,Florida Panthers,73,31.316949152542374,24.586440677966102,9,1,Atlantic
2021020670,New York Islanders,43,30.5125,22.646874999999998,0,1,Metropolitan
2021020670,Washington Capitals,57,29.28372093023256,34.20232558139535,2,0,Metropolitan
2021020671,New York Rangers,52,44.94054054054054,29.554054054054056,3,0,Metropolitan
2021020671,Philadelphia Flyers,54,39.03333333333333,30.497222222222224,2,1,Metropolitan
2021020672,Carolina Hurricanes,66,36.75416666666666,29.387500000000003,4,1,Metropolitan
2021020672,Vancouver Canucks,51,35.45454545454545,23.836363636363636,1,0,Pacific
2021020673,Anaheim Ducks,65,29.788235294117648,29.21764705882353,0,0,Pacific
2021020673,Chicago Blackhawks,58,25.66190476190476,33.49285714285714,3,1,Central
2021020674,St. Louis Blues,41,36.4258064516129,20.848387096774193,5,1,Central
2021020674,Toronto Maple Leafs,58,33.235416666666666,34.764583333333334,6,0,Atlantic
2021020675,Ottawa Senators,59,34.82093023255814,24.246511627906976,5,0,Atlantic
2021020675,Winnipeg Jets,48,36.36666666666667,26.583333333333332,2,1,Central
2021020676,Calgary Flames,56,36.49302325581395,21.91627906976744,6,1,Pacific
2021020676,Vegas Golden Knights,42,37.31428571428572,20.82857142857143,0,0,Pacific
2021020677,Arizona Coyotes,34,34.97241379310345,29.679310344827588,0,1,Central
2021020677,Colorado Avalanche,59,37.388636363636365,25.870454545454546,5,0,Central
2021020678,Pittsburgh Penguins,56,39.36052631578947,27.647368421052633,2,0,Metropolitan
2021020678,San Jose Sharks,67,31.792156862745095,27.772549019607844,1,1,Pacific
2021020679,Los Angeles Kings,41,39.09090909090909,35.28787878787879,3,0,Pacific
2021020679,Seattle Kraken,38,38.31481481481482,36.7037037037037,1,1,Pacific
2021020680,Vancouver Canucks,67,37.44893617021277,30.71276595744681,4,0,Pacific
2021020680,Washington Capitals,59,32.32558139534884,31.94418604651163,2,1,Metropolitan
2021020681,Edmonton Oilers,61,41.965384615384615,20.91730769230769,4,0,Pacific
2021020681,Winnipeg Jets,45,31.436363636363637,17.71212121212121,2,1,Central
2021020682,Buffalo Sabres,41,33.14,28.074285714285715,2,1,Atlantic
2021020682,Detroit Red Wings,58,35.544444444444444,32.41555555555556,3,0,Atlantic
2021020683,New Jersey Devils,49,32.354285714285716,30.742857142857144,4,0,Metropolitan
2021020683,Toronto Maple Leafs,67,36.486363636363635,28.15,6,1,Atlantic
2021020684,New York Islanders,53,37.95681818181818,23.827272727272724,4,1,Metropolitan
2021020684,Philadelphia Flyers,53,37.25714285714286,26.128571428571426,1,0,Metropolitan
2021020685,Nashville Predators,64,29.53921568627451,28.647058823529413,3,0,Central
2021020685,St. Louis Blues,44,37,28.52777777777778,5,1,Central
2021020686,Colorado Avalanche,80,34.464705882352945,32.227450980392156,3,1,Central
2021020686,Minnesota Wild,72,34.97735849056604,26.420754716981133,3,0,Central
2021020687,Arizona Coyotes,56,31.84390243902439,24.065853658536586,5,1,Central
2021020687,Montréal Canadiens,53,43.234146341463415,30.129268292682926,2,0,Atlantic
2021020688,Pittsburgh Penguins,58,30.582608695652176,31.617391304347827,5,0,Metropolitan
2021020688,Vegas Golden Knights,61,35.32272727272727,27.84318181818182,3,1,Pacific
2021020689,Los Angeles Kings,75,35.52,27.416363636363638,2,0,Pacific
2021020689,San Jose Sharks,43,42.443333333333335,27.823333333333334,6,1,Pacific
2021020690,Chicago Blackhawks,46,40.14324324324325,30.97027027027027,2,0,Central
2021020690,Seattle Kraken,79,28.33103448275862,32.2,2,1,Pacific
2021020691,Boston Bruins,59,38.17906976744186,27.172093023255815,1,1,Atlantic
2021020691,Carolina Hurricanes,53,41.788636363636364,27.097727272727273,7,0,Metropolitan
2021020692,Buffalo Sabres,61,43.71363636363636,37.66818181818182,3,0,Atlantic
2021020692,Ottawa Senators,74,37.5135593220339,34.02372881355932,1,1,Atlantic
2021020693,Columbus Blue Jackets,51,34.06666666666667,27.227272727272727,0,0,Metropolitan
2021020693,New York Islanders,59,25.47608695652174,22.32608695652174,6,1,Metropolitan
2021020694,Detroit Red Wings,62,33.27142857142857,26.761224489795918,6,0,Atlantic
2021020694,Philadelphia Flyers,47,48.43030303030303,19.875757575757575,3,1,Metropolitan
2021020695,Washington Capitals,59,33.415217391304346,32.619565217391305,4,1,Metropolitan
2021020695,Winnipeg Jets,60,30.35,28.875,3,0,Central
2021020696,Nashville Predators,58,37.09090909090909,31.038636363636364,1,1,Central
2021020696,Vancouver Canucks,52,35.1925,28.060000000000002,3,0,Pacific
2021020697,Dallas Stars,112,32.41975308641975,28.35925925925926,3,1,Central
2021020697,Montréal Canadiens,44,33.91290322580645,34.0258064516129,5,0,Atlantic
2021020698,Calgary Flames,50,31.557894736842105,26.18421052631579,5,1,Pacific
2021020698,Florida Panthers,58,34.86808510638298,28.848936170212767,1,0,Atlantic
2021020699,Chicago Blackhawks,42,33.87222222222222,28.408333333333335,4,0,Central
2021020699,Edmonton Oilers,77,31.36,32.52,1,1,Pacific
2021020700,Los Angeles Kings,61,43.63529411764706,27.301960784313724,4,1,Pacific
2021020700,Tampa Bay Lightning,42,27.938709677419354,33.519354838709674,6,0,Atlantic
2021020701,Arizona Coyotes,43,48.72058823529412,24.49705882352941,4,0,Central
2021020701,New Jersey Devils,66,38.724,26.062,1,1,Metropolitan
2021020702,New York Rangers,49,39.24,30.34285714285714,6,1,Metropolitan
2021020702,Toronto Maple Leafs,63,25.764583333333334,36.52708333333333,3,0,Atlantic
2021020703,Anaheim Ducks,55,40.9936170212766,29.4,0,1,Pacific
2021020703,Colorado Avalanche,60,34.30909090909091,28.381818181818183,2,0,Central
2021020704,Boston Bruins,54,30.3525,28.4525,4,1,Atlantic
2021020704,Washington Capitals,42,37.012,24.476,3,0,Metropolitan
2021020705,Buffalo Sabres,39,36.04516129032258,24.83225806451613,4,1,Atlantic
2021020705,Dallas Stars,78,35.66875,31.0765625,5,0,Central
2021020706,Columbus Blue Jackets,45,37.225,36.452777777777776,2,0,Metropolitan
2021020706,Philadelphia Flyers,62,35.022222222222226,28.335555555555555,1,1,Metropolitan
2021020707,Ottawa Senators,69,31.414285714285715,26.526530612244898,4,0,Atlantic
2021020707,Pittsburgh Penguins,53,34.78409090909091,30.59318181818182,6,1,Metropolitan
2021020708,Nashville Predators,36,31.12142857142857,31.567857142857143,5,1,Central
2021020708,Winnipeg Jets,62,33.436734693877554,28.52857142857143,2,0,Central
2021020709,Edmonton Oilers,86,37.55,32.07833333333333,0,1,Pacific
2021020709,Florida Panthers,60,32.1925,32.8675,6,0,Atlantic
2021020710,Montréal Canadiens,42,35.49375,23.2875,3,0,Atlantic
2021020710,Vegas Golden Knights,90,35.130434782608695,31.204347826086956,4,1,Pacific
2021020711,Colorado Avalanche,44,46.18666666666667,29.343333333333334,4,0,Central
2021020711,Los Angeles Kings,75,27.776363636363637,36.5,1,1,Pacific
2021020712,San Jose Sharks,56,37.917073170731705,28.88780487804878,2,0,Pacific
2021020712,Seattle Kraken,37,31.485185185185184,39.63333333333333,3,1,Pacific
2021020713,Dallas Stars,52,35.31219512195122,25.402439024390244,5,0,Central
2021020713,Detroit Red Wings,54,43.184615384615384,27.3025641025641,4,1,Atlantic
2021020714,Arizona Coyotes,36,36.49130434782609,23.62608695652174,0,0,Central
2021020714,New York Islanders,57,38.765116279069765,22.488372093023255,4,1,Metropolitan
2021020715,Carolina Hurricanes,65,26.162745098039217,29.15686274509804,6,1,Metropolitan
2021020715,New York Rangers,52,34.40263157894737,38.171052631578945,3,0,Metropolitan
2021020716,Columbus Blue Jackets,53,38.35897435897436,32.9,2,1,Metropolitan
2021020716,Pittsburgh Penguins,62,31.438095238095237,28.902380952380952,5,0,Metropolitan
2021020717,Chicago Blackhawks,56,42.41777777777778,28.804444444444442,1,1,Central
2021020717,Minnesota Wild,58,30.694871794871794,32.66923076923077,5,0,Central
2021020718,Florida Panthers,66,39.045833333333334,26.014583333333334,1,0,Atlantic
2021020718,Vancouver Canucks,52,35.97073170731707,28.473170731707317,1,1,Pacific
2021020719,Anaheim Ducks,62,39.692,29.172,5,1,Pacific
2021020719,Tampa Bay Lightning,66,29.846153846153847,30.1,1,0,Atlantic
2021020720,Seattle Kraken,57,44.955555555555556,36.763888888888886,0,1,Pacific
2021020720,St. Louis Blues,52,32.3675,29.85,5,0,Central
2021020721,Boston Bruins,59,38.86739130434783,28.33478260869565,3,1,Atlantic
2021020721,Winnipeg Jets,54,42.7027027027027,29.245945945945945,2,0,Central
2021020722,Buffalo Sabres,45,36.77777777777778,23.56111111111111,6,1,Atlantic
2021020722,Philadelphia Flyers,62,39.02291666666667,26.772916666666667,3,0,Metropolitan
2021020723,New York Islanders,56,35.1775,33.54,2,0,Metropolitan
2021020723,Toronto Maple Leafs,72,34.41538461538462,30.723076923076924,4,1,Atlantic
2021020724,Carolina Hurricanes,55,41.4275,33.535,4,0,Metropolitan
2021020724,New Jersey Devils,59,31.5468085106383,37.45744680851064,7,1,Metropolitan
2021020725,Arizona Coyotes,61,31.488095238095237,28.37142857142857,3,0,Central
2021020725,New York Rangers,54,34.7725,31.5975,7,1,Metropolitan
2021020726,Ottawa Senators,55,39.36923076923077,29.25897435897436,2,0,Atlantic
2021020726,Washington Capitals,69,30.546153846153846,31.473076923076924,3,1,Metropolitan
2021020727,Detroit Red Wings,51,34.32432432432432,27.635135135135137,1,0,Atlantic
2021020727,Nashville Predators,44,38.2,25.91111111111111,4,1,Central
2021020728,Chicago Blackhawks,59,42.532,27.932,3,0,Central
2021020728,Minnesota Wild,81,36.325,30.948333333333334,4,1,Central
2021020729,Colorado Avalanche,69,38.22105263157895,24.226315789473684,3,1,Central
2021020729,Montréal Canadiens,55,36.6025,24.565,2,0,Atlantic
2021020730,Calgary Flames,74,35.44642857142857,35.725,3,0,Pacific
2021020730,Edmonton Oilers,54,41.7725,33.735,5,1,Pacific
2021020731,San Jose Sharks,60,38.564,26.084,1,1,Pacific
2021020731,Tampa Bay Lightning,63,30.308888888888887,27.026666666666667,7,0,Atlantic
2021020732,Los Angeles Kings,58,39.34897959183673,30.37142857142857,3,0,Pacific
2021020732,New Jersey Devils,57,42.208695652173915,30.92608695652174,2,1,Metropolitan
2021020733,Pittsburgh Penguins,67,32.77090909090909,28.31818181818182,2,1,Metropolitan
2021020733,Winnipeg Jets,55,29.426829268292682,29.017073170731706,2,0,Central
2021020734,Columbus Blue Jackets,65,38.1125,22.616666666666667,1,1,Metropolitan
2021020734,Ottawa Senators,52,35.43,23.015,2,0,Atlantic
2021020735,St. Louis Blues,31,37.07826086956521,29.06086956521739,3,0,Central
2021020735,Vancouver Canucks,74,32.15925925925926,28.45,1,1,Pacific
2021020736,Florida Panthers,72,36.161702127659574,28.382978723404257,3,0,Atlantic
2021020736,Seattle Kraken,58,31.344444444444445,22.093333333333334,5,1,Pacific
2021020737,Anaheim Ducks,37,38.238235294117644,27.826470588235296,5,0,Pacific
2021020737,Boston Bruins,61,33.75,29.228947368421053,3,1,Atlantic
2021020738,Los Angeles Kings,69,31.501851851851853,35.705555555555556,2,0,Pacific
2021020738,New York Rangers,64,25.874074074074073,38.67407407407407,2,1,Metropolitan
2021020739,Dallas Stars,59,37.49090909090909,35.62045454545454,3,0,Central
2021020739,Philadelphia Flyers,50,31.212195121951222,36.28536585365854,1,1,Metropolitan
2021020740,Vegas Golden Knights,57,33.651162790697676,35.330232558139535,1,0,Pacific
2021020740,Washington Capitals,59,26.115555555555556,37.30444444444444,0,1,Metropolitan
2021020741,Minnesota Wild,70,30.912280701754387,32.44561403508772,8,1,Central
2021020741,Montréal Canadiens,35,44.576,29.744,2,0,Atlantic
2021020742,Chicago Blackhawks,56,35.82558139534884,34.944186046511625,0,0,Central
2021020742,Colorado Avalanche,62,36.68809523809524,33.46666666666667,2,1,Central
2021020743,Calgary Flames,83,32.42676056338028,31.085915492957746,7,1,Pacific
2021020743,St. Louis Blues,34,33.233333333333334,23.055555555555557,1,0,Central
2021020744,Buffalo Sabres,44,40.35142857142857,31.06285714285714,0,0,Atlantic
2021020744,Ottawa Senators,80,40.34920634920635,28.711111111111112,5,1,Atlantic
2021020745,Dallas Stars,46,40.975675675675674,24.513513513513512,5,0,Central
2021020745,New Jersey Devils,74,36.9188679245283,26.78490566037736,1,1,Metropolitan
2021020746,New York Islanders,65,36.00612244897959,25.553061224489795,4,1,Metropolitan
2021020746,Philadelphia Flyers,36,45.34615384615385,24.96923076923077,3,0,Metropolitan
2021020747,Arizona Coyotes,30,38.21666666666667,32.7125,3,0,Central
2021020747,Pittsburgh Penguins,55,33.582926829268295,30.08780487804878,6,1,Metropolitan
2021020748,Carolina Hurricanes,65,29.357777777777777,30.95777777777778,4,1,Metropolitan
2021020748,Vegas Golden Knights,46,46.742105263157896,25.657894736842103,3,0,Pacific
2021020749,Florida Panthers,49,32.16279069767442,22.451162790697676,5,0,Atlantic
2021020749,Winnipeg Jets,52,39.22888888888889,23.95111111111111,3,1,Central
2021020750,Edmonton Oilers,94,29.953623188405796,33.05942028985507,3,0,Pacific
2021020750,Vancouver Canucks,43,36.50606060606061,27.09090909090909,2,1,Pacific
2021020751,Nashville Predators,48,34.4,32.597435897435894,4,0,Central
2021020751,Seattle Kraken,60,36.19555555555556,24.993333333333332,2,1,Pacific
2021020752,Anaheim Ducks,43,38.339999999999996,27.285714285714285,3,0,Pacific
2021020752,Toronto Maple Leafs,78,26.12295081967213,26.704918032786885,3,1,Atlantic
2021020753,Chicago Blackhawks,56,38.334883720930236,25.827906976744185,8,0,Central
2021020753,Detroit Red Wings,65,36.880434782608695,34.584782608695654,5,1,Atlantic
2021020754,San Jose Sharks,53,29.97142857142857,29.95714285714286,4,0,Pacific
2021020754,Washington Capitals,74,31.20980392156863,26.498039215686273,1,1,Metropolitan
2021020755,Calgary Flames,90,35.87733333333333,32.664,6,0,Pacific
2021020755,Columbus Blue Jackets,47,36.51875,37.43125,0,1,Metropolitan
2021020756,Boston Bruins,50,45.75555555555555,29.877777777777776,3,0,Atlantic
2021020756,Colorado Avalanche,75,34.120370370370374,31.38888888888889,4,1,Central
2021020757,Anaheim Ducks,42,40.39032258064516,29.648387096774194,5,0,Pacific
2021020757,Montréal Canadiens,57,38.0875,28.808333333333334,4,1,Atlantic
2021020758,Carolina Hurricanes,65,26.69074074074074,27.46851851851852,2,0,Metropolitan
2021020758,Ottawa Senators,70,37.01698113207547,28.154716981132076,2,1,Atlantic
2021020759,New Jersey Devils,56,32.52105263157895,33.98157894736842,2,0,Metropolitan
2021020759,Tampa Bay Lightning,53,37.853191489361706,22.842553191489362,3,1,Atlantic
2021020760,Florida Panthers,54,35.4,26.405,4,1,Atlantic
2021020760,Vegas Golden Knights,50,39.6027027027027,24.397297297297296,1,0,Pacific
2021020761,Los Angeles Kings,50,30.330952380952382,22.86904761904762,3,0,Pacific
2021020761,New York Islanders,46,29.912903225806453,25.87741935483871,2,1,Metropolitan
2021020762,Pittsburgh Penguins,55,35.839999999999996,25.58,1,1,Metropolitan
2021020762,Seattle Kraken,56,37.28333333333333,27.8,2,0,Pacific
2021020763,Columbus Blue Jackets,41,39.95,22.557142857142857,5,1,Metropolitan
2021020763,New York Rangers,56,39.30212765957447,20.72340425531915,3,0,Metropolitan
2021020764,Calgary Flames,64,30.445098039215686,32.437254901960785,1,0,Pacific
2021020764,St. Louis Blues,44,39.31621621621621,29.089189189189188,5,1,Central
2021020765,Vancouver Canucks,57,38.686956521739134,25.02391304347826,5,0,Pacific
2021020765,Winnipeg Jets,66,38.67058823529412,28.89607843137255,1,1,Central
2021020766,Edmonton Oilers,90,31.95074626865672,31.61492537313433,2,1,Pacific
2021020766,Nashville Predators,55,27.223076923076924,39.14102564102564,2,0,Central
2021020767,Minnesota Wild,63,34.62978723404255,31.71276595744681,3,0,Central
2021020767,New York Rangers,42,34.21176470588235,31.508823529411764,2,1,Metropolitan
2021020768,Detroit Red Wings,61,31.622727272727275,29.202272727272728,2,0,Atlantic
2021020768,Pittsburgh Penguins,62,36.73461538461538,26.778846153846153,2,1,Metropolitan
2021020769,Chicago Blackhawks,65,38.71320754716981,30.135849056603774,4,1,Central
2021020769,Colorado Avalanche,60,44.61052631578947,24.83684210526316,6,0,Central
2021020770,Dallas Stars,63,34.42045454545455,30.875,0,1,Central
2021020770,Washington Capitals,55,36.65581395348837,32.36976744186047,5,0,Metropolitan
2021020771,Arizona Coyotes,56,39.31063829787234,32.751063829787235,1,1,Central
2021020771,Boston Bruins,55,37.50666666666667,31.35333333333333,2,0,Atlantic
2021020772,Edmonton Oilers,42,28.662857142857142,36.465714285714284,7,0,Pacific
2021020772,Montréal Canadiens,43,38.95,32.1375,2,1,Atlantic
2021020773,Anaheim Ducks,38,31.470967741935482,36.70967741935484,2,0,Pacific
2021020773,Ottawa Senators,74,33.02881355932203,33.68135593220339,1,1,Atlantic
2021020774,Detroit Red Wings,54,32.13023255813953,36.06976744186046,4,1,Atlantic
2021020774,Toronto Maple Leafs,64,32.206,32.908,7,0,Atlantic
2021020775,Tampa Bay Lightning,66,25.46153846153846,29.236538461538462,2,1,Atlantic
2021020775,Vegas Golden Knights,52,26.778048780487804,27.409756097560976,2,0,Pacific
2021020776,Florida Panthers,91,25.94,29.876923076923077,5,1,Atlantic
2021020776,San Jose Sharks,44,33.5175,32.46,4,0,Pacific
2021020777,New York Islanders,54,41.78787878787879,22.73939393939394,0,1,Metropolitan
2021020777,Seattle Kraken,58,35.05609756097561,28.958536585365852,3,0,Pacific
2021020778,Los Angeles Kings,72,36.05769230769231,33.61730769230769,3,0,Pacific
2021020778,Philadelphia Flyers,48,30.383720930232556,32.20232558139535,4,1,Metropolitan
2021020779,Carolina Hurricanes,53,30.6974358974359,32.91538461538462,2,1,Metropolitan
2021020779,New Jersey Devils,55,34.03846153846154,29.433333333333334,1,0,Metropolitan
2021020780,St. Louis Blues,55,34.17272727272727,32.97727272727273,1,1,Central
2021020780,Winnipeg Jets,48,39.42820512820513,23.79230769230769,4,0,Central
2021020781,Calgary Flames,74,39.07962962962963,24.73148148148148,1,1,Pacific
2021020781,Vancouver Canucks,31,38.74583333333333,24.96666666666667,0,0,Pacific
2021020782,Arizona Coyotes,56,33.04883720930233,31.539534883720933,1,1,Central
2021020782,Buffalo Sabres,52,31.854761904761904,24.854761904761904,3,0,Atlantic
2021020783,Columbus Blue Jackets,71,37.18490566037736,25.943396226415093,6,0,Metropolitan
2021020783,Montréal Canadiens,53,41.42391304347826,31.719565217391303,3,1,Atlantic
2021020784,Minnesota Wild,40,24.53333333333333,34.455555555555556,4,0,Central
2021020784,New York Islanders,63,29.944642857142856,30.242857142857144,3,1,Metropolitan
2021020785,New York Rangers,48,35.50555555555555,36.36111111111111,3,1,Metropolitan
2021020785,Seattle Kraken,78,39.7125,35.6875,2,0,Pacific
2021020786,Los Angeles Kings,59,37.53260869565217,31.12391304347826,4,0,Pacific
2021020786,Pittsburgh Penguins,52,33.29,34.08,3,1,Metropolitan
2021020787,Carolina Hurricanes,72,35.757446808510636,31.682978723404254,2,1,Metropolitan
2021020787,San Jose Sharks,52,40.22222222222222,31.175,1,0,Pacific
2021020788,Chicago Blackhawks,36,33.5,21.108695652173914,1,0,Central
2021020788,St. Louis Blues,65,33.375,26.288636363636364,5,1,Central
2021020789,Boston Bruins,50,39.27058823529412,29.63235294117647,1,0,Atlantic
2021020789,Dallas Stars,61,35.38913043478261,35.74130434782609,6,1,Central
2021020790,Buffalo Sabres,59,29.55,32.3925,1,0,Atlantic
2021020790,Colorado Avalanche,55,38.361363636363635,21.043181818181818,4,1,Central
2021020791,Edmonton Oilers,63,32.17916666666667,29.508333333333333,2,0,Pacific
2021020791,Ottawa Senators,60,31.727659574468085,36.13191489361702,3,1,Atlantic
2021020792,Anaheim Ducks,43,32.88148148148148,38.70740740740741,1,0,Pacific
2021020792,Detroit Red Wings,54,30.77179487179487,29.538461538461537,2,1,Atlantic
2021020793,Columbus Blue Jackets,57,32.06046511627907,28.425581395348836,4,1,Metropolitan
2021020793,Florida Panthers,72,33.029411764705884,24.652941176470588,8,0,Atlantic
2021020794,Chicago Blackhawks,38,38.44444444444444,27.496296296296297,1,1,Central
2021020794,Vancouver Canucks,70,44.7725,27.6025,3,0,Pacific
2021020795,Boston Bruins,43,36.71764705882353,28.358823529411765,3,1,Atlantic
2021020795,Seattle Kraken,58,35.81136363636364,22.977272727272727,2,0,Pacific
2021020796,Montréal Canadiens,64,37.05813953488372,32.990697674418605,3,1,Atlantic
2021020796,St. Louis Blues,47,40.4054054054054,26.17027027027027,2,0,Central
2021020797,San Jose Sharks,41,32.196774193548386,25.470967741935485,2,0,Pacific
2021020797,Tampa Bay Lightning,60,31.43673469387755,25.56122448979592,3,1,Atlantic
2021020798,New Jersey Devils,53,29.45121951219512,33.9780487804878,1,1,Metropolitan
2021020798,Toronto Maple Leafs,52,32.197826086956525,26.317391304347826,7,0,Atlantic
2021020799,New York Islanders,50,33.11,29.8875,4,1,Metropolitan
2021020799,Ottawa Senators,49,41.97837837837838,26.37027027027027,1,0,Atlantic
2021020800,Florida Panthers,64,35.688,25.098,2,0,Atlantic
2021020800,New York Rangers,61,35.608888888888885,33.12444444444444,5,1,Metropolitan
2021020801,Philadelphia Flyers,57,33.204166666666666,27.177083333333332,3,1,Metropolitan
2021020801,Winnipeg Jets,57,42.24,31.33,1,0,Central
2021020802,Pittsburgh Penguins,79,38.70161290322581,28.727419354838712,3,1,Metropolitan
2021020802,Washington Capitals,52,32.37,30.9275,4,0,Metropolitan
2021020803,Nashville Predators,54,33.4547619047619,24.504761904761907,4,1,Central
2021020803,Vancouver Canucks,61,35.541304347826085,33.46739130434783,2,0,Pacific
2021020804,Calgary Flames,72,42.14561403508772,32.205263157894734,4,0,Pacific
2021020804,Dallas Stars,50,33.5974358974359,24.42820512820513,3,1,Central
2021020805,Arizona Coyotes,45,35.141666666666666,33.24166666666667,2,0,Central
2021020805,Colorado Avalanche,72,38.723636363636366,32.10727272727273,2,1,Central
2021020806,Buffalo Sabres,64,36.92790697674419,29.967441860465115,2,0,Atlantic
2021020806,Vegas Golden Knights,65,32.641176470588235,27.386274509803922,5,1,Pacific
2021020807,Detroit Red Wings,43,30.873529411764707,37.36764705882353,3,1,Atlantic
2021020807,Los Angeles Kings,63,36.04545454545455,38.38727272727273,5,0,Pacific
2021020808,Edmonton Oilers,58,38.54222222222222,37.96888888888889,5,0,Pacific
2021020808,Washington Capitals,57,34.444186046511625,33.234883720930235,3,1,Metropolitan
2021020809,Chicago Blackhawks,64,30.861538461538462,31.361538461538462,0,1,Central
2021020809,Minnesota Wild,54,32.5375,31.915,5,0,Central
2021020810,Arizona Coyotes,57,34.66829268292683,30.651219512195123,2,1,Central
2021020810,Calgary Flames,90,36.97121212121212,32.153030303030306,4,0,Pacific
2021020811,Detroit Red Wings,41,26.715625,35.44375,4,1,Atlantic
2021020811,Philadelphia Flyers,62,28.42037037037037,38.39074074074074,2,0,Metropolitan
2021020812,Edmonton Oilers,60,32.05416666666667,30.764583333333334,3,0,Pacific
2021020812,Tampa Bay Lightning,41,26.940625,30.8375,5,1,Atlantic
2021020813,Dallas Stars,67,36.56785714285714,27.008928571428573,3,1,Central
2021020813,Winnipeg Jets,38,32.19642857142857,26.575,2,0,Central
2021020814,Arizona Coyotes,41,45.292857142857144,36.16428571428571,2,1,Central
2021020814,Los Angeles Kings,67,38.80408163265306,36.46530612244898,3,0,Pacific
2021020815,Minnesota Wild,57,36.88292682926829,34.31219512195122,1,0,Central
2021020815,Toronto Maple Leafs,50,46.33243243243243,33.79189189189189,3,1,Atlantic
2021020816,Columbus Blue Jackets,42,41.82222222222222,29.77777777777778,6,0,Metropolitan
2021020816,Florida Panthers,71,31.827450980392157,26.84313725490196,3,1,Atlantic
2021020817,New Jersey Devils,49,32.43589743589744,29.594871794871796,2,1,Metropolitan
2021020817,Pittsburgh Penguins,71,35.8235294117647,29.458823529411763,4,0,Metropolitan
2021020818,New York Rangers,38,33.457142857142856,33.84642857142857,4,1,Metropolitan
2021020818,Washington Capitals,54,41.059090909090905,25.8,1,0,Metropolitan
2021020819,Dallas Stars,64,34.44423076923077,26.05769230769231,1,0,Central
2021020819,Nashville Predators,48,30.478125,29.9375,1,1,Central
2021020820,Calgary Flames,68,32.13488372093023,27.169767441860465,1,0,Pacific
2021020820,Vancouver Canucks,63,32.74782608695652,30.108695652173914,7,1,Pacific
2021020821,New York Islanders,83,37.5,28.368253968253967,3,0,Metropolitan
2021020821,San Jose Sharks,48,44.371794871794876,26.135897435897437,3,1,Pacific
2021020822,Boston Bruins,68,39.46071428571428,36.57142857142857,3,0,Atlantic
2021020822,Seattle Kraken,47,40.305263157894736,23.071052631578947,2,1,Pacific
2021020823,Carolina Hurricanes,74,32.0140625,37.159375,4,1,Metropolitan
2021020823,Columbus Blue Jackets,35,33.92857142857143,34.57857142857143,0,0,Metropolitan
2021020824,Chicago Blackhawks,59,27.331818181818182,34.69772727272727,8,1,Central
2021020824,New Jersey Devils,63,33.684444444444445,38.94222222222222,5,0,Metropolitan
2021020825,Buffalo Sabres,61,35.05,31.49791666666667,3,0,Atlantic
2021020825,St. Louis Blues,42,32.875757575757575,24.433333333333334,5,1,Central
2021020826,Colorado Avalanche,77,33.730909090909094,30.078181818181818,6,1,Central
2021020826,Winnipeg Jets,44,40.5,26.774285714285714,3,0,Central
2021020827,Arizona Coyotes,57,35.636585365853655,28.626829268292685,3,1,Central
2021020827,Vegas Golden Knights,81,39.355384615384615,27.56,1,0,Pacific
2021020828,Anaheim Ducks,53,35.22380952380952,35.86666666666667,1,1,Pacific
2021020828,Los Angeles Kings,58,41.84,28.16888888888889,4,0,Pacific
2021020829,Detroit Red Wings,37,34.13333333333333,31.107407407407408,0,0,Atlantic
2021020829,Toronto Maple Leafs,67,35.57090909090909,26.823636363636364,3,1,Atlantic
2021020830,Montréal Canadiens,53,28.048780487804876,32.74390243902439,2,0,Atlantic
2021020830,Ottawa Senators,53,32.4175,29.1325,1,1,Atlantic
2021020831,Edmonton Oilers,38,31.037037037037038,31.37037037037037,4,0,Pacific
2021020831,Florida Panthers,75,30.981666666666666,31.418333333333333,3,1,Atlantic
2021020832,Philadelphia Flyers,55,48.172222222222224,28.744444444444444,2,1,Metropolitan
2021020832,Washington Capitals,62,40.232608695652175,32.856521739130436,1,0,Metropolitan
2021020833,New York Rangers,53,30.711764705882352,28.479411764705883,0,0,Metropolitan
2021020833,Pittsburgh Penguins,51,32.31142857142857,25.95714285714286,1,1,Metropolitan
2021020834,Nashville Predators,63,37.166666666666664,26.153333333333332,2,1,Central
2021020834,Tampa Bay Lightning,54,33.54651162790697,28.369767441860464,3,0,Atlantic
2021020835,Calgary Flames,69,35.88333333333333,25.844444444444445,7,1,Pacific
2021020835,Minnesota Wild,40,38.16388888888889,28.6,3,0,Central
2021020836,Colorado Avalanche,38,29.865384615384617,35.19615384615385,3,0,Central
2021020836,Vegas Golden Knights,66,42.115686274509805,31.313725490196077,2,1,Pacific
2021020837,Los Angeles Kings,76,36.09433962264151,28.852830188679246,5,1,Pacific
2021020837,New York Islanders,48,34.46923076923077,32,2,0,Metropolitan
2021020838,Boston Bruins,61,39.5695652173913,28.882608695652173,3,0,Atlantic
2021020838,San Jose Sharks,42,38.364,29.02,1,1,Pacific
2021020839,New York Rangers,64,31.278846153846153,39.39038461538461,2,1,Metropolitan
2021020839,Vancouver Canucks,57,37.276595744680854,27.397872340425533,5,0,Pacific
2021020840,Carolina Hurricanes,52,32.9547619047619,38.09047619047619,2,1,Metropolitan
2021020840,Edmonton Oilers,56,32.03111111111111,34.79333333333334,1,0,Pacific
2021020841,Columbus Blue Jackets,49,38.10454545454545,34.195454545454545,2,1,Metropolitan
2021020841,Pittsburgh Penguins,71,38.293103448275865,34.713793103448275,3,0,Metropolitan
2021020842,Chicago Blackhawks,51,37.665789473684214,36.160526315789475,0,1,Central
2021020842,St. Louis Blues,54,30.62727272727273,37.92045454545455,4,0,Central
2021020843,Buffalo Sabres,73,38.59818181818182,38.46727272727273,2,0,Atlantic
2021020843,Dallas Stars,45,28.6275,30.0925,4,1,Central
2021020844,Arizona Coyotes,67,29.528,34.054,3,1,Central
2021020844,Winnipeg Jets,68,31.664150943396226,26.411320754716982,5,0,Central
2021020845,Anaheim Ducks,63,38.681395348837206,27.55348837209302,0,1,Pacific
2021020845,New York Islanders,44,35.02105263157895,27.53157894736842,4,0,Metropolitan
2021020846,San Jose Sharks,40,39.34411764705882,24.541176470588237,3,1,Pacific
2021020846,Seattle Kraken,73,38.63846153846154,21.45769230769231,1,0,Pacific
2021020847,New Jersey Devils,58,33.39387755102041,24.857142857142858,7,1,Metropolitan
2021020847,Vancouver Canucks,61,38.20377358490566,24.741509433962264,2,0,Pacific
2021020848,Philadelphia Flyers,57,40.295121951219514,29.990243902439023,1,1,Metropolitan
2021020848,St. Louis Blues,59,34.22093023255814,23.41860465116279,4,0,Central
2021020849,Toronto Maple Leafs,62,34.11086956521739,32.665217391304346,5,0,Atlantic
2021020849,Washington Capitals,58,31.46,38.13111111111111,3,1,Metropolitan
2021020850,Boston Bruins,59,33.04565217391304,39.45434782608696,7,0,Atlantic
2021020850,Los Angeles Kings,56,33.10909090909091,34.81590909090909,0,1,Pacific
2021020851,Carolina Hurricanes,49,27.68421052631579,33.72894736842105,3,0,Metropolitan
2021020851,Detroit Red Wings,60,20.538297872340426,38.57021276595745,4,1,Atlantic
2021020852,Ottawa Senators,38,31.496969696969696,30.75151515151515,2,0,Atlantic
2021020852,Tampa Bay Lightning,44,36.5969696969697,25.06969696969697,5,1,Atlantic
2021020853,Edmonton Oilers,55,34.18780487804878,28.70731707317073,3,0,Pacific
2021020853,Philadelphia Flyers,69,44.85925925925926,26.803703703703704,0,1,Metropolitan
2021020854,Columbus Blue Jackets,51,37.44222222222222,30.06222222222222,4,1,Metropolitan
2021020854,New Jersey Devils,67,32.6,28.82093023255814,3,0,Metropolitan
2021020855,Calgary Flames,48,49.729729729729726,26.872972972972974,5,0,Pacific
2021020855,Minnesota Wild,61,36.6,28.0531914893617,1,1,Central
2021020856,Montréal Canadiens,60,34.12888888888889,26.46,4,0,Atlantic
2021020856,Winnipeg Jets,46,27.267567567567568,30.951351351351352,8,1,Central
2021020857,Colorado Avalanche,84,38.29333333333334,25.526666666666667,5,1,Central
2021020857,New York Islanders,57,36.05555555555556,30.68888888888889,3,0,Metropolitan
2021020858,San Jose Sharks,38,40.69565217391305,31.434782608695652,1,0,Pacific
2021020858,Vegas Golden Knights,54,36.53611111111111,24.66388888888889,3,1,Pacific
2021020859,Anaheim Ducks,53,33.02051282051282,28.08205128205128,4,1,Pacific
2021020859,Boston Bruins,62,43.3,31.99782608695652,3,0,Atlantic
2021020860,Buffalo Sabres,46,37.77567567567568,30.767567567567568,5,0,Atlantic
2021020860,Toronto Maple Leafs,63,43.276595744680854,32.3,1,1,Atlantic
2021020861,New York Rangers,53,32.753191489361704,36.219148936170214,5,1,Metropolitan
2021020861,St. Louis Blues,64,37.665853658536584,24.917073170731708,3,0,Central
2021020862,Dallas Stars,69,32.53859649122807,31.203508771929826,4,1,Central
2021020862,Los Angeles Kings,58,35.04736842105263,31.489473684210527,3,0,Pacific
2021020863,Nashville Predators,52,33.8775,35.0825,3,0,Central
2021020863,Seattle Kraken,59,37.46818181818182,28.63409090909091,4,1,Pacific
2021020864,Pittsburgh Penguins,75,35.19661016949153,26.440677966101696,5,0,Metropolitan
2021020864,Tampa Bay Lightning,45,33.096969696969694,24.51212121212121,1,1,Atlantic
2021020865,Florida Panthers,90,30.027272727272727,29.60151515151515,3,1,Atlantic
2021020865,Ottawa Senators,38,37.57142857142857,26.228571428571428,0,0,Atlantic
2021020866,New York Islanders,59,43.589473684210525,23.455263157894738,3,1,Metropolitan
2021020866,Vancouver Canucks,65,38.68775510204082,24.620408163265306,4,0,Pacific
2021020867,Minnesota Wild,64,39.93404255319149,28.26808510638298,5,0,Central
2021020867,Philadelphia Flyers,55,35.25833333333333,33.86666666666667,4,1,Metropolitan
2021020868,Carolina Hurricanes,56,40.820454545454545,32.222727272727276,0,0,Metropolitan
2021020868,Washington Capitals,50,35.05365853658537,31.55853658536585,4,1,Metropolitan
2021020869,Chicago Blackhawks,58,35.069047619047616,32.53333333333333,4,1,Central
2021020869,Edmonton Oilers,64,29.155813953488373,39.693023255813955,3,0,Pacific
2021020870,Calgary Flames,64,25.68979591836735,34.546938775510206,4,1,Pacific
2021020870,Montréal Canadiens,59,30.276,36.128,5,0,Atlantic
2021020871,Arizona Coyotes,46,36.01470588235294,27.58823529411765,2,1,Central
2021020871,Colorado Avalanche,69,34.53269230769231,28.373076923076923,1,0,Central
2021020872,Boston Bruins,62,42.61363636363637,33.49318181818182,5,0,Atlantic
2021020872,Vegas Golden Knights,65,37.044444444444444,38.19555555555556,2,1,Pacific
2021020873,Buffalo Sabres,57,38.19583333333333,29.03125,5,1,Atlantic
2021020873,Minnesota Wild,59,43.73095238095238,29.3,4,0,Central
2021020874,Detroit Red Wings,42,36.1125,23.740625,1,0,Atlantic
2021020874,Tampa Bay Lightning,68,35.258620689655174,26.805172413793105,3,1,Atlantic
2021020875,New Jersey Devils,62,29.286363636363635,26.663636363636364,1,0,Metropolitan
2021020875,New York Rangers,57,32.98478260869565,31.741304347826087,3,1,Metropolitan
2021020876,Carolina Hurricanes,76,36.34426229508197,32.339344262295086,3,1,Metropolitan
2021020876,Pittsburgh Penguins,40,31.664516129032258,29.86774193548387,2,0,Metropolitan
2021020877,Columbus Blue Jackets,49,38.97714285714286,30.217142857142857,3,1,Metropolitan
2021020877,Los Angeles Kings,64,42.96111111111111,26.887037037037036,4,0,Pacific
2021020878,Dallas Stars,52,34.169767441860465,19.30697674418605,4,0,Central
2021020878,Winnipeg Jets,71,32.11,28.981666666666666,3,1,Central
2021020879,Anaheim Ducks,53,39.63513513513514,27.272972972972973,4,1,Pacific
2021020879,Vegas Golden Knights,58,40.52291666666667,26.45,5,0,Pacific
2021020880,Toronto Maple Leafs,79,30.5968253968254,34.40952380952381,4,1,Atlantic
2021020880,Vancouver Canucks,54,32.605,25.56,6,0,Pacific
2021020881,Detroit Red Wings,40,30.833333333333332,33.053333333333335,2,0,Atlantic
2021020881,Florida Panthers,68,31.61320754716981,33.00188679245283,6,1,Atlantic
2021020882,New York Islanders,46,19.607142857142858,41.489285714285714,2,1,Metropolitan
2021020882,St. Louis Blues,60,33.63333333333333,32.53611111111111,1,0,Central
2021020883,Chicago Blackhawks,51,34.20540540540541,32.4,3,0,Central
2021020883,Philadelphia Flyers,49,33.09428571428572,32.52,4,1,Metropolitan
2021020884,Seattle Kraken,64,37.21904761904762,24.114285714285714,2,0,Pacific
2021020884,Washington Capitals,42,40.71,26.236666666666668,5,1,Metropolitan
2021020885,Boston Bruins,62,35.664,33.758,4,0,Atlantic
2021020885,Columbus Blue Jackets,60,35.918181818181814,30.395454545454545,4,1,Metropolitan
2021020886,Calgary Flames,69,43.345283018867924,30.766037735849057,4,0,Pacific
2021020886,Colorado Avalanche,64,36.763636363636365,27.152272727272727,3,1,Central
2021020887,Edmonton Oilers,51,38.82142857142857,31.13809523809524,2,1,Pacific
2021020887,Montréal Canadiens,44,36.18421052631579,26.563157894736843,5,0,Atlantic
2021020888,Arizona Coyotes,55,37.18780487804878,24.773170731707317,8,1,Central
2021020888,Ottawa Senators,77,36.81666666666666,36.13,5,0,Atlantic
2021020889,Nashville Predators,56,36.796,23.99,8,0,Central
2021020889,San Jose Sharks,48,33.943333333333335,27.476666666666667,0,1,Pacific
2021020890,Buffalo Sabres,39,39.833333333333336,32.596969696969694,0,1,Atlantic
2021020890,Los Angeles Kings,51,38.01627906976744,38.06744186046512,3,0,Pacific
2021020891,New Jersey Devils,66,34.70392156862745,22.950980392156865,3,1,Metropolitan
2021020891,St. Louis Blues,43,39.91428571428571,25.542857142857144,2,0,Central
2021020892,Carolina Hurricanes,59,34.25869565217391,33.563043478260866,3,1,Metropolitan
2021020892,Seattle Kraken,51,40.57560975609756,35.46341463414634,2,0,Pacific
2021020893,Chicago Blackhawks,50,28.68235294117647,32.97941176470588,3,1,Central
2021020893,Tampa Bay Lightning,53,34.32857142857143,28.614285714285714,6,0,Atlantic
2021020894,Dallas Stars,49,51.25365853658536,22.924390243902437,6,0,Central
2021020894,Minnesota Wild,70,31.10377358490566,34.41509433962264,3,1,Central
2021020895,New York Rangers,40,37.31612903225806,32.651612903225804,4,0,Metropolitan
2021020895,Winnipeg Jets,68,35.54827586206896,22.80862068965517,1,1,Central
2021020896,Ottawa Senators,65,38.704,23.914,1,0,Atlantic
2021020896,Vegas Golden Knights,70,43.55294117647059,30.7,2,1,Pacific
2021020897,Anaheim Ducks,82,30.303703703703704,33.946296296296296,3,1,Pacific
2021020897,San Jose Sharks,36,33.53793103448276,34.93448275862069,2,0,Pacific
2021020898,Boston Bruins,63,36.22272727272727,31.588636363636365,2,1,Atlantic
2021020898,Los Angeles Kings,54,37,28.14761904761905,3,0,Pacific
2021020899,Buffalo Sabres,55,35.509302325581395,30.772093023255813,1,1,Atlantic
2021020899,Florida Panthers,42,28.72,32.98285714285714,6,0,Atlantic
2021020900,Colorado Avalanche,71,37.667741935483875,23.26451612903226,5,0,Central
2021020900,New York Islanders,68,42.689130434782605,25.026086956521738,4,1,Metropolitan
2021020901,Columbus Blue Jackets,62,32.56808510638298,33.37872340425532,4,1,Metropolitan
2021020901,Toronto Maple Leafs,65,27.324489795918367,40.44081632653061,5,0,Atlantic
2021020902,Seattle Kraken,47,41.08888888888889,27.525,4,0,Pacific
2021020902,Toronto Maple Leafs,61,35.662,30.802,6,1,Atlantic
2021020903,Arizona Coyotes,44,25.11764705882353,40.30882352941177,9,0,Central
2021020903,Detroit Red Wings,46,27.594594594594593,39.4054054054054,2,1,Atlantic
2021020904,Colorado Avalanche,53,36.82051282051282,23.587179487179487,3,0,Central
2021020904,New Jersey Devils,67,35.05689655172414,26.794827586206896,5,1,Metropolitan
2021020905,Philadelphia Flyers,48,41.36896551724138,25.451724137931034,2,1,Metropolitan
2021020905,Vegas Golden Knights,88,30.884615384615383,33.309230769230766,1,0,Pacific
2021020906,Florida Panthers,50,34.60857142857143,18.785714285714285,4,0,Atlantic
2021020906,Pittsburgh Penguins,59,37.23125,31.93125,3,1,Metropolitan
2021020907,Anaheim Ducks,58,37.11282051282051,33.84871794871795,3,0,Pacific
2021020907,Chicago Blackhawks,52,29.4675,31.7875,8,1,Central
2021020908,Ottawa Senators,61,30.579545454545453,30.80681818181818,4,0,Atlantic
2021020908,St. Louis Blues,47,25.95,39.8235294117647,1,1,Central
2021020909,Dallas Stars,42,32.31212121212121,31.054545454545455,1,0,Central
2021020909,Nashville Predators,65,39.58163265306123,24.455102040816328,2,1,Central
2021020910,Minnesota Wild,51,28.599999999999998,33.4025,5,1,Central
2021020910,New York Rangers,47,32.43783783783784,35.84864864864865,2,0,Metropolitan
2021020911,Tampa Bay Lightning,44,32.609375,23.6125,4,0,Atlantic
2021020911,Winnipeg Jets,64,34.090196078431376,24.66862745098039,7,1,Central
2021020912,Calgary Flames,56,38.66458333333333,29.1625,4,1,Pacific
2021020912,Washington Capitals,51,39.72727272727273,26.25,5,0,Metropolitan
2021020913,Edmonton Oilers,72,25.379245283018868,27.420754716981133,4,1,Pacific
2021020913,Washington Capitals,57,37.02857142857143,27.569387755102042,3,0,Metropolitan
2021020914,Montréal Canadiens,46,35.178378378378376,34.454054054054055,3,0,Atlantic
2021020914,Vancouver Canucks,69,31.166666666666668,30.92037037037037,5,1,Pacific
2021020915,Boston Bruins,60,39.97083333333333,22.6875,4,1,Atlantic
2021020915,Chicago Blackhawks,42,40.564516129032256,31.129032258064516,3,0,Central
2021020916,Buffalo Sabres,49,38.88857142857143,29.608571428571427,3,1,Atlantic
2021020916,Vegas Golden Knights,55,36.43333333333334,27.864285714285714,1,0,Pacific
2021020917,Arizona Coyotes,38,30.762962962962963,30.851851851851855,5,0,Central
2021020917,Toronto Maple Leafs,82,32.35087719298246,32.680701754385964,4,1,Atlantic
2021020918,Ottawa Senators,47,34.64054054054054,31.140540540540542,4,1,Atlantic
2021020918,Seattle Kraken,59,33.260975609756095,34.78292682926829,3,0,Pacific
2021020919,Detroit Red Wings,62,37.06923076923077,32.10192307692308,5,1,Atlantic
2021020919,Minnesota Wild,60,32.423529411764704,35.884313725490195,5,0,Central
2021020920,Florida Panthers,72,29.63,30.124,6,1,Atlantic
2021020920,Philadelphia Flyers,66,32.03181818181818,32.263636363636365,3,0,Metropolitan
2021020921,New Jersey Devils,66,30.143396226415096,28.364150943396226,1,1,Metropolitan
2021020921,Winnipeg Jets,49,35.385,28.25,2,0,Central
2021020922,New York Islanders,65,43.02916666666667,21.658333333333335,4,1,Metropolitan
2021020922,Pittsburgh Penguins,71,27.373684210526317,27.014035087719297,4,0,Metropolitan
2021020923,Carolina Hurricanes,60,32.851020408163265,32.608163265306125,2,1,Metropolitan
2021020923,Colorado Avalanche,61,41.236170212765956,33.59148936170213,0,0,Central
2021020924,New York Rangers,50,29.3225,29.9975,2,0,Metropolitan
2021020924,St. Louis Blues,57,30.76590909090909,24.227272727272727,6,1,Central
2021020925,Anaheim Ducks,62,37.385714285714286,27.702380952380953,1,0,Pacific
2021020925,Nashville Predators,55,36.18913043478261,31.182608695652174,4,1,Central
2021020926,Calgary Flames,57,29.96590909090909,32.66818181818182,4,1,Pacific
2021020926,Tampa Bay Lightning,57,36.39302325581395,27,1,0,Atlantic
2021020927,Los Angeles Kings,64,33.49574468085106,26.58936170212766,3,1,Pacific
2021020927,San Jose Sharks,62,34.96086956521739,23.695652173913043,4,0,Pacific
2021020928,New York Islanders,66,34.753191489361704,32.49787234042553,5,1,Metropolitan
2021020928,Winnipeg Jets,56,29.404761904761905,25.771428571428572,2,0,Central
2021020929,Pittsburgh Penguins,55,37.40243902439025,25.417073170731708,5,1,Metropolitan
2021020929,Vegas Golden Knights,61,37.372549019607845,29.839215686274507,2,0,Pacific
2021020930,Columbus Blue Jackets,56,47.67179487179487,21,2,1,Metropolitan
2021020930,Minnesota Wild,68,31.466037735849056,26.532075471698114,2,0,Central
2021020931,Vancouver Canucks,60,41.73783783783784,30.454054054054055,3,1,Pacific
2021020931,Washington Capitals,59,32.02391304347826,30.984782608695653,4,0,Metropolitan
2021020932,Arizona Coyotes,51,36.38918918918919,26.294594594594592,2,0,Central
2021020932,Boston Bruins,59,30.012,27.16,3,1,Atlantic
2021020933,Montréal Canadiens,62,29.920408163265307,31.253061224489795,3,1,Atlantic
2021020933,Seattle Kraken,62,36.252941176470586,30.998039215686276,3,0,Pacific
2021020934,Chicago Blackhawks,54,42.810810810810814,24.672972972972975,6,0,Central
2021020934,Ottawa Senators,44,41.41612903225806,29.816129032258065,3,1,Atlantic
2021020935,Anaheim Ducks,59,36.422222222222224,27.84,1,0,Pacific
2021020935,New Jersey Devils,78,36.75322580645161,28.993548387096773,1,1,Metropolitan
2021020936,Carolina Hurricanes,74,33.387719298245614,32.252631578947366,3,1,Metropolitan
2021020936,Philadelphia Flyers,45,39.70285714285714,36.90571428571428,1,0,Metropolitan
2021020937,Nashville Predators,57,31.54468085106383,34.02127659574468,4,1,Central
2021020937,St. Louis Blues,54,33.55,32.06363636363636,7,0,Central
2021020938,Dallas Stars,58,28.386666666666667,30.797777777777778,4,1,Central
2021020938,New York Rangers,46,33.725,32.486111111111114,7,0,Metropolitan
2021020939,Calgary Flames,75,39.02333333333333,26.91,3,1,Pacific
2021020939,Detroit Red Wings,50,46.534285714285716,28.97142857142857,0,0,Atlantic
2021020940,Edmonton Oilers,74,32.83275862068966,33.33965517241379,4,1,Pacific
2021020940,Tampa Bay Lightning,58,39.88039215686275,28.21764705882353,1,0,Atlantic
2021020941,Los Angeles Kings,67,34.44761904761905,31.507142857142856,0,0,Pacific
2021020941,San Jose Sharks,45,33.84571428571429,25.63142857142857,5,1,Pacific
2021020942,Buffalo Sabres,54,54.43829787234043,22.357446808510637,5,1,Atlantic
2021020942,Toronto Maple Leafs,72,37.152727272727276,29.169090909090908,2,0,Atlantic
2021020943,Anaheim Ducks,68,27.412,23.592,3,0,Pacific
2021020943,New York Islanders,48,31.277142857142856,30.51142857142857,4,1,Metropolitan
2021020944,Montréal Canadiens,69,43.13404255319149,23.380851063829788,4,0,Atlantic
2021020944,Philadelphia Flyers,56,30.583333333333332,27.15714285714286,3,1,Metropolitan
2021020945,Carolina Hurricanes,71,43.29259259259259,25.71666666666667,2,0,Metropolitan
2021020945,Pittsburgh Penguins,32,44.42,32.608,4,1,Metropolitan
2021020946,Columbus Blue Jackets,50,29.740909090909092,28.325,6,1,Metropolitan
2021020946,Vegas Golden Knights,55,34.86153846153846,27.435897435897434,4,0,Pacific
2021020947,St. Louis Blues,56,38.96511627906977,23.7,3,1,Central
2021020947,Winnipeg Jets,68,33.24905660377359,26.326415094339623,4,0,Central
2021020948,Minnesota Wild,70,39.239024390243905,31.28780487804878,2,1,Central
2021020948,Nashville Predators,50,37.560526315789474,26.35,6,0,Central
2021020949,Calgary Flames,76,38.64655172413793,30.85344827586207,0,0,Pacific
2021020949,Colorado Avalanche,70,42.136,32.808,3,1,Central
2021020950,Tampa Bay Lightning,49,34.37674418604651,24.73720930232558,2,0,Atlantic
2021020950,Vancouver Canucks,63,33.86222222222222,30.344444444444445,1,1,Pacific
2021020951,Florida Panthers,56,29.733333333333334,27.64,2,0,Atlantic
2021020951,Los Angeles Kings,80,28.35,38.31166666666667,2,1,Pacific
2021020952,Arizona Coyotes,27,28.513636363636365,32.96363636363636,5,0,Central
2021020952,Ottawa Senators,82,31.786153846153844,34.44307692307692,3,1,Atlantic
2021020953,Dallas Stars,61,35.53061224489796,27.918367346938776,0,0,Central
2021020953,Toronto Maple Leafs,70,27.056140350877193,27.203508771929823,4,1,Atlantic
2021020954,Arizona Coyotes,39,32.16818181818182,30.068181818181817,6,0,Central
2021020954,Montréal Canadiens,65,36.11304347826087,35.96739130434783,3,1,Atlantic
2021020955,Anaheim Ducks,42,29.479411764705883,31.63529411764706,3,0,Pacific
2021020955,New York Rangers,59,34.87708333333333,36.93958333333333,4,1,Metropolitan
2021020956,New York Islanders,66,39.84905660377358,28.767924528301887,3,0,Metropolitan
2021020956,Washington Capitals,64,29.85185185185185,27.62962962962963,3,1,Metropolitan
2021020957,Boston Bruins,78,31.4234375,34.9578125,2,0,Atlantic
2021020957,Chicago Blackhawks,42,34.10434782608696,29.256521739130434,1,1,Central
2021020958,Nashville Predators,48,38.29736842105263,27.88421052631579,4,1,Central
2021020958,Pittsburgh Penguins,62,34.74583333333333,27.416666666666668,1,0,Metropolitan
2021020959,Vegas Golden Knights,73,38.80172413793103,28.603448275862068,3,0,Pacific
2021020959,Winnipeg Jets,47,33.903125,29.575,7,1,Central
2021020960,Detroit Red Wings,71,35.83,34.01,5,0,Atlantic
2021020960,Edmonton Oilers,51,28.333333333333332,38.20952380952381,7,1,Pacific
2021020961,New Jersey Devils,60,30.756521739130434,31.578260869565216,3,0,Metropolitan
2021020961,Vancouver Canucks,51,43.47027027027027,22.094594594594597,6,1,Pacific
2021020962,Colorado Avalanche,47,37.45,27.68529411764706,3,0,Central
2021020962,Los Angeles Kings,53,28.714285714285715,31.64857142857143,0,1,Pacific
2021020963,Florida Panthers,78,37.218867924528304,21.033962264150944,3,0,Atlantic
2021020963,San Jose Sharks,50,35.03030303030303,28.975757575757576,2,1,Pacific
2021020964,Columbus Blue Jackets,61,33.17307692307692,32.934615384615384,4,0,Metropolitan
2021020964,Ottawa Senators,51,38.53170731707317,28.51951219512195,1,1,Atlantic
2021020965,Boston Bruins,48,44.63428571428572,23.73428571428571,2,0,Atlantic
2021020965,Minnesota Wild,68,40.45625,28.260416666666668,4,1,Central
2021020966,Calgary Flames,69,33.940384615384616,29.592307692307692,6,1,Pacific
2021020966,New Jersey Devils,47,40.56666666666667,27.830555555555556,3,0,Metropolitan
2021020967,Seattle Kraken,43,38.508823529411764,41.811764705882354,1,1,Pacific
2021020967,Tampa Bay Lightning,72,38.19285714285714,28.501785714285717,4,0,Atlantic
2021020968,Carolina Hurricanes,71,39.73725490196078,29.75294117647059,2,0,Metropolitan
2021020968,Toronto Maple Leafs,45,32.348387096774196,32.770967741935486,3,1,Atlantic
2021020969,Dallas Stars,72,28.989795918367346,34.816326530612244,4,0,Central
2021020969,Montréal Canadiens,63,35.51052631578948,33.84473684210526,3,1,Atlantic
2021020970,Nashville Predators,65,40.504444444444445,34.33777777777778,4,0,Central
2021020970,Philadelphia Flyers,50,31.35,28.38095238095238,5,1,Metropolitan
2021020971,Columbus Blue Jackets,66,38.93584905660377,29.639622641509433,2,1,Metropolitan
2021020971,Washington Capitals,56,36.85909090909091,32.66818181818182,7,0,Metropolitan
2021020972,Pittsburgh Penguins,81,27.726153846153846,28.450769230769232,2,0,Metropolitan
2021020972,St. Louis Blues,48,31.814634146341465,26.62439024390244,2,1,Central
2021020973,Buffalo Sabres,43,35.228125,31.2875,1,0,Atlantic
2021020973,Edmonton Oilers,67,34.34705882352941,21.672549019607843,6,1,Pacific
2021020974,Detroit Red Wings,57,32.37560975609756,30.36829268292683,1,0,Atlantic
2021020974,Vancouver Canucks,71,37.46181818181818,27.858181818181816,0,1,Pacific
2021020975,Florida Panthers,61,33.41777777777778,29.76888888888889,3,0,Atlantic
2021020975,Vegas Golden Knights,63,29.88125,32.3,5,1,Pacific
2021020976,Los Angeles Kings,58,38.783720930232555,31.067441860465117,3,1,Pacific
2021020976,San Jose Sharks,50,33.84736842105263,30.13947368421053,0,0,Pacific
2021020977,Ottawa Senators,74,43.65531914893617,29.97872340425532,3,1,Atlantic
2021020977,Philadelphia Flyers,56,38.86,30.665000000000003,1,0,Metropolitan
2021020978,Carolina Hurricanes,47,33.9325,30.8075,3,1,Metropolitan
2021020978,Washington Capitals,66,35.760714285714286,33.86071428571429,3,0,Metropolitan
2021020979,Boston Bruins,74,33.71016949152543,30.544067796610168,4,0,Atlantic
2021020979,Winnipeg Jets,57,27.35,31.6225,2,1,Central
2021020980,Buffalo Sabres,50,41.08048780487805,28.134146341463413,1,0,Atlantic
2021020980,Calgary Flames,50,36.17857142857143,24.973809523809525,0,1,Pacific
2021020981,Anaheim Ducks,37,39.75,28.815384615384616,0,1,Pacific
2021020981,Florida Panthers,86,34.89545454545455,33.50757575757576,3,0,Atlantic
2021020982,Colorado Avalanche,55,40.467441860465115,29.06046511627907,5,0,Central
2021020982,San Jose Sharks,48,30.859459459459462,21.43783783783784,3,1,Pacific
2021020983,Montréal Canadiens,52,35.391891891891895,34.01081081081081,5,1,Atlantic
2021020983,Ottawa Senators,66,29.6475,35.2625,1,0,Atlantic
2021020984,New York Rangers,43,36.88823529411765,28.352941176470587,2,0,Metropolitan
2021020984,Tampa Bay Lightning,47,37.65405405405405,29.978378378378377,1,1,Atlantic
2021020985,Dallas Stars,64,34.971428571428575,32.573469387755104,2,0,Central
2021020985,New York Islanders,40,36.07142857142857,36.61071428571429,4,1,Metropolitan
2021020986,Columbus Blue Jackets,47,34.277499999999996,29.6825,5,1,Metropolitan
2021020986,St. Louis Blues,56,39.30232558139535,33.2953488372093,4,0,Central
2021020987,Nashville Predators,53,38.35952380952381,35.371428571428574,6,1,Central
2021020987,Toronto Maple Leafs,70,32.613461538461536,35.81153846153846,3,0,Atlantic
2021020988,Chicago Blackhawks,38,41.932,27.108,1,0,Central
2021020988,Minnesota Wild,68,35.6764705882353,29.541176470588237,3,1,Central
2021020989,Edmonton Oilers,67,31.475925925925925,29.175925925925927,6,1,Pacific
2021020989,New Jersey Devils,55,28.70952380952381,24.945238095238096,3,0,Metropolitan
2021020990,Calgary Flames,73,33.87540983606557,24.027868852459015,5,0,Pacific
2021020990,Vancouver Canucks,51,42.175,28.694444444444446,2,1,Pacific
2021020991,Arizona Coyotes,40,34.028125,39.540625,1,1,Central
2021020991,Pittsburgh Penguins,85,34.869565217391305,31.63623188405797,4,0,Metropolitan
2021020992,Los Angeles Kings,77,37.68679245283019,31.849056603773587,1,0,Pacific
2021020992,Vegas Golden Knights,45,40.24705882352941,29.370588235294118,5,1,Pacific
2021020993,Detroit Red Wings,39,44.23225806451613,27,2,0,Atlantic
2021020993,Seattle Kraken,69,31.782142857142855,27.667857142857144,4,1,Pacific
2021020994,New York Islanders,58,36.60263157894737,32.70789473684211,1,0,Metropolitan
2021020994,Philadelphia Flyers,65,38.90833333333333,28.902083333333334,2,1,Metropolitan
2021020995,Dallas Stars,51,32.22972972972973,26.664864864864864,3,0,Central
2021020995,Washington Capitals,67,38.053703703703704,31.653703703703705,2,1,Metropolitan
2021020996,Carolina Hurricanes,94,31.771830985915493,34.5056338028169,0,1,Metropolitan
2021020996,New York Rangers,36,30.110344827586207,31.78965517241379,2,0,Metropolitan
2021020997,Chicago Blackhawks,62,27.377777777777776,33.19111111111111,4,1,Central
2021020997,Winnipeg Jets,61,35.70238095238095,33.36190476190476,6,0,Central
2021020998,Buffalo Sabres,50,33.13333333333333,31.848717948717947,3,0,Atlantic
2021020998,Vancouver Canucks,46,29.246153846153845,35.28974358974359,2,1,Pacific
2021020999,Arizona Coyotes,45,28.86060606060606,24.524242424242424,2,0,Central
2021020999,San Jose Sharks,64,49.48979591836735,20.536734693877552,4,1,Pacific
2021021000,Boston Bruins,65,32.21818181818182,26.383636363636363,5,1,Atlantic
2021021000,Montréal Canadiens,37,39.14242424242424,27.67878787878788,1,0,Atlantic
2021021001,Minnesota Wild,67,39.4875,28.333333333333332,3,1,Central
2021021001,Vegas Golden Knights,50,37.33846153846154,30.287179487179486,0,0,Pacific
2021021002,Colorado Avalanche,66,32.65869565217391,35.676086956521736,3,1,Central
2021021002,Edmonton Oilers,51,38.65588235294118,37.44705882352941,2,0,Pacific
2021021003,Anaheim Ducks,66,37.896,28.369999999999997,3,1,Pacific
2021021003,Nashville Predators,52,33.21818181818182,37.40681818181818,6,0,Central
2021021004,Detroit Red Wings,53,37.992105263157896,35.078947368421055,6,1,Atlantic
2021021004,Philadelphia Flyers,45,38.27777777777778,38.91111111111111,3,0,Metropolitan
2021021005,New Jersey Devils,47,30.489473684210527,29.473684210526315,7,1,Metropolitan
2021021005,New York Rangers,59,36.916666666666664,30.302380952380954,4,0,Metropolitan
2021021006,Boston Bruins,52,31.681081081081082,28.705405405405404,1,0,Atlantic
2021021006,New York Islanders,45,37.044117647058826,25.270588235294117,4,1,Metropolitan
2021021007,Columbus Blue Jackets,48,36.160526315789475,29.41315789473684,1,0,Metropolitan
2021021007,Pittsburgh Penguins,58,33.231818181818184,27.981818181818184,5,1,Metropolitan
2021021008,St. Louis Blues,65,34.642,35.466,5,0,Central
2021021008,Washington Capitals,45,35.71515151515152,34.25454545454546,2,1,Metropolitan
2021021009,Carolina Hurricanes,70,32.772881355932206,28.505084745762712,3,1,Metropolitan
2021021009,Tampa Bay Lightning,52,29.804761904761904,38.88333333333333,2,0,Atlantic
2021021010,Dallas Stars,51,29.98421052631579,34.80263157894737,5,1,Central
2021021010,Edmonton Oilers,66,28.15681818181818,37.83181818181818,3,0,Pacific
2021021011,Vegas Golden Knights,68,31.638181818181817,30.156363636363636,0,0,Pacific
2021021011,Winnipeg Jets,53,33.215,32.35,4,1,Central
2021021012,Calgary Flames,70,35.64313725490196,24.80392156862745,3,1,Pacific
2021021012,San Jose Sharks,58,36.84791666666667,30.316666666666666,4,0,Pacific
2021021013,Los Angeles Kings,63,38.268,34.716,6,1,Pacific
2021021013,Nashville Predators,59,28.84186046511628,35.509302325581395,1,0,Central
2021021014,Buffalo Sabres,59,33.254347826086956,28.843478260869563,3,1,Atlantic
2021021014,Pittsburgh Penguins,50,38.08,33.652499999999996,3,0,Metropolitan
2021021015,New Jersey Devils,51,36.61212121212121,35.4,2,0,Metropolitan
2021021015,Toronto Maple Leafs,51,29.134090909090908,30.611363636363638,3,1,Atlantic
2021021016,Colorado Avalanche,58,30.64651162790698,31.976744186046513,1,1,Central
2021021016,Vancouver Canucks,47,35.84871794871795,27.743589743589745,3,0,Pacific
2021021017,Arizona Coyotes,49,24.952777777777776,43.513888888888886,2,1,Central
2021021017,Seattle Kraken,66,39.094545454545454,31.861818181818183,4,0,Pacific
2021021018,Anaheim Ducks,53,27.1974358974359,37.674358974358974,2,1,Pacific
2021021018,Chicago Blackhawks,49,29.51081081081081,26.17837837837838,4,0,Central
2021021019,Boston Bruins,64,39.37,27.778,3,1,Atlantic
2021021019,Tampa Bay Lightning,45,37.906060606060606,24.03030303030303,2,0,Atlantic
2021021020,Florida Panthers,76,35.582692307692305,33.46730769230769,4,0,Atlantic
2021021020,Montréal Canadiens,53,32.925,33.457499999999996,3,1,Atlantic
2021021021,New York Islanders,52,33.17142857142857,27.422857142857143,3,1,Metropolitan
2021021021,Ottawa Senators,43,29.075862068965517,32.04827586206896,0,0,Atlantic
2021021022,Carolina Hurricanes,84,35.12432432432432,30.944594594594594,3,1,Metropolitan
2021021022,Dallas Stars,32,25.656521739130433,38.082608695652176,3,0,Central
2021021023,Philadelphia Flyers,41,31.67222222222222,30.630555555555556,5,0,Metropolitan
2021021023,St. Louis Blues,53,29.370454545454546,30.74090909090909,2,1,Central
2021021024,Minnesota Wild,54,36.43488372093023,31.004651162790697,3,1,Central
2021021024,Vancouver Canucks,49,44.986486486486484,35.45945945945946,2,0,Pacific
2021021025,Edmonton Oilers,73,33.93035714285715,30.805357142857144,5,1,Pacific
2021021025,San Jose Sharks,53,38.242105263157896,31.857894736842105,2,0,Pacific
2021021026,Nashville Predators,63,35.794,29.51,1,0,Central
2021021026,Vegas Golden Knights,90,34.8375,32.921875,6,1,Pacific
2021021027,Chicago Blackhawks,50,29.279545454545453,31.202272727272724,3,0,Central
2021021027,Los Angeles Kings,86,33.77121212121212,31.99848484848485,3,1,Pacific
2021021028,Buffalo Sabres,52,35.755,28.7775,3,1,Atlantic
2021021028,Washington Capitals,67,38.01034482758621,25.641379310344828,3,0,Metropolitan
2021021029,New York Rangers,61,32.41162790697674,32.94651162790698,5,1,Metropolitan
2021021029,Pittsburgh Penguins,45,32.221875,35.31875,1,0,Metropolitan
2021021030,Columbus Blue Jackets,63,35.830232558139535,28.974418604651163,3,0,Metropolitan
2021021030,Winnipeg Jets,63,32.86739130434783,23.047826086956523,4,1,Central
2021021031,Colorado Avalanche,83,39.112307692307695,31.69846153846154,6,1,Central
2021021031,Philadelphia Flyers,43,37.171875,26.340625,3,0,Metropolitan
2021021032,Arizona Coyotes,34,41.48148148148148,25.77037037037037,2,0,Central
2021021032,Calgary Flames,62,32.91086956521739,30.015217391304347,4,1,Pacific
2021021033,Anaheim Ducks,59,31.982222222222223,33.05777777777778,3,1,Pacific
2021021033,Seattle Kraken,53,36.01904761904762,33.607142857142854,4,0,Pacific
2021021034,Boston Bruins,80,34.407936507936505,30.50952380952381,6,1,Atlantic
2021021034,New York Islanders,38,32.842424242424244,27.496969696969696,3,0,Metropolitan
2021021035,Montréal Canadiens,36,39.492000000000004,26.892,4,1,Atlantic
2021021035,Toronto Maple Leafs,77,28.331147540983608,34.670491803278686,2,0,Atlantic
2021021036,Florida Panthers,83,32.509375,35.0484375,3,0,Atlantic
2021021036,Ottawa Senators,55,30.93095238095238,28.564285714285713,3,1,Atlantic
2021021037,Detroit Red Wings,56,34.4,27.638461538461538,1,1,Atlantic
2021021037,Tampa Bay Lightning,68,33.739583333333336,29.445833333333333,2,0,Atlantic
2021021038,New Jersey Devils,77,39.08305084745763,33.0271186440678,3,0,Metropolitan
2021021038,Washington Capitals,46,37.22894736842105,37.01052631578947,4,1,Metropolitan
2021021039,Carolina Hurricanes,42,35.00857142857143,28.897142857142857,7,0,Metropolitan
2021021039,St. Louis Blues,51,30.461702127659574,35.53404255319149,2,1,Central
2021021040,Dallas Stars,59,36.56122448979592,27.29795918367347,1,1,Central
2021021040,Vancouver Canucks,65,37.94705882352941,31.264705882352942,4,0,Pacific
2021021041,Columbus Blue Jackets,46,43.91388888888889,32.81944444444444,2,0,Metropolitan
2021021041,Minnesota Wild,61,33.283018867924525,32.14339622641509,3,1,Central
2021021042,Calgary Flames,76,29.511475409836066,31.537704918032787,9,1,Pacific
2021021042,Edmonton Oilers,52,31.145454545454545,33.21590909090909,5,0,Pacific
2021021043,Chicago Blackhawks,57,31.295454545454547,30.53636363636364,4,0,Central
2021021043,Vegas Golden Knights,74,35.442,28.612000000000002,5,1,Pacific
2021021044,Los Angeles Kings,58,29.058695652173913,35.89782608695652,4,1,Pacific
2021021044,Seattle Kraken,47,33.65555555555556,30.991666666666667,2,0,Pacific
2021021045,Anaheim Ducks,57,42.894594594594594,21.778378378378378,1,0,Pacific
2021021045,San Jose Sharks,50,41.29473684210526,28.678947368421053,4,1,Pacific
2021021046,Florida Panthers,60,40.081818181818186,31.602272727272727,2,0,Atlantic
2021021046,Toronto Maple Leafs,43,37.465714285714284,32.23714285714286,5,1,Atlantic
2021021047,Montréal Canadiens,63,29.723076923076924,27.425,2,0,Atlantic
2021021047,New Jersey Devils,69,27.49245283018868,24.630188679245283,2,1,Metropolitan
2021021048,New York Islanders,54,29.98974358974359,25.02307692307692,1,1,Metropolitan
2021021048,Tampa Bay Lightning,64,30.1875,32.13333333333333,4,0,Atlantic
2021021049,Buffalo Sabres,36,32.777272727272724,35.22727272727273,4,0,Atlantic
2021021049,New York Rangers,60,28.915686274509802,31.3,5,1,Metropolitan
2021021050,Detroit Red Wings,69,34.22857142857143,26.624489795918368,2,0,Atlantic
2021021050,Pittsburgh Penguins,55,27.61063829787234,31.61063829787234,11,1,Metropolitan
2021021051,Nashville Predators,74,32.957142857142856,27.101785714285715,5,1,Central
2021021051,Philadelphia Flyers,42,37.24545454545454,28.76969696969697,4,0,Metropolitan
2021021052,Colorado Avalanche,66,39.12,24.012,2,0,Central
2021021052,Minnesota Wild,60,36.87777777777778,36.96888888888889,3,1,Central
2021021053,Arizona Coyotes,52,31.74102564102564,35.06666666666666,1,0,Central
2021021053,Winnipeg Jets,73,30.988333333333333,25.745,2,1,Central
2021021054,Carolina Hurricanes,51,35.55609756097561,33.948780487804875,6,0,Metropolitan
2021021054,Washington Capitals,47,30.807692307692307,34.86666666666667,1,1,Metropolitan
2021021055,Buffalo Sabres,68,33.86808510638298,26.251063829787235,6,0,Atlantic
2021021055,Chicago Blackhawks,38,35.96,31.268,5,1,Central
2021021056,St. Louis Blues,50,31.82857142857143,31.30238095238095,4,1,Central
2021021056,Vancouver Canucks,69,28.032692307692308,28.496153846153845,1,0,Pacific
2021021057,Arizona Coyotes,50,37.853658536585364,37.52439024390244,1,0,Central
2021021057,Edmonton Oilers,69,32.51578947368421,35.40526315789474,6,1,Pacific
2021021058,Los Angeles Kings,59,31.544897959183675,30.479591836734695,1,1,Pacific
2021021058,Seattle Kraken,59,34.725531914893615,27.97021276595745,6,0,Pacific
2021021059,Boston Bruins,51,35.84186046511628,34.52558139534884,4,1,Atlantic
2021021059,Toronto Maple Leafs,52,39.96382978723404,26.919148936170213,6,0,Atlantic
2021021060,Carolina Hurricanes,39,33.480000000000004,28.656666666666666,3,0,Metropolitan
2021021060,Tampa Bay Lightning,51,33.16744186046512,24.727906976744187,4,1,Atlantic
2021021061,Florida Panthers,83,29.364516129032257,25.07741935483871,7,1,Atlantic
2021021061,Montréal Canadiens,36,31.889655172413793,25.086206896551722,4,0,Atlantic
2021021062,New York Rangers,58,33.40512820512821,29.27179487179487,3,0,Metropolitan
2021021062,Pittsburgh Penguins,48,31.97714285714286,30.534285714285716,2,1,Metropolitan
2021021063,Columbus Blue Jackets,70,34.3125,27.521428571428572,3,1,Metropolitan
2021021063,New York Islanders,45,35.405,29.57,4,0,Metropolitan
2021021064,Nashville Predators,56,42.05952380952381,33.39047619047619,4,1,Central
2021021064,Ottawa Senators,63,32.242553191489364,36.68723404255319,1,0,Atlantic
2021021065,Minnesota Wild,56,33.78478260869565,37.53478260869565,4,1,Central
2021021065,Philadelphia Flyers,55,32.86341463414634,27.958536585365852,1,0,Metropolitan
2021021066,Calgary Flames,71,41.11639344262295,27.529508196721313,1,1,Pacific
2021021066,Colorado Avalanche,49,37.26486486486486,26.835135135135136,2,0,Central
2021021067,Anaheim Ducks,49,28.346153846153847,34.61025641025641,2,1,Pacific
2021021067,Dallas Stars,66,28.205882352941178,25,3,0,Central
2021021068,Buffalo Sabres,68,31.916071428571428,27.748214285714283,2,1,Atlantic
2021021068,Winnipeg Jets,47,29.354761904761904,29.623809523809523,2,0,Central
2021021069,Detroit Red Wings,43,40.0030303030303,33.36363636363636,4,1,Atlantic
2021021069,New York Rangers,59,26.15909090909091,37.40227272727273,5,0,Metropolitan
2021021070,Edmonton Oilers,67,28.23673469387755,38.13673469387755,3,1,Pacific
2021021070,Los Angeles Kings,67,31.983018867924528,33.8188679245283,3,0,Pacific
2021021071,St. Louis Blues,47,26.606451612903225,26.670967741935485,4,0,Central
2021021071,Vancouver Canucks,57,39.88974358974359,27.91794871794872,3,1,Pacific
2021021072,Arizona Coyotes,41,35.47878787878788,25.342424242424244,5,1,Central
2021021072,San Jose Sharks,74,37.45892857142857,24.064285714285717,2,0,Pacific
2021021073,Seattle Kraken,44,33.71666666666667,32.833333333333336,0,1,Pacific
2021021073,Vegas Golden Knights,60,30.308,26.694000000000003,3,0,Pacific
2021021074,Boston Bruins,64,42.6764705882353,29.23333333333333,8,1,Atlantic
2021021074,New Jersey Devils,43,39.53243243243243,24.332432432432434,1,0,Metropolitan
2021021075,Toronto Maple Leafs,65,31.384,29.088,7,1,Atlantic
2021021075,Winnipeg Jets,42,35.294117647058826,24.605882352941176,3,0,Central
2021021076,Chicago Blackhawks,70,40.96491228070175,32.66315789473684,0,0,Central
2021021076,Florida Panthers,65,32.97358490566038,31.567924528301887,4,1,Atlantic
2021021077,Columbus Blue Jackets,53,39.609302325581396,20.855813953488372,2,0,Metropolitan
2021021077,New York Islanders,59,34.016666666666666,23.13958333333333,5,1,Metropolitan
2021021078,Carolina Hurricanes,77,33.24262295081967,34.673770491803275,4,1,Metropolitan
2021021078,Montréal Canadiens,44,34.707692307692305,35.96410256410257,0,0,Atlantic
2021021079,Minnesota Wild,65,35.84814814814815,27.18888888888889,3,1,Central
2021021079,Pittsburgh Penguins,67,40.92,31.07,4,0,Metropolitan
2021021080,Colorado Avalanche,77,35.269354838709674,23.370967741935484,4,1,Central
2021021080,San Jose Sharks,42,38.63939393939394,34.42727272727273,2,0,Pacific
2021021081,Calgary Flames,65,34.08297872340425,33.768085106382976,2,1,Pacific
2021021081,Los Angeles Kings,60,32.624,35.526,2,0,Pacific
2021021082,Anaheim Ducks,41,33.284375,30.734375,2,1,Pacific
2021021082,Dallas Stars,70,35.860416666666666,33.21458333333333,3,0,Central
2021021083,Buffalo Sabres,51,35.04772727272727,32.788636363636364,4,1,Atlantic
2021021083,Nashville Predators,44,31.14848484848485,35.45151515151515,3,0,Central
2021021084,Detroit Red Wings,46,27.33142857142857,32.98,2,1,Atlantic
2021021084,Ottawa Senators,59,42.527906976744184,39.38139534883721,5,0,Atlantic
2021021085,Chicago Blackhawks,38,40.148387096774194,26.025806451612905,2,0,Central
2021021085,Tampa Bay Lightning,69,33.99285714285714,27.919642857142858,5,1,Atlantic
2021021086,New York Islanders,38,29.569230769230767,30.04230769230769,3,0,Metropolitan
2021021086,New York Rangers,54,34.19230769230769,37.38974358974359,0,1,Metropolitan
2021021087,Edmonton Oilers,65,28.342000000000002,38.504,6,1,Pacific
2021021087,St. Louis Blues,58,28.920454545454543,27.590909090909093,5,0,Central
2021021088,Anaheim Ducks,60,34.93958333333333,35.71458333333334,5,0,Pacific
2021021088,Arizona Coyotes,62,45.235,34.7475,0,1,Central
2021021089,Seattle Kraken,69,33.773809523809526,30.007142857142856,2,1,Pacific
2021021089,Vegas Golden Knights,40,39.77272727272727,25.48181818181818,5,0,Pacific
2021021090,Boston Bruins,66,36.961111111111116,25.783333333333335,5,1,Atlantic
2021021090,Columbus Blue Jackets,52,41.81470588235294,24.07941176470588,2,0,Metropolitan
2021021091,Montréal Canadiens,56,28.625,30.527272727272727,4,0,Atlantic
2021021091,Tampa Bay Lightning,76,35.708196721311474,24.508196721311474,4,1,Atlantic
2021021092,Florida Panthers,70,37.83529411764706,26.643137254901962,7,0,Atlantic
2021021092,New Jersey Devils,46,42.54054054054054,27.894594594594594,6,1,Metropolitan
2021021093,Philadelphia Flyers,55,36.1175,34.6075,3,1,Metropolitan
2021021093,Toronto Maple Leafs,51,34.02368421052631,33.60263157894737,6,0,Atlantic
2021021094,Carolina Hurricanes,70,37.050943396226415,32.85849056603774,1,1,Metropolitan
2021021094,Minnesota Wild,41,38.794117647058826,31.288235294117648,3,0,Central
2021021095,Nashville Predators,72,33.74181818181818,31.92909090909091,1,1,Central
2021021095,Washington Capitals,49,37.1425,32.6375,4,0,Metropolitan
2021021096,Los Angeles Kings,62,39.93829787234043,26.65531914893617,3,0,Pacific
2021021096,Winnipeg Jets,59,30.935897435897438,26.48974358974359,2,1,Central
2021021097,Colorado Avalanche,53,39.01489361702128,29.142553191489363,3,1,Central
2021021097,Pittsburgh Penguins,64,37.366,29.416,2,0,Metropolitan
2021021098,Calgary Flames,71,32.29107142857143,35.68035714285714,4,1,Pacific
2021021098,St. Louis Blues,44,34.18235294117647,23.38235294117647,6,0,Central
2021021099,Dallas Stars,57,36.383720930232556,27.030232558139534,5,0,Central
2021021099,San Jose Sharks,55,34.437209302325584,31.353488372093025,4,1,Pacific
2021021100,Buffalo Sabres,48,35.97,30.735,3,1,Atlantic
2021021100,Florida Panthers,57,35.884313725490195,29.409803921568628,5,0,Atlantic
2021021101,Detroit Red Wings,45,34.40731707317073,37.578048780487805,2,0,Atlantic
2021021101,Ottawa Senators,69,40.329166666666666,29.547916666666666,5,1,Atlantic
2021021102,New Jersey Devils,63,31.32941176470588,29.580392156862747,3,1,Metropolitan
2021021102,New York Islanders,47,41.17297297297297,30.683783783783785,4,0,Metropolitan
2021021103,New York Rangers,89,32.946376811594206,32.437681159420286,3,1,Metropolitan
2021021103,Philadelphia Flyers,40,29.375675675675677,37.832432432432434,3,0,Metropolitan
2021021104,Minnesota Wild,42,35.53666666666667,32.32,5,0,Central
2021021104,Washington Capitals,54,40.92777777777778,26.655555555555555,1,1,Metropolitan
2021021105,Arizona Coyotes,61,30.639130434782608,32.9195652173913,3,0,Central
2021021105,Chicago Blackhawks,64,35.32608695652174,26.267391304347825,2,1,Central
2021021106,Vancouver Canucks,61,35.952380952380956,30.369047619047617,2,1,Pacific
2021021106,Vegas Golden Knights,52,45.5725,32.82,3,0,Pacific
2021021107,Anaheim Ducks,62,33.81333333333333,32.095555555555556,1,1,Pacific
2021021107,Edmonton Oilers,65,33.65238095238095,35.72380952380953,6,0,Pacific
2021021108,Dallas Stars,60,33.36521739130435,31.184782608695652,1,0,Central
2021021108,Seattle Kraken,50,42.20952380952381,28.461904761904762,4,1,Pacific
2021021109,Tampa Bay Lightning,60,32.824,33.194,2,1,Atlantic
2021021109,Toronto Maple Leafs,58,27.389795918367348,28.175510204081633,6,0,Atlantic
2021021110,Boston Bruins,51,33.01136363636364,33.456818181818186,3,0,Atlantic
2021021110,Columbus Blue Jackets,46,32.04705882352941,29.74705882352941,2,1,Metropolitan
2021021111,Arizona Coyotes,40,38.00322580645161,29.912903225806453,1,0,Central
2021021111,St. Louis Blues,56,29.511904761904763,25.197619047619046,5,1,Central
2021021112,Calgary Flames,65,34.14528301886793,37.552830188679245,3,0,Pacific
2021021112,Los Angeles Kings,62,34.04897959183673,34.10408163265306,2,1,Pacific
2021021113,Buffalo Sabres,39,41.340625,23.9875,4,1,Atlantic
2021021113,Carolina Hurricanes,64,31.939999999999998,31.824,2,0,Metropolitan
2021021114,Montréal Canadiens,54,39.964999999999996,25.05,3,1,Atlantic
2021021114,Ottawa Senators,52,35.58780487804878,27.290243902439023,6,0,Atlantic
2021021115,Boston Bruins,70,33.833333333333336,30.461904761904762,3,0,Atlantic
2021021115,Detroit Red Wings,48,37.66410256410256,29.869230769230768,5,1,Atlantic
2021021116,Florida Panthers,85,29.15625,30.175,7,1,Atlantic
2021021116,Toronto Maple Leafs,68,28.95,32.70862068965517,6,0,Atlantic
2021021117,New Jersey Devils,40,38.37058823529412,25.00294117647059,1,1,Metropolitan
2021021117,New York Rangers,39,33.46333333333333,25.156666666666666,3,0,Metropolitan
2021021118,Columbus Blue Jackets,57,41.25116279069768,26.806976744186045,4,0,Metropolitan
2021021118,Philadelphia Flyers,78,36.436206896551724,26.54310344827586,2,1,Metropolitan
2021021119,Colorado Avalanche,52,40.062790697674416,27.390697674418604,6,0,Central
2021021119,Pittsburgh Penguins,68,32.003571428571426,32.24107142857143,4,1,Metropolitan
2021021120,Minnesota Wild,81,30.664406779661018,30.227118644067794,2,0,Central
2021021120,Nashville Predators,56,40.01276595744681,34.785106382978725,6,1,Central
2021021121,Dallas Stars,65,36.15,27.122,3,1,Central
2021021121,New York Islanders,44,36.5258064516129,30.09032258064516,2,0,Metropolitan
2021021122,Edmonton Oilers,50,42.77105263157895,26.28157894736842,2,0,Pacific
2021021122,San Jose Sharks,61,45.079166666666666,23.866666666666667,1,1,Pacific
2021021123,Tampa Bay Lightning,58,38.09444444444445,32.44444444444444,3,0,Atlantic
2021021123,Washington Capitals,62,29.113953488372093,30.548837209302327,4,1,Metropolitan
2021021124,Seattle Kraken,60,31.78125,32.452083333333334,1,0,Pacific
2021021124,St. Louis Blues,52,26.34,36.62222222222222,4,1,Central
2021021125,Detroit Red Wings,63,28.40681818181818,28.479545454545455,3,0,Atlantic
2021021125,Winnipeg Jets,59,33.16122448979592,21.059183673469388,1,1,Central
2021021126,Vancouver Canucks,55,36.605405405405406,31.645945945945947,5,0,Pacific
2021021126,Vegas Golden Knights,55,28.288372093023256,35.88604651162791,1,1,Pacific
2021021127,Anaheim Ducks,51,30.97,29.2675,2,1,Pacific
2021021127,Calgary Flames,61,29.595238095238095,29.302380952380954,4,0,Pacific
2021021128,New Jersey Devils,74,28.02127659574468,31.904255319148938,1,0,Metropolitan
2021021128,Ottawa Senators,50,37.51714285714286,28.231428571428573,4,1,Atlantic
2021021129,New York Rangers,46,38.75,39.68666666666667,3,1,Metropolitan
2021021129,Pittsburgh Penguins,60,33.93255813953488,30.697674418604652,0,0,Metropolitan
2021021130,Buffalo Sabres,39,39.464705882352945,28.905882352941177,3,0,Atlantic
2021021130,Carolina Hurricanes,56,32.34791666666667,30.05625,5,1,Metropolitan
2021021131,Columbus Blue Jackets,44,45.88,29.254285714285714,1,1,Metropolitan
2021021131,Philadelphia Flyers,53,35.08723404255319,30.94468085106383,4,0,Metropolitan
2021021132,Chicago Blackhawks,56,36.714285714285715,28.56904761904762,0,1,Central
2021021132,Seattle Kraken,49,28.06388888888889,36.855555555555554,2,0,Pacific
2021021133,Dallas Stars,43,34.45925925925926,28.296296296296298,3,1,Central
2021021133,Toronto Maple Leafs,64,40.59130434782609,36.40869565217391,4,0,Atlantic
2021021134,Arizona Coyotes,55,34.578947368421055,24.871052631578948,1,1,Central
2021021134,Vancouver Canucks,48,27.935555555555556,31.866666666666667,5,0,Pacific
2021021135,Edmonton Oilers,49,33.63947368421053,38.11578947368421,3,0,Pacific
2021021135,Los Angeles Kings,66,33.89302325581396,39.562790697674416,2,1,Pacific
2021021136,Calgary Flames,81,36.824590163934424,25.365573770491803,4,0,Pacific
2021021136,San Jose Sharks,54,42.263636363636365,22.068181818181817,2,1,Pacific
2021021137,Boston Bruins,50,33.265853658536585,29.58780487804878,2,0,Atlantic
2021021137,Tampa Bay Lightning,53,33.07,32.415,1,1,Atlantic
2021021138,Buffalo Sabres,46,48.72727272727273,27.3,3,0,Atlantic
2021021138,Florida Panthers,66,30.60377358490566,34.198113207547166,4,1,Atlantic
2021021139,Carolina Hurricanes,54,42.68974358974359,30.805128205128206,1,1,Metropolitan
2021021139,New York Islanders,35,30.70689655172414,36.46206896551724,2,0,Metropolitan
2021021140,Minnesota Wild,60,32.54222222222222,29.71333333333333,3,0,Central
2021021140,St. Louis Blues,52,29.421212121212122,35.693939393939395,4,1,Central
2021021141,Colorado Avalanche,65,31.690384615384616,27.650000000000002,5,0,Central
2021021141,Winnipeg Jets,72,28.257407407407406,27.462962962962962,4,1,Central
2021021142,Montréal Canadiens,40,31.954545454545457,30.73939393939394,2,0,Atlantic
2021021142,Toronto Maple Leafs,76,31.122413793103448,28.439655172413794,3,1,Atlantic
2021021143,Columbus Blue Jackets,64,33.182,34.26,5,0,Metropolitan
2021021143,Detroit Red Wings,61,34.425,37.46590909090909,4,1,Atlantic
2021021144,New York Rangers,68,30.06530612244898,33.018367346938774,5,1,Metropolitan
2021021144,Ottawa Senators,34,34.090322580645164,32.58387096774194,1,0,Atlantic
2021021145,Anaheim Ducks,65,43.675000000000004,29.081249999999997,5,0,Pacific
2021021145,Philadelphia Flyers,56,38.77619047619048,31.873809523809523,3,1,Metropolitan
2021021146,Pittsburgh Penguins,74,29.107407407407408,35.35,3,1,Metropolitan
2021021146,Washington Capitals,66,36.50727272727273,30.55090909090909,6,0,Metropolitan
2021021147,New York Islanders,55,36.46875,28.847916666666666,1,0,Metropolitan
2021021147,St. Louis Blues,55,27.148936170212767,30.6,6,1,Central
2021021148,Florida Panthers,54,35.705714285714286,34.55142857142857,4,0,Atlantic
2021021148,Nashville Predators,60,35.839999999999996,28.4425,1,1,Central
2021021149,Dallas Stars,54,36.39777777777778,32.19777777777778,1,1,Central
2021021149,New Jersey Devils,40,32.21818181818182,36.77272727272727,3,0,Metropolitan
2021021150,Los Angeles Kings,65,34.84,25.244,3,0,Pacific
2021021150,Minnesota Wild,53,29.866666666666667,30.400000000000002,6,1,Central
2021021151,Colorado Avalanche,63,38.09814814814815,27.30925925925926,1,0,Central
2021021151,Edmonton Oilers,79,38.403278688524594,28.450819672131146,1,1,Pacific
2021021152,San Jose Sharks,58,37.51702127659574,23.05531914893617,2,0,Pacific
2021021152,Vancouver Canucks,74,31.50377358490566,32.10188679245283,4,1,Pacific
2021021153,Arizona Coyotes,53,32.935,31.79,1,0,Central
2021021153,Vegas Golden Knights,67,35.7,29.12156862745098,6,1,Pacific
2021021154,Calgary Flames,53,39.13953488372093,34.43255813953488,4,0,Pacific
2021021154,Seattle Kraken,54,37.49166666666667,25.675,1,1,Pacific
2021021155,Ottawa Senators,57,28.095454545454544,31.511363636363637,3,1,Atlantic
2021021155,Winnipeg Jets,43,31.643243243243244,28.505405405405405,4,0,Central
2021021156,Buffalo Sabres,49,36.12439024390244,25.77560975609756,0,0,Atlantic
2021021156,Tampa Bay Lightning,50,30.161538461538463,29.423076923076923,5,1,Atlantic
2021021157,Nashville Predators,66,34.584782608695654,27.867391304347827,2,0,Central
2021021157,Pittsburgh Penguins,59,33.25869565217391,32.55217391304348,3,1,Metropolitan
2021021158,Boston Bruins,71,29.180434782608696,29.64782608695652,2,0,Atlantic
2021021158,Washington Capitals,56,34.06170212765957,26.846808510638297,4,1,Metropolitan
2021021159,Anaheim Ducks,38,45.73870967741936,34.31935483870968,2,0,Pacific
2021021159,Carolina Hurricanes,73,33.307575757575755,32.807575757575755,5,1,Metropolitan
2021021160,Chicago Blackhawks,63,40.732,29.088,4,1,Central
2021021160,Dallas Stars,57,30.59512195121951,32.458536585365856,6,0,Central
2021021161,San Jose Sharks,65,37.731914893617024,30.091489361702127,1,1,Pacific
2021021161,Vegas Golden Knights,67,37.07142857142857,27.720408163265304,4,0,Pacific
2021021162,Montréal Canadiens,49,33.902857142857144,28.305714285714284,2,1,Atlantic
2021021162,Winnipeg Jets,57,40.19069767441861,32.883720930232556,4,0,Central
2021021163,Edmonton Oilers,61,43.795,28.5125,1,0,Pacific
2021021163,Minnesota Wild,39,36.163333333333334,23.480000000000004,5,1,Central
2021021164,Boston Bruins,66,41.96666666666667,26.529411764705884,2,1,Atlantic
2021021164,St. Louis Blues,43,31.845714285714283,27.034285714285716,4,0,Central
2021021165,Buffalo Sabres,51,37.214999999999996,28.645,5,0,Atlantic
2021021165,Toronto Maple Leafs,46,25.059375,35.734375,2,1,Atlantic
2021021166,Detroit Red Wings,47,36.415625,33.5625,1,1,Atlantic
2021021166,Ottawa Senators,52,30.929545454545455,32.63636363636363,4,0,Atlantic
2021021167,Anaheim Ducks,37,34.559375,32.89375,2,0,Pacific
2021021167,Florida Panthers,96,31.016,33.07066666666667,3,1,Atlantic
2021021168,Carolina Hurricanes,53,36.77368421052632,32.589473684210525,4,0,Metropolitan
2021021168,New York Rangers,53,30.59047619047619,39.54761904761905,2,1,Metropolitan
2021021169,Columbus Blue Jackets,69,29.416326530612245,30.510204081632654,3,0,Metropolitan
2021021169,Pittsburgh Penguins,74,35.53230769230769,29.09846153846154,5,1,Metropolitan
2021021170,Philadelphia Flyers,43,43.53448275862069,23.920689655172414,2,0,Metropolitan
2021021170,Washington Capitals,64,31.818367346938775,35.11224489795919,9,1,Metropolitan
2021021171,Chicago Blackhawks,65,29.310204081632655,31.428571428571427,4,1,Central
2021021171,San Jose Sharks,71,31.018367346938774,34.23469387755102,4,0,Pacific
2021021172,Edmonton Oilers,51,34.4525,33.08,4,0,Pacific
2021021172,Nashville Predators,49,30.50952380952381,34.24047619047619,0,1,Central
2021021173,Dallas Stars,58,33.797560975609755,25.534146341463416,1,1,Central
2021021173,Tampa Bay Lightning,56,29.76,29.15142857142857,0,0,Atlantic
2021021174,Calgary Flames,58,32.40256410256411,34.764102564102565,5,1,Pacific
2021021174,Seattle Kraken,41,29.38235294117647,28.194117647058825,3,0,Pacific
2021021175,Vancouver Canucks,42,31.724324324324325,29.386486486486486,5,1,Pacific
2021021175,Vegas Golden Knights,69,41.180701754385964,29.87017543859649,4,0,Pacific
2021021176,Arizona Coyotes,52,43.955263157894734,26.692105263157895,2,1,Central
2021021176,New Jersey Devils,64,28.892307692307693,28.476923076923075,6,0,Metropolitan
2021021177,New York Rangers,56,34.95909090909091,28.022727272727273,4,0,Metropolitan
2021021177,Philadelphia Flyers,54,39.00512820512821,25.492307692307694,0,1,Metropolitan
2021021178,Columbus Blue Jackets,64,37.48723404255319,32.706382978723404,5,1,Metropolitan
2021021178,Montréal Canadiens,48,33.955882352941174,33.220588235294116,1,0,Atlantic
2021021179,Seattle Kraken,53,29.27857142857143,25.478571428571428,3,0,Pacific
2021021179,Winnipeg Jets,48,27.833333333333336,31.70769230769231,4,1,Central
2021021180,Colorado Avalanche,63,39.824,32.742,9,1,Central
2021021180,Los Angeles Kings,56,39.332608695652176,31.45,3,0,Pacific
2021021181,Boston Bruins,62,35.69285714285714,33.50892857142857,2,1,Atlantic
2021021181,Ottawa Senators,51,30.13658536585366,29.91951219512195,3,0,Atlantic
2021021182,Buffalo Sabres,69,27.514285714285716,32.955357142857146,2,1,Atlantic
2021021182,St. Louis Blues,41,36.78648648648649,26.554054054054053,6,0,Central
2021021183,Toronto Maple Leafs,63,29.656,33.516,7,1,Atlantic
2021021183,Washington Capitals,47,33.588235294117645,32.35588235294117,3,0,Metropolitan
2021021184,Anaheim Ducks,47,26.1125,29.3125,3,0,Pacific
2021021184,Tampa Bay Lightning,62,33.062222222222225,26.94,4,1,Atlantic
2021021185,New York Islanders,68,37.340816326530614,26.630612244897957,3,0,Metropolitan
2021021185,Pittsburgh Penguins,49,31.467567567567567,31.243243243243242,6,1,Metropolitan
2021021186,Carolina Hurricanes,85,32.75810810810811,31.79054054054054,0,1,Metropolitan
2021021186,Detroit Red Wings,37,32.87,35.696666666666665,3,0,Atlantic
2021021187,Chicago Blackhawks,47,30.813333333333336,29.73,2,1,Central
2021021187,Los Angeles Kings,58,37.152272727272724,37.16136363636363,5,0,Pacific
2021021188,Nashville Predators,78,35.757627118644066,37.067796610169495,1,1,Central
2021021188,San Jose Sharks,44,36.23142857142857,31.545714285714286,0,0,Pacific
2021021189,Dallas Stars,61,36.24081632653061,30.224489795918366,2,1,Central
2021021189,Minnesota Wild,54,39.33157894736842,29.46842105263158,3,0,Central
2021021190,Colorado Avalanche,58,35.009523809523806,30.845238095238095,3,1,Central
2021021190,New Jersey Devils,57,42.60888888888889,32.84222222222222,1,0,Metropolitan
2021021191,Calgary Flames,62,32.85294117647059,31.57450980392157,1,1,Pacific
2021021191,Vegas Golden Knights,36,22.493333333333332,25.793333333333333,6,0,Pacific
2021021192,Arizona Coyotes,50,31.95625,24.125,1,0,Central
2021021192,Vancouver Canucks,52,30.895,28.435,7,1,Pacific
2021021193,Montréal Canadiens,89,39.81864406779661,32.85084745762712,0,1,Atlantic
2021021193,New York Islanders,39,32.24230769230769,35.16538461538462,3,0,Metropolitan
2021021194,Florida Panthers,55,35.41,23.926,6,1,Atlantic
2021021194,Winnipeg Jets,54,35.7325,28.28,1,0,Central
2021021195,Edmonton Oilers,63,37.19375,29.68125,4,1,Pacific
2021021195,Vegas Golden Knights,68,37.77843137254902,33.07843137254902,0,0,Pacific
2021021196,Boston Bruins,45,38.15428571428571,26.54,2,1,Atlantic
2021021196,Pittsburgh Penguins,41,42.777142857142856,34.11142857142857,1,0,Metropolitan
2021021197,Buffalo Sabres,53,31.264102564102565,34.743589743589745,4,1,Atlantic
2021021197,Philadelphia Flyers,35,38.66206896551724,32.148275862068964,3,0,Metropolitan
2021021198,Montréal Canadiens,55,40.54883720930233,30.427906976744186,4,1,Atlantic
2021021198,Washington Capitals,78,30.511666666666667,25.326666666666664,8,0,Metropolitan
2021021199,Ottawa Senators,52,39.06341463414634,36.014634146341464,4,1,Atlantic
2021021199,Toronto Maple Leafs,74,33.546551724137935,32.463793103448275,5,0,Atlantic
2021021200,Tampa Bay Lightning,57,32.45909090909091,25.711363636363636,7,1,Atlantic
2021021200,Winnipeg Jets,34,26.972,42.368,4,0,Central
2021021201,Detroit Red Wings,37,43.31785714285714,33.725,0,0,Atlantic
2021021201,New York Rangers,68,33.35660377358491,31.91320754716981,4,1,Metropolitan
2021021202,Minnesota Wild,56,28.095652173913045,33.8304347826087,5,0,Central
2021021202,St. Louis Blues,51,31.845,27.165,6,1,Central
2021021203,Chicago Blackhawks,47,35.09705882352941,26.641176470588235,3,0,Central
2021021203,Nashville Predators,59,32.15625,30.59583333333333,4,1,Central
2021021204,Dallas Stars,58,36.885,28.765,2,1,Central
2021021204,San Jose Sharks,48,36.59189189189189,35.88108108108108,1,0,Pacific
2021021205,Carolina Hurricanes,65,36.72888888888889,35.76888888888889,4,0,Metropolitan
2021021205,Colorado Avalanche,61,27.440425531914894,32.9936170212766,7,1,Central
2021021206,Arizona Coyotes,40,33.016666666666666,31.633333333333333,1,0,Central
2021021206,Calgary Flames,71,32.62105263157895,33.12105263157895,9,1,Pacific
2021021207,Edmonton Oilers,69,31.194000000000003,26.506,2,1,Pacific
2021021207,Vancouver Canucks,82,28.506153846153847,33.15384615384615,2,0,Pacific
2021021208,Columbus Blue Jackets,62,31.491666666666667,33.21388888888889,1,0,Metropolitan
2021021208,Los Angeles Kings,65,31.094545454545454,30.88909090909091,2,1,Pacific
2021021209,New Jersey Devils,64,34.22826086956522,31.05,3,0,Metropolitan
2021021209,Seattle Kraken,57,35.70232558139535,30.974418604651163,3,1,Pacific
2021021210,Detroit Red Wings,51,34.104651162790695,35.22325581395349,1,1,Atlantic
2021021210,Florida Panthers,59,33.81698113207547,32.00188679245283,6,0,Atlantic
2021021211,New York Islanders,47,36.38947368421053,23.763157894736842,1,1,Metropolitan
2021021211,Toronto Maple Leafs,42,28.057142857142857,28.285714285714285,3,0,Atlantic
2021021212,Buffalo Sabres,70,34.68518518518518,29.52037037037037,5,0,Atlantic
2021021212,Philadelphia Flyers,59,32.06,31.41777777777778,3,1,Metropolitan
2021021213,Nashville Predators,65,37.40943396226415,31.09056603773585,3,1,Central
2021021213,St. Louis Blues,52,31.03,29.849999999999998,8,0,Central
2021021214,Minnesota Wild,59,33.41707317073171,30.51707317073171,5,1,Central
2021021214,San Jose Sharks,51,48.31463414634146,26.121951219512194,4,0,Pacific
2021021215,Anaheim Ducks,52,30.682926829268293,34.639024390243904,6,1,Pacific
2021021215,Columbus Blue Jackets,62,39.39375,31.95,4,0,Metropolitan
2021021216,Colorado Avalanche,58,32.222857142857144,21.98,2,1,Central
2021021216,Washington Capitals,50,43.5945945945946,30.205405405405404,3,0,Metropolitan
2021021217,Dallas Stars,51,38.883783783783784,28.86756756756757,2,0,Central
2021021217,Vancouver Canucks,59,33.81458333333333,34.53958333333333,6,1,Pacific
2021021218,Arizona Coyotes,48,33.794444444444444,28.552777777777777,3,1,Central
2021021218,Carolina Hurricanes,76,34.90151515151515,26.931818181818183,5,0,Metropolitan
2021021219,New Jersey Devils,50,39.54705882352941,31.17058823529412,3,0,Metropolitan
2021021219,Vegas Golden Knights,91,33.082089552238806,31.088059701492536,2,1,Pacific
2021021220,Philadelphia Flyers,55,43.208510638297874,31.631914893617022,2,0,Metropolitan
2021021220,Toronto Maple Leafs,54,30.934146341463414,29.190243902439025,5,1,Atlantic
2021021221,Minnesota Wild,67,28.217777777777776,36.58222222222222,2,0,Central
2021021221,Montréal Canadiens,50,34.24722222222222,31.755555555555553,0,1,Atlantic
2021021222,Detroit Red Wings,56,30.444444444444443,30.61777777777778,4,0,Atlantic
2021021222,Tampa Bay Lightning,72,27.99137931034483,23.80862068965517,3,1,Atlantic
2021021223,Florida Panthers,76,29.978947368421053,27.87719298245614,3,0,Atlantic
2021021223,New York Islanders,45,30.74054054054054,32.72432432432433,2,1,Metropolitan
2021021224,New York Rangers,57,37.542857142857144,29.842857142857145,3,1,Metropolitan
2021021224,Winnipeg Jets,54,35.31,27.927500000000002,0,0,Central
2021021225,Boston Bruins,62,30.51224489795918,34.522448979591836,3,0,Atlantic
2021021225,St. Louis Blues,44,35.51935483870968,28.3,2,1,Central
2021021226,Anaheim Ducks,55,31.356756756756756,23.356756756756756,1,1,Pacific
2021021226,Los Angeles Kings,50,32.688372093023254,39.54883720930233,2,0,Pacific
2021021227,Columbus Blue Jackets,58,36.71463414634146,29.582926829268292,2,0,Metropolitan
2021021227,San Jose Sharks,48,29.81764705882353,27.923529411764704,3,1,Pacific
2021021228,Buffalo Sabres,41,42.36551724137931,26.375862068965517,1,1,Atlantic
2021021228,Ottawa Senators,55,35.15714285714286,24.75952380952381,3,0,Atlantic
2021021229,Dallas Stars,59,40.535714285714285,35.31428571428572,2,0,Central
2021021229,Edmonton Oilers,77,33.8484375,35.209375,5,1,Pacific
2021021230,Arizona Coyotes,58,37.787234042553195,30.44468085106383,3,1,Central
2021021230,Chicago Blackhawks,76,33.25593220338983,29.89491525423729,4,0,Central
2021021231,Vegas Golden Knights,63,37.24761904761905,25.61190476190476,4,1,Pacific
2021021231,Washington Capitals,48,37.26216216216216,33.15945945945946,3,0,Metropolitan
2021021232,Colorado Avalanche,63,39.47179487179487,31.097435897435897,2,0,Central
2021021232,Seattle Kraken,51,38.67,33.7525,3,1,Pacific
2021021233,Montréal Canadiens,63,30.06,29.14222222222222,3,1,Atlantic
2021021233,Philadelphia Flyers,58,36.335,32.395,6,0,Metropolitan
2021021234,Tampa Bay Lightning,68,27.938181818181818,26.965454545454545,8,1,Atlantic
2021021234,Toronto Maple Leafs,61,29.095454545454547,31.863636363636363,1,0,Atlantic
2021021235,Detroit Red Wings,50,36.13142857142857,31.365714285714287,2,0,Atlantic
2021021235,Florida Panthers,57,32.89722222222222,30.155555555555555,5,1,Atlantic
2021021236,Buffalo Sabres,41,36.173529411764704,22.95,5,0,Atlantic
2021021236,New Jersey Devils,57,35.92127659574468,30.58936170212766,2,1,Metropolitan
2021021237,New York Islanders,50,31.7125,29.945,3,1,Metropolitan
2021021237,New York Rangers,42,28.93448275862069,31.544827586206896,6,0,Metropolitan
2021021238,Boston Bruins,78,37.159375,28.8171875,0,0,Atlantic
2021021238,Pittsburgh Penguins,55,44.725531914893615,24.665957446808513,4,1,Metropolitan
2021021239,Carolina Hurricanes,78,34.46911764705882,25.30735294117647,4,1,Metropolitan
2021021239,Winnipeg Jets,37,28.932258064516127,33.561290322580646,2,0,Central
2021021240,Minnesota Wild,52,38.04761904761905,29.264285714285716,6,1,Central
2021021240,Vancouver Canucks,50,35.578947368421055,28.818421052631578,3,0,Pacific
2021021241,Calgary Flames,62,39.469811320754715,37.10754716981132,4,1,Pacific
2021021241,Dallas Stars,42,32.20882352941177,35.94705882352941,2,0,Central
2021021242,Chicago Blackhawks,33,35.38181818181818,34.43181818181818,1,0,Central
2021021242,Los Angeles Kings,77,33.87924528301887,32.09433962264151,4,1,Pacific
2021021243,San Jose Sharks,32,47.58076923076923,25.973076923076924,1,1,Pacific
2021021243,St. Louis Blues,49,34.71111111111111,23.641666666666666,3,0,Central
2021021244,Columbus Blue Jackets,63,32.052,35.146,1,1,Metropolitan
2021021244,Ottawa Senators,63,31.962222222222223,29.302222222222223,1,0,Atlantic
2021021245,Minnesota Wild,51,28.646341463414632,29.10487804878049,6,1,Central
2021021245,Seattle Kraken,52,43.85945945945946,31.02972972972973,3,0,Pacific
2021021246,Colorado Avalanche,68,33.944,30.298000000000002,3,0,Central
2021021246,Edmonton Oilers,49,41.28857142857143,23.01142857142857,6,1,Pacific
2021021247,Arizona Coyotes,34,34.676,27.828,0,1,Central
2021021247,Washington Capitals,59,39.87872340425532,23.759574468085106,2,0,Metropolitan
2021021248,Boston Bruins,61,34.356818181818184,23.711363636363636,3,1,Atlantic
2021021248,New York Rangers,46,35.98571428571429,28.80857142857143,1,0,Metropolitan
2021021249,Buffalo Sabres,58,32.62291666666667,27.993750000000002,5,1,Atlantic
2021021249,New York Islanders,36,33.85769230769231,28.44230769230769,3,0,Metropolitan
2021021250,Montréal Canadiens,66,33.40377358490566,31.203773584905658,4,0,Atlantic
2021021250,Ottawa Senators,52,32.02,33.83,6,1,Atlantic
2021021251,Detroit Red Wings,42,40.590322580645164,35.35806451612903,2,1,Atlantic
2021021251,Pittsburgh Penguins,59,26.89,37.196,7,0,Metropolitan
2021021252,Nashville Predators,49,32.17058823529412,26.88529411764706,2,0,Central
2021021252,Tampa Bay Lightning,67,30.843396226415095,26.247169811320756,6,1,Atlantic
2021021253,Florida Panthers,53,33.1219512195122,32.65121951219512,3,1,Atlantic
2021021253,Toronto Maple Leafs,66,31.444,27.18,2,0,Atlantic
2021021254,Carolina Hurricanes,60,38.74666666666666,26.8,3,0,Metropolitan
2021021254,New Jersey Devils,37,40.803703703703704,32.21111111111111,2,1,Metropolitan
2021021255,Dallas Stars,59,33.98571428571429,29.85952380952381,3,1,Central
2021021255,Seattle Kraken,64,37.044,36.054,2,0,Pacific
2021021256,Calgary Flames,64,35.76734693877551,27.00204081632653,6,1,Pacific
2021021256,Vancouver Canucks,46,41.305,31.1125,3,0,Pacific
2021021257,Arizona Coyotes,37,28.8875,34.2375,4,1,Central
2021021257,St. Louis Blues,55,26.681818181818183,29.936363636363634,5,0,Central
2021021258,Anaheim Ducks,40,40.675,27.414285714285715,2,0,Pacific
2021021258,Los Angeles Kings,64,31.775,28.615384615384617,4,1,Pacific
2021021259,Chicago Blackhawks,54,41.01025641025641,21.95641025641026,1,0,Central
2021021259,San Jose Sharks,36,38.07586206896552,31.341379310344827,4,1,Pacific
2021021260,Florida Panthers,79,31.887931034482758,33.036206896551725,4,1,Atlantic
2021021260,Tampa Bay Lightning,59,29.36304347826087,32.17391304347826,8,0,Atlantic
2021021261,Detroit Red Wings,43,31.576470588235292,24.520588235294117,3,0,Atlantic
2021021261,New Jersey Devils,38,32.89393939393939,28.509090909090908,0,1,Metropolitan
2021021262,Carolina Hurricanes,58,45.28541666666666,31.133333333333333,5,0,Metropolitan
2021021262,New York Islanders,47,36.31081081081081,30.91891891891892,2,1,Metropolitan
2021021263,Boston Bruins,60,28.959574468085105,33.54255319148936,1,0,Atlantic
2021021263,New York Rangers,68,30.145454545454545,35.57454545454545,1,1,Metropolitan
2021021264,Philadelphia Flyers,65,38.39387755102041,31.320408163265306,4,1,Metropolitan
2021021264,Pittsburgh Penguins,71,41.746153846153845,27.578846153846154,1,0,Metropolitan
2021021265,Toronto Maple Leafs,57,33.06808510638298,26.236170212765956,3,0,Atlantic
2021021265,Washington Capitals,78,35.070689655172416,27.670689655172414,3,1,Metropolitan
2021021266,Columbus Blue Jackets,51,36.69024390243902,25.204878048780486,5,1,Metropolitan
2021021266,Edmonton Oilers,56,36.11304347826087,25.62391304347826,2,0,Pacific
2021021267,Minnesota Wild,79,30.370967741935484,31.524193548387096,5,0,Central
2021021267,Nashville Predators,48,27.63421052631579,30.705263157894738,4,1,Central
2021021268,Colorado Avalanche,67,37.86875,26.860416666666666,1,0,Central
2021021268,Winnipeg Jets,70,33.69047619047619,26.317460317460316,4,1,Central
2021021269,San Jose Sharks,63,42.35510204081633,30.867346938775512,4,0,Pacific
2021021269,Vegas Golden Knights,87,34.18852459016394,28.937704918032786,4,1,Pacific
2021021270,Anaheim Ducks,36,33.67241379310345,30.962068965517243,3,1,Pacific
2021021270,St. Louis Blues,60,25.961224489795917,32.714285714285715,6,0,Central
2021021271,Chicago Blackhawks,58,29.976744186046513,29.33953488372093,3,1,Central
2021021271,Philadelphia Flyers,60,29.16808510638298,39.57021276595744,1,0,Metropolitan
2021021272,Boston Bruins,59,31.857407407407408,30.246296296296297,4,1,Atlantic
2021021272,Florida Panthers,45,38.03636363636364,29.227272727272727,2,0,Atlantic
2021021273,Buffalo Sabres,56,39.06410256410256,26.620512820512822,0,0,Atlantic
2021021273,Montréal Canadiens,45,38.992105263157896,32.93684210526316,4,1,Atlantic
2021021274,New Jersey Devils,64,38.236170212765956,34.57446808510638,4,0,Metropolitan
2021021274,Ottawa Senators,52,29.71818181818182,32.143181818181816,5,1,Atlantic
2021021275,Detroit Red Wings,50,38.986046511627904,39.723255813953486,7,1,Atlantic
2021021275,Toronto Maple Leafs,61,32.806666666666665,29.75111111111111,10,0,Atlantic
2021021276,Columbus Blue Jackets,63,29.50263157894737,29.50263157894737,1,0,Metropolitan
2021021276,Tampa Bay Lightning,45,33.64594594594595,29.018918918918917,4,1,Atlantic
2021021277,Carolina Hurricanes,58,37.476,31.494,4,0,Metropolitan
2021021277,New York Rangers,50,32.58974358974359,37.52564102564103,3,1,Metropolitan
2021021278,Edmonton Oilers,64,36.11730769230769,34.9,5,0,Pacific
2021021278,Pittsburgh Penguins,59,35.68048780487805,26.93170731707317,1,1,Metropolitan
2021021279,New York Islanders,50,34.25526315789474,28.99473684210526,4,0,Metropolitan
2021021279,Washington Capitals,65,38.143750000000004,29.708333333333332,1,1,Metropolitan
2021021280,Calgary Flames,75,36.935087719298245,32.97017543859649,5,0,Pacific
2021021280,Nashville Predators,46,36.821875,34.978125,4,1,Central
2021021281,Dallas Stars,70,32.38478260869565,28.16086956521739,2,1,Central
2021021281,Vegas Golden Knights,77,30.243396226415094,34.926415094339625,2,0,Pacific
2021021282,Arizona Coyotes,52,35.410000000000004,26.875,5,0,Central
2021021282,Minnesota Wild,71,36.86862745098039,34.205882352941174,3,1,Central
2021021283,Colorado Avalanche,75,41.658928571428575,24.485714285714284,5,1,Central
2021021283,St. Louis Blues,59,33.315,30.8475,3,0,Central
2021021284,Seattle Kraken,61,29.691304347826087,30.378260869565217,2,0,Pacific
2021021284,Vancouver Canucks,45,33.03142857142857,34.40571428571428,5,1,Pacific
2021021285,Anaheim Ducks,52,33.241025641025644,28.97179487179487,5,0,Pacific
2021021285,San Jose Sharks,69,36.247058823529414,23.611764705882354,2,1,Pacific
2021021286,Chicago Blackhawks,71,27.083928571428572,37.65714285714286,3,1,Central
2021021286,Vegas Golden Knights,77,36.554098360655736,34.03770491803279,3,0,Pacific
2021021287,Arizona Coyotes,52,26.819565217391304,36.44130434782609,4,0,Central
2021021287,Dallas Stars,69,29.274074074074075,32.964814814814815,3,1,Central
2021021288,Philadelphia Flyers,63,38.486666666666665,23.95111111111111,0,0,Metropolitan
2021021288,Winnipeg Jets,50,31.679545454545455,25.736363636363638,4,1,Central
2021021289,Los Angeles Kings,53,35.3275,34.4975,5,0,Pacific
2021021289,Seattle Kraken,71,38.95892857142857,31.657142857142855,3,1,Pacific
2021021290,Boston Bruins,43,30.994871794871795,22.864102564102566,5,1,Atlantic
2021021290,Buffalo Sabres,62,41.40222222222222,25.36888888888889,0,0,Atlantic
2021021291,Florida Panthers,52,28.880487804878047,30.573170731707318,4,0,Atlantic
2021021291,Ottawa Senators,54,32.32432432432432,27.170270270270272,0,1,Atlantic
2021021292,New York Islanders,64,29.58627450980392,34.056862745098044,4,1,Metropolitan
2021021292,Tampa Bay Lightning,60,30.102083333333333,23.2875,6,0,Atlantic
2021021293,Columbus Blue Jackets,50,33.55128205128205,28.817948717948717,5,0,Metropolitan
2021021293,Washington Capitals,67,34.320408163265306,31.610204081632652,4,1,Metropolitan
2021021294,Carolina Hurricanes,62,33.875,31.53846153846154,6,1,Metropolitan
2021021294,New Jersey Devils,54,33.4225,28.5525,3,0,Metropolitan
2021021295,Calgary Flames,56,48.13809523809524,24.045238095238094,2,0,Pacific
2021021295,Minnesota Wild,46,42.851282051282055,25.03076923076923,3,1,Central
2021021296,Colorado Avalanche,76,31.711290322580645,32.737096774193546,4,1,Central
2021021296,Nashville Predators,64,37.83846153846154,29.073076923076922,4,0,Central
2021021297,Edmonton Oilers,66,31.032,25.381999999999998,5,1,Pacific
2021021297,San Jose Sharks,78,28.888524590163936,29.191803278688525,4,0,Pacific
2021021298,Buffalo Sabres,60,37.271153846153844,27.97692307692308,3,1,Atlantic
2021021298,Chicago Blackhawks,32,36.241379310344826,24.717241379310344,2,0,Central
2021021299,Boston Bruins,46,36.51842105263158,33.01052631578948,2,0,Atlantic
2021021299,Toronto Maple Leafs,45,34.740625,18.1125,5,1,Atlantic
2021021300,Florida Panthers,73,36.23921568627451,27.847058823529412,2,0,Atlantic
2021021300,Montréal Canadiens,56,28.71086956521739,29.471739130434784,10,1,Atlantic
2021021301,Detroit Red Wings,58,44.78541666666667,22.96666666666667,5,0,Atlantic
2021021301,New Jersey Devils,49,35.18064516129032,26.009677419354837,3,1,Metropolitan
2021021302,New York Rangers,52,36.72666666666667,35.14222222222222,3,1,Metropolitan
2021021302,Washington Capitals,65,35.59795918367347,29.90612244897959,2,0,Metropolitan
2021021303,Ottawa Senators,58,39.804545454545455,29.804545454545455,4,0,Atlantic
2021021303,Philadelphia Flyers,57,26.889130434782608,34.99782608695652,2,1,Metropolitan
2021021304,Carolina Hurricanes,45,39.29,24.665,4,0,Metropolitan
2021021304,Pittsburgh Penguins,53,33.64888888888889,30.662222222222223,3,1,Metropolitan
2021021305,Columbus Blue Jackets,59,39.44509803921569,31.32156862745098,5,1,Metropolitan
2021021305,Tampa Bay Lightning,49,33.992105263157896,33.386842105263156,2,0,Atlantic
2021021306,St. Louis Blues,45,26.572727272727274,33.442424242424245,4,1,Central
2021021306,Vegas Golden Knights,75,34.162295081967216,27.054098360655736,7,0,Pacific
2021021307,Anaheim Ducks,45,35.071875,35.821875,2,0,Pacific
2021021307,Dallas Stars,47,42.6,22.784848484848485,4,1,Central
2021021308,Colorado Avalanche,56,41.31219512195122,26.702439024390245,1,0,Central
2021021308,Minnesota Wild,46,38.20882352941177,27.973529411764705,4,1,Central
2021021309,Calgary Flames,56,42.49777777777778,29.284444444444446,1,0,Pacific
2021021309,Winnipeg Jets,76,37.38666666666666,23.793333333333333,3,1,Central
2021021310,Los Angeles Kings,54,30.814893617021276,27.208510638297874,2,0,Pacific
2021021310,Vancouver Canucks,70,30.932608695652174,26.708695652173912,3,1,Pacific
2021021311,Arizona Coyotes,52,36.334210526315786,36.67894736842105,5,1,Central
2021021311,Nashville Predators,71,36.66428571428571,32.23571428571429,4,0,Central
2021021312,San Jose Sharks,42,42.3375,32.103125,0,0,Pacific
2021021312,Seattle Kraken,64,35.562222222222225,34.64222222222222,3,1,Pacific
2021030111,Florida Panthers,59,42.06382978723404,33.18723404255319,2,1,Atlantic
2021030111,Washington Capitals,61,35.774,30.009999999999998,4,0,Metropolitan
2021030112,Florida Panthers,68,31.719148936170214,29.336170212765957,5,1,Atlantic
2021030112,Washington Capitals,50,34.9054054054054,36.58378378378379,1,0,Metropolitan
2021030113,Florida Panthers,65,35.89411764705882,31.233333333333334,1,0,Atlantic
2021030113,Washington Capitals,51,35.41025641025641,34.48205128205128,6,1,Metropolitan
2021030114,Florida Panthers,73,33.148979591836735,32.78163265306122,3,0,Atlantic
2021030114,Washington Capitals,37,37.98518518518519,35.12592592592593,2,1,Metropolitan
2021030115,Florida Panthers,64,29.934615384615384,31.046153846153846,5,1,Atlantic
2021030115,Washington Capitals,55,26.833333333333332,30.828888888888887,3,0,Metropolitan
2021030116,Florida Panthers,55,34.7375,38.480000000000004,4,0,Atlantic
2021030116,Washington Capitals,68,37.1,33.99387755102041,3,1,Metropolitan
2021030121,Tampa Bay Lightning,62,34.75555555555555,35.208333333333336,0,0,Atlantic
2021030121,Toronto Maple Leafs,56,34.26521739130435,29.55,5,1,Atlantic
2021030122,Tampa Bay Lightning,53,37.208888888888886,27.844444444444445,5,0,Atlantic
2021030122,Toronto Maple Leafs,65,35.675,28.53125,3,1,Atlantic
2021030123,Tampa Bay Lightning,60,33.532558139534885,28.327906976744185,2,1,Atlantic
2021030123,Toronto Maple Leafs,55,33,29.006521739130434,5,0,Atlantic
2021030124,Tampa Bay Lightning,61,30.0075,29.17,7,1,Atlantic
2021030124,Toronto Maple Leafs,41,33.38787878787879,38.121212121212125,3,0,Atlantic
2021030125,Tampa Bay Lightning,47,39.08,26.45,3,0,Atlantic
2021030125,Toronto Maple Leafs,58,37.12380952380953,22.49047619047619,4,1,Atlantic
2021030126,Tampa Bay Lightning,69,36.90625,29.297916666666666,4,1,Atlantic
2021030126,Toronto Maple Leafs,70,28.316326530612244,32.80204081632653,3,0,Atlantic
2021030127,Tampa Bay Lightning,45,28.659375,29.759375,2,0,Atlantic
2021030127,Toronto Maple Leafs,74,31.162499999999998,33.52708333333333,1,1,Atlantic
2021030131,Boston Bruins,66,36.458,33.312,1,0,Atlantic
2021030131,Carolina Hurricanes,60,34.95813953488372,32.18604651162791,5,1,Metropolitan
2021030132,Boston Bruins,66,38.98888888888889,35.166666666666664,2,0,Atlantic
2021030132,Carolina Hurricanes,55,42.571111111111115,27.984444444444442,5,1,Metropolitan
2021030133,Boston Bruins,57,40.18222222222222,28.50888888888889,4,1,Atlantic
2021030133,Carolina Hurricanes,64,47.808571428571426,27.802857142857142,2,0,Metropolitan
2021030134,Boston Bruins,48,31.423809523809524,34.542857142857144,5,1,Atlantic
2021030134,Carolina Hurricanes,55,34.0075,30.5425,2,0,Metropolitan
2021030135,Boston Bruins,67,38.94565217391305,36.52608695652174,1,0,Atlantic
2021030135,Carolina Hurricanes,76,36.06785714285714,30.54642857142857,5,1,Metropolitan
2021030136,Boston Bruins,63,35.693333333333335,35.43555555555555,5,1,Atlantic
2021030136,Carolina Hurricanes,56,33.65,29.277272727272727,2,0,Metropolitan
2021030137,Boston Bruins,57,36.77209302325581,38.269767441860466,2,0,Atlantic
2021030137,Carolina Hurricanes,65,44.09795918367347,27.4,3,1,Metropolitan
2021030141,New York Rangers,98,42.32857142857143,36.02987012987013,3,1,Metropolitan
2021030141,Pittsburgh Penguins,143,34.03392857142857,33.97142857142857,4,0,Metropolitan
2021030142,New York Rangers,72,38.28,32.445,5,1,Metropolitan
2021030142,Pittsburgh Penguins,68,31.474999999999998,36.70166666666667,2,0,Metropolitan
2021030143,New York Rangers,68,33.02264150943396,24.7188679245283,4,0,Metropolitan
2021030143,Pittsburgh Penguins,62,33.89811320754717,29.815094339622643,7,1,Metropolitan
2021030144,New York Rangers,50,40.9375,29.95,2,0,Metropolitan
2021030144,Pittsburgh Penguins,62,30.223076923076924,31.56153846153846,7,1,Metropolitan
2021030145,New York Rangers,65,35.541304347826085,36.154347826086955,5,1,Metropolitan
2021030145,Pittsburgh Penguins,57,32.513333333333335,37.2,3,0,Metropolitan
2021030146,New York Rangers,61,38.275510204081634,30.914285714285715,5,0,Metropolitan
2021030146,Pittsburgh Penguins,63,35.41489361702128,39.56382978723404,3,1,Metropolitan
2021030147,New York Rangers,67,39.238297872340425,32.84468085106383,4,1,Metropolitan
2021030147,Pittsburgh Penguins,69,33.18235294117647,30.91372549019608,3,0,Metropolitan
2021030151,Colorado Avalanche,85,37.334426229508196,32.5672131147541,7,1,Central
2021030151,Nashville Predators,43,31.838709677419356,34.99032258064516,2,0,Central
2021030152,Colorado Avalanche,103,33.914492753623186,31.1768115942029,2,1,Central
2021030152,Nashville Predators,45,38.808571428571426,29.414285714285715,1,0,Central
2021030153,Colorado Avalanche,76,39.24285714285714,28.60535714285714,7,0,Central
2021030153,Nashville Predators,62,36.81707317073171,35.50243902439024,3,1,Central
2021030154,Colorado Avalanche,61,42.03260869565217,27.10217391304348,5,0,Central
2021030154,Nashville Predators,56,39.625,30.011111111111113,3,1,Central
2021030161,Minnesota Wild,70,34.50188679245283,34.388679245283015,0,1,Central
2021030161,St. Louis Blues,42,31.416666666666664,34.18888888888889,4,0,Central
2021030162,Minnesota Wild,46,45.25555555555555,30.352777777777778,6,1,Central
2021030162,St. Louis Blues,66,43.87391304347826,28.167391304347827,2,0,Central
2021030163,Minnesota Wild,57,29.867391304347827,34.09782608695652,5,0,Central
2021030163,St. Louis Blues,61,32.33953488372093,34.39767441860465,1,1,Central
2021030164,Minnesota Wild,60,30.536,33.232,2,0,Central
2021030164,St. Louis Blues,60,36.38666666666667,24.868888888888886,5,1,Central
2021030165,Minnesota Wild,70,39.1265306122449,34.36734693877551,2,1,Central
2021030165,St. Louis Blues,61,38.73863636363637,31.870454545454546,5,0,Central
2021030166,Minnesota Wild,52,35.6025,26.3775,1,0,Central
2021030166,St. Louis Blues,41,40.26176470588235,33.36470588235294,5,1,Central
2021030171,Calgary Flames,53,45.87179487179487,29.72820512820513,1,1,Pacific
2021030171,Dallas Stars,38,42.63448275862069,21.631034482758622,0,0,Central
2021030172,Calgary Flames,65,36.94444444444444,31.92888888888889,0,1,Pacific
2021030172,Dallas Stars,34,36.15862068965517,27.3,2,0,Central
2021030173,Calgary Flames,80,33.80833333333333,29.55666666666667,2,0,Pacific
2021030173,Dallas Stars,63,35.76052631578948,25.878947368421052,4,1,Central
2021030174,Calgary Flames,101,33.007894736842104,34.392105263157895,4,0,Pacific
2021030174,Dallas Stars,62,36.41,32.438,1,1,Central
2021030175,Calgary Flames,65,43.74313725490196,25.805882352941175,3,1,Pacific
2021030175,Dallas Stars,39,35.145714285714284,32.92285714285714,1,0,Central
2021030176,Calgary Flames,71,38.92156862745098,33.188235294117646,2,0,Pacific
2021030176,Dallas Stars,71,38.15,34.42037037037037,4,1,Central
2021030177,Calgary Flames,134,36.35588235294118,29.056862745098037,3,1,Pacific
2021030177,Dallas Stars,59,35.43043478260869,27.484782608695653,2,0,Central
2021030181,Edmonton Oilers,71,31.533333333333335,31.464583333333334,3,1,Pacific
2021030181,Los Angeles Kings,66,34.50625,30.989583333333332,4,0,Pacific
2021030182,Edmonton Oilers,73,32.55,40.169642857142854,6,1,Pacific
2021030182,Los Angeles Kings,50,35.2725,37.6,0,0,Pacific
2021030183,Edmonton Oilers,71,30.937037037037037,30.575925925925926,8,0,Pacific
2021030183,Los Angeles Kings,83,36.22857142857143,33.284126984126985,2,1,Pacific
2021030184,Edmonton Oilers,69,30.128,34.824,0,0,Pacific
2021030184,Los Angeles Kings,74,32.27741935483871,34.648387096774194,4,1,Pacific
2021030185,Edmonton Oilers,66,31.28611111111111,31.27777777777778,4,1,Pacific
2021030185,Los Angeles Kings,71,28.758928571428573,36.128571428571426,5,0,Pacific
2021030186,Edmonton Oilers,64,32.99607843137255,37.976470588235294,4,0,Pacific
2021030186,Los Angeles Kings,62,34.643750000000004,37.53541666666667,2,1,Pacific
2021030187,Edmonton Oilers,80,34.76101694915254,26.396610169491524,2,1,Pacific
2021030187,Los Angeles Kings,64,43.27105263157895,34.44210526315789,0,0,Pacific
2021030211,Florida Panthers,67,34.101960784313725,27.507843137254902,1,1,Atlantic
2021030211,Tampa Bay Lightning,52,34.2390243902439,28.94878048780488,4,0,Atlantic
2021030212,Florida Panthers,75,35.245098039215684,27.43137254901961,1,1,Atlantic
2021030212,Tampa Bay Lightning,53,44.92307692307692,24.817948717948717,2,0,Atlantic
2021030213,Florida Panthers,69,34.584,25.206,1,0,Atlantic
2021030213,Tampa Bay Lightning,58,35.97083333333333,27.722916666666666,5,1,Atlantic
2021030214,Florida Panthers,82,33.45,31.639062499999998,0,0,Atlantic
2021030214,Tampa Bay Lightning,48,27.846153846153847,24.52820512820513,2,1,Atlantic
2021030221,Carolina Hurricanes,66,31.604166666666668,36.447916666666664,2,1,Metropolitan
2021030221,New York Rangers,55,32.34047619047619,39.55,1,0,Metropolitan
2021030222,Carolina Hurricanes,53,44.16315789473684,24.989473684210527,2,1,Metropolitan
2021030222,New York Rangers,58,41.86176470588235,28.608823529411765,0,0,Metropolitan
2021030223,Carolina Hurricanes,75,30.729310344827585,29.913793103448278,1,0,Metropolitan
2021030223,New York Rangers,56,36.88260869565217,37.94130434782609,3,1,Metropolitan
2021030224,Carolina Hurricanes,54,40.295121951219514,26.89512195121951,1,0,Metropolitan
2021030224,New York Rangers,47,35.10857142857143,35.00857142857143,4,1,Metropolitan
2021030225,Carolina Hurricanes,69,34.90416666666667,29.466666666666665,3,1,Metropolitan
2021030225,New York Rangers,50,38.14193548387097,34.24516129032258,1,0,Metropolitan
2021030226,Carolina Hurricanes,70,31.363829787234046,26.534042553191487,2,0,Metropolitan
2021030226,New York Rangers,54,31.2825,33.7625,5,1,Metropolitan
2021030227,Carolina Hurricanes,82,31.29824561403509,31.42280701754386,2,1,Metropolitan
2021030227,New York Rangers,46,31.642105263157895,33.0921052631579,6,0,Metropolitan
2021030231,Colorado Avalanche,106,38.30126582278481,28.526582278481012,3,1,Central
2021030231,St. Louis Blues,45,46.971875,33.1375,2,0,Central
2021030232,Colorado Avalanche,60,43.93571428571428,33.81904761904762,1,1,Central
2021030232,St. Louis Blues,46,42.260975609756095,28.736585365853657,4,0,Central
2021030233,Colorado Avalanche,51,32.09756097560975,29.890243902439025,5,0,Central
2021030233,St. Louis Blues,54,31.085365853658537,32.014634146341464,2,1,Central
2021030234,Colorado Avalanche,68,42.037254901960786,31.454901960784312,6,0,Central
2021030234,St. Louis Blues,43,35.24193548387097,31.635483870967743,3,1,Central
2021030235,Colorado Avalanche,58,33.69111111111111,36.09111111111111,4,1,Central
2021030235,St. Louis Blues,58,33.72222222222222,35.46666666666667,5,0,Central
2021030236,Colorado Avalanche,68,30.014814814814816,31.788888888888888,3,0,Central
2021030236,St. Louis Blues,37,33.376666666666665,32.42666666666666,2,1,Central
2021030241,Calgary Flames,77,35.10952380952381,30.81904761904762,9,1,Pacific
2021030241,Edmonton Oilers,45,35.34722222222222,34.669444444444444,6,0,Pacific
2021030242,Calgary Flames,75,37.439655172413794,33.5551724137931,3,1,Pacific
2021030242,Edmonton Oilers,68,39.61272727272727,23.630909090909093,5,0,Pacific
2021030243,Calgary Flames,66,32.94166666666667,32.225,1,0,Pacific
2021030243,Edmonton Oilers,59,31.352830188679246,30.269811320754716,4,1,Pacific
2021030244,Calgary Flames,76,43.64339622641509,30.10188679245283,3,0,Pacific
2021030244,Edmonton Oilers,42,26.141935483870967,36.23225806451613,5,1,Pacific
2021030245,Calgary Flames,69,28.866,37.284,4,1,Pacific
2021030245,Edmonton Oilers,66,35.51698113207547,31.41509433962264,5,0,Pacific
2021030311,New York Rangers,60,40.60666666666667,30.39777777777778,6,1,Metropolitan
2021030311,Tampa Bay Lightning,65,29.740384615384617,29.528846153846153,2,0,Atlantic
2021030312,New York Rangers,55,27.242105263157896,38.77894736842105,3,1,Metropolitan
2021030312,Tampa Bay Lightning,56,35.61052631578947,32.43157894736842,2,0,Atlantic
2021030313,New York Rangers,51,34.74523809523809,28.361904761904764,2,0,Metropolitan
2021030313,Tampa Bay Lightning,86,36.43731343283582,30.623880597014924,3,1,Atlantic
2021030314,New York Rangers,63,43.836956521739125,30.984782608695653,1,0,Metropolitan
2021030314,Tampa Bay Lightning,61,36.236,24.422,4,1,Atlantic
2021030315,New York Rangers,47,33.051515151515154,37.8969696969697,1,1,Metropolitan
2021030315,Tampa Bay Lightning,54,34.075675675675676,26.289189189189187,3,0,Atlantic
2021030316,New York Rangers,45,35.71785714285714,33.19642857142857,1,0,Metropolitan
2021030316,Tampa Bay Lightning,64,36.571739130434786,29.432608695652174,2,1,Atlantic
2021030321,Colorado Avalanche,78,32.596825396825395,35.661904761904765,8,1,Central
2021030321,Edmonton Oilers,72,34.11960784313725,32.09607843137255,6,0,Pacific
2021030322,Colorado Avalanche,70,33.753571428571426,34.78214285714286,4,1,Central
2021030322,Edmonton Oilers,48,42.7125,36.996874999999996,0,0,Pacific
2021030323,Colorado Avalanche,58,36.52156862745098,30.870588235294118,4,0,Central
2021030323,Edmonton Oilers,56,37.53720930232558,24.346511627906978,2,1,Pacific
2021030324,Colorado Avalanche,64,35.04259259259259,34.04259259259259,6,0,Central
2021030324,Edmonton Oilers,73,33.25192307692308,30.39423076923077,5,1,Pacific
2021030411,Colorado Avalanche,79,39.37592592592593,30.757407407407406,4,1,Central
2021030411,Tampa Bay Lightning,60,45.76470588235294,31.723529411764705,3,0,Atlantic
2021030412,Colorado Avalanche,60,33.137499999999996,27.805,7,1,Central
2021030412,Tampa Bay Lightning,29,50.25,27.045,0,0,Atlantic
2021030413,Colorado Avalanche,79,34.11153846153846,29.66923076923077,2,0,Central
2021030413,Tampa Bay Lightning,58,36.23695652173913,23.678260869565218,6,1,Atlantic
2021030414,Colorado Avalanche,90,37.667857142857144,26.933928571428574,3,0,Central
2021030414,Tampa Bay Lightning,68,34.704255319148935,32.259574468085106,2,1,Atlantic
2021030415,Colorado Avalanche,62,35.48510638297872,31.01063829787234,2,1,Central
2021030415,Tampa Bay Lightning,61,40.50666666666667,33.41777777777778,3,0,Atlantic
2021030416,Colorado Avalanche,65,34.67391304347826,26.77173913043478,2,0,Central
2021030416,Tampa Bay Lightning,51,42.55625,24.525000000000002,1,1,Atlantic
